type,id,date,user,pc,to,cc,bcc,from,size,attachments,content
email,{W8B1-Q0CY84JU-2851JCHL},11/16/2010 08:00:34,DRR0162,PC-5168,GKP3@northropgrumman.com,Dante.Raja.Roberts@dtaa.com,,Dante.Raja.Roberts@dtaa.com,30106,0,management skills resume expert multiple recruiter engineer job people salary opening initiative analyze permanent report growth industry hours on-time interface engineer develop multiple platform on-line responsibilities dynamic resume required opening hours sales years platform years dynamic strong skills industry analyze guidance compensation growth compensation degree team customer multitask equivalent expert
email,{U9X7-I4VP32IZ-9738ZKDS},11/16/2010 15:40:04,DRR0162,PC-5168,GKP3@northropgrumman.com,,Dante.Raja.Roberts@dtaa.com,Dante.Raja.Roberts@dtaa.com,33221,0,equivalent permanent permanent strong develop develop starter opening people required management start develop process team report years contribute dynamic concepts initiative experience develop resume years people starter multitask dynamic required on-time
email,{P9H4-B4EZ57BQ-6792MJLP},11/22/2010 11:14:24,DRR0162,PC-5168,GKP3@northropgrumman.com,,Dante.Raja.Roberts@dtaa.com,Dante.Raja.Roberts@dtaa.com,25284,0,technologies equivalent required growth skills people resume people technologies benefits strong degree responsibilities dynamic platform sales benefits people degree growth report strong team equivalent degree skills team multiple management job multiple equivalent interface responsibilities compensation resume customer responsibilities team report part-time interface growth on-time years guidance required technologies dynamic contribute contribute passion years passion hours salary technologies report team
email,{R9M5-W6SB54CX-6077BKXS},11/24/2010 09:39:09,DRR0162,PC-5168,GKP3@northropgrumman.com,Dante.Raja.Roberts@dtaa.com,,Dante.Raja.Roberts@dtaa.com,51820,3,team job concepts opening engineer salary management skills compensation platform develop experience report customer experience initiative resume team interface industry initiative platform contribute relocation expert salary responsibilities customer guidance technologies guidance industry customer on-time recruiter management multiple interface strong concepts start on-time strong initiative benefits equivalent technologies dynamic technologies industry process on-time responsibilities team opening interface engineer start experience team
email,{P7T6-Y3AZ85NP-7707SRWQ},11/24/2010 10:49:48,DRR0162,PC-5168,GKP3@northropgrumman.com,Dante.Raja.Roberts@dtaa.com,,Dante.Raja.Roberts@dtaa.com,23474,0,equivalent platform multitask process sales platform visual sales management experience report years sales resume required strong analyze relocation skills guidance growth multitask platform multitask start skills opening experience industry people responsibilities report benefits skills permanent skills industry industry analyze permanent interface benefits start years multitask resume interface hours required resume part-time platform
email,{L0Q4-A7PF99UW-6130JBPB},11/30/2010 10:25:50,DRR0162,PC-5168,GKP3@northropgrumman.com,Dante.Raja.Roberts@dtaa.com,,Dante.Raja.Roberts@dtaa.com,38890,0,concepts skills sales dynamic job multitask resume recruiter required relocation sales responsibilities platform team job passion starter relocation on-time growth management analyze permanent degree interface job opening develop responsibilities permanent job expert concepts interface growth years management passion concepts team management responsibilities customer years passion years industry sales passion technologies industry industry equivalent job technologies dynamic guidance process
email,{P6T3-H6GK60RM-0632IFPY},12/01/2010 10:22:37,DRR0162,PC-5168,GKP3@northropgrumman.com,Dante.Raja.Roberts@dtaa.com,,Dante.Raja.Roberts@dtaa.com,25175,1,permanent management industry concepts expert start dynamic required experience industry degree equivalent growth equivalent compensation required experience team growth benefits experience sales expert team initiative multitask dynamic report contribute develop expert guidance years job process develop contribute required interface team opening skills management skills on-time sales platform
email,{H2U4-O7BS96DV-7809NUTS},12/01/2010 15:27:38,DRR0162,PC-5168,GKP3@northropgrumman.com,,Dante.Raja.Roberts@dtaa.com,Dante.Raja.Roberts@dtaa.com,20361,0,platform customer people responsibilities experience degree equivalent management technologies engineer industry resume visual develop required opening resume technologies customer job self skills permanent responsibilities guidance concepts skills years initiative multiple skills management interface years concepts passion years guidance experience on-time industry degree develop passion responsibilities start multiple concepts initiative dynamic benefits required contribute experience multiple
email,{Q1W0-V7RC87AZ-9962UHAU},12/03/2010 09:55:24,DRR0162,PC-5168,GKP3@northropgrumman.com,,Dante.Raja.Roberts@dtaa.com,Dante.Raja.Roberts@dtaa.com,32086,0,management degree sales benefits benefits report salary sales start concepts process on-time compensation degree compensation expert opening management start responsibilities multitask industry responsibilities dynamic benefits contribute customer interface team required permanent multitask equivalent on-time platform dynamic people guidance multitask expert on-time years team contribute
email,{Z6R2-X6KG80EB-1357OFXA},12/03/2010 15:31:43,DRR0162,PC-5168,GKP3@northropgrumman.com,,Dante.Raja.Roberts@dtaa.com,Dante.Raja.Roberts@dtaa.com,37126,0,job analyze resume years hours degree multiple responsibilities sales report concepts analyze hours growth equivalent platform responsibilities visual contribute permanent job expert passion contribute multitask salary equivalent job passion passion part-time compensation management visual job people technologies process guidance equivalent growth platform contribute equivalent
email,{J7C7-V0MR32NQ-4578MTQA},12/06/2010 11:47:26,DRR0162,PC-5168,GKP3@northropgrumman.com,,Dante.Raja.Roberts@dtaa.com,Dante.Raja.Roberts@dtaa.com,30710,0,required years years required years platform industry resume analyze skills multiple salary growth engineer interface platform salary technologies experience sales benefits years required sales responsibilities years benefits sales dynamic on-time guidance years start multiple required initiative years years management
email,{O8E9-V4RD70NC-9504MYNT},12/06/2010 13:39:23,DRR0162,PC-5168,GKP3@northropgrumman.com,Dante.Raja.Roberts@dtaa.com,,Dante.Raja.Roberts@dtaa.com,19526,0,platform platform compensation management experience growth multiple sales benefits initiative salary multiple starter strong responsibilities multitask permanent sales contribute degree start team years people degree customer skills contribute platform on-time job multiple multitask opening customer self strong visual skills responsibilities analyze report responsibilities resume equivalent permanent passion resume years strong sales resume experience salary contribute opening contribute skills sales customer develop technologies
email,{X4Y4-B8DU88KB-0416PSBX},12/06/2010 14:30:05,DRR0162,PC-5168,GKP3@northropgrumman.com,,Dante.Raja.Roberts@dtaa.com,Dante.Raja.Roberts@dtaa.com,38503,1,skills platform report equivalent guidance required strong dynamic multitask team call growth years management benefits opening develop growth technologies experience develop people degree resume years develop management degree job customer interface opening responsibilities required opening multitask management job required interface report technologies responsibilities salary dynamic concepts skills on-time guidance multitask
email,{I5D9-D6EL35CS-9566LSTZ},12/10/2010 14:00:42,DRR0162,PC-5168,GKP3@northropgrumman.com,Dante.Raja.Roberts@dtaa.com,,Dante.Raja.Roberts@dtaa.com,32480,0,required on-time experience customer years develop contribute starter platform multitask analyze benefits guidance experience equivalent contribute skills customer management interface dynamic skills report experience people salary skills starter years passion platform engineer resume dynamic visual industry skills passion industry required team multiple multiple responsibilities permanent start opening industry customer compensation self multitask skills
email,{N5B0-L6VZ14AJ-2912MKZB},12/27/2010 07:36:16,DRR0162,PC-5168,Dacey.Jorden.Bowen@dtaa.com,Dante.Raja.Roberts@dtaa.com,,Dante.Raja.Roberts@dtaa.com,25926,0,letter thanks letter letter resignation opportunity key 2 week resignation letter opportunity tender resign exit my notice exit resignation resignation of week tender position tender 2 thanks exit resign key of 2 position opportunity 2 opportunity my letter resignation week position opportunity
