type,id,date,user,pc,to,cc,bcc,from,size,attachments,content
email,{J5C2-H6HK45BH-7747OVHO},01/28/2011 16:32:10,FSC0601,PC-9066,ALM5@raytheon.com,,,Felicia.Sloane.Cabrera@dtaa.com,23919,0,equivalent interface team team dynamic part-time resume hours hours degree dynamic develop sales relocation team people experience experience dynamic resume management team customer multitask experience starter multitask team resume dynamic management contribute responsibilities multiple resume opening degree sales job required responsibilities industry benefits equivalent expert dynamic strong expert industry analyze resume on-time skills develop part-time platform contribute process customer analyze team self sales
email,{E1P4-Y6AQ06IV-0107WPCV},01/31/2011 11:56:35,FSC0601,PC-9066,ALM5@raytheon.com,,,Felicia.Sloane.Cabrera@dtaa.com,36351,0,required engineer resume experience develop industry dynamic develop starter team multiple customer start team equivalent part-time analyze growth guidance on-time job passion passion strong responsibilities multiple multitask opening develop management opening concepts contribute self years expert team develop process resume compensation responsibilities management experience required technologies strong multitask initiative benefits growth resume sales responsibilities customer engineer resume self initiative platform visual skills people responsibilities concepts team
email,{W4N2-P7HQ23XU-0574GFCG},02/02/2011 11:54:18,FSC0601,PC-9066,ALM5@raytheon.com,,,Felicia.Sloane.Cabrera@dtaa.com,39036,0,technologies required contribute start opening required relocation team guidance years required report degree hours degree multitask years opening multiple contribute on-time multiple initiative start develop skills contribute experience experience benefits
email,{S5K2-D6PD37DD-2281ZORP},02/02/2011 14:45:15,FSC0601,PC-9066,ALM5@raytheon.com,,,Felicia.Sloane.Cabrera@dtaa.com,41610,0,salary platform technologies industry job skills report degree report strong part-time passion management on-time required industry opening resume industry industry multiple hours contribute team interface contribute skills starter required management visual part-time multiple team experience job concepts resume passion part-time develop degree contribute contribute
email,{U7U1-E7HA48NX-3917DOMN},02/03/2011 10:19:36,FSC0601,PC-9066,ALM5@raytheon.com,,,Felicia.Sloane.Cabrera@dtaa.com,27668,0,process contribute opening engineer resume experience resume degree passion starter job customer resume degree strong develop report experience job on-time sales management skills customer on-time people develop multitask engineer team management start responsibilities guidance permanent skills resume
email,{H4V9-A8ME28QK-3560PQKQ},02/03/2011 10:34:54,FSC0601,PC-9066,ALM5@raytheon.com,,,Felicia.Sloane.Cabrera@dtaa.com,34655,0,skills benefits strong years platform years develop platform job multitask years develop on-time responsibilities skills multitask multiple permanent technologies resume permanent technologies start concepts opening analyze technologies visual resume engineer analyze industry on-time
email,{B1V2-E7ZG64FU-2754ADYW},02/03/2011 14:49:58,FSC0601,PC-9066,ALM5@raytheon.com,,,Felicia.Sloane.Cabrera@dtaa.com,23868,0,expert platform sales analyze multitask strong develop interface report years permanent industry start platform required industry degree process start initiative starter team passion job platform initiative management permanent team team team opening develop start call management self experience salary benefits multiple growth team dynamic responsibilities expert on-time resume equivalent customer technologies interface skills multitask degree contribute
email,{G7B3-R3GG49AB-0975TTPU},02/07/2011 12:02:12,FSC0601,PC-9066,ALM5@raytheon.com,,,Felicia.Sloane.Cabrera@dtaa.com,29834,0,skills develop dynamic skills customer passion expert develop visual required multiple start degree responsibilities passion job salary develop platform salary multiple management technologies on-time concepts customer permanent on-time platform equivalent skills responsibilities part-time self starter management equivalent years management degree develop skills guidance contribute interface growth compensation customer degree skills sales interface expert interface contribute years industry passion multitask skills industry expert
email,{T5N4-R9YA28LO-4666BHCU},02/09/2011 11:10:07,FSC0601,PC-9066,ALM5@raytheon.com,,,Felicia.Sloane.Cabrera@dtaa.com,26632,0,strong experience experience technologies industry industry skills dynamic years team permanent opening degree skills develop experience responsibilities analyze degree dynamic skills multitask call contribute passion growth contribute multiple develop people technologies job report job required concepts job contribute skills benefits interface expert passion initiative responsibilities platform concepts management salary degree on-time self
email,{T2I8-G9CM72OF-8049WFTV},02/16/2011 16:00:16,FSC0601,PC-9066,ALM5@raytheon.com,,,Felicia.Sloane.Cabrera@dtaa.com,15756,0,platform skills self recruiter experience expert technologies sales start sales team contribute resume concepts contribute interface call concepts degree report people platform industry skills process guidance skills platform experience technologies job starter multiple resume team required industry platform concepts develop responsibilities responsibilities multiple skills relocation benefits report
email,{R9M2-M7ZD61OI-8309JROD},03/03/2011 10:21:03,FSC0601,PC-9066,Winter.Veda.Burks@dtaa.com,,,Felicia.Sloane.Cabrera@dtaa.com,18313,0,exit exit tender of tender 2 letter week notice resign week 2 interview of key resign resign 2 my letter my 2 resignation my resign notice my week my resign 2 opportunity position my interview thanks my tender 2 notice resign resign week opportunity opportunity position interview tender exit exit resign
