type,id,date,user,pc,to,cc,bcc,from,size,attachments,content
email,{U1S9-K2AY70BK-4004FZSF},02/11/2011 10:30:17,NWT0098,PC-4667,Odette_D_Davis@northropgrumman.com,,,Nehru.Wyatt.Tate@dtaa.com,23559,0,compensation strong experience start start industry interface multiple develop multitask job contribute develop sales customer multitask equivalent team multitask process sales start guidance equivalent platform concepts required platform customer start report interface multitask interface required required part-time analyze passion guidance interface contribute years start self resume on-time years report customer contribute job analyze resume guidance initiative people industry guidance salary responsibilities strong interface platform process
email,{B3F2-W0BJ56QV-8287OISI},02/16/2011 09:21:01,NWT0098,PC-4667,Odette_D_Davis@northropgrumman.com,,,Nehru.Wyatt.Tate@dtaa.com,39221,0,start develop years multitask develop process opening initiative multitask years permanent responsibilities experience skills skills team concepts growth resume dynamic resume multiple process interface initiative contribute hours sales part-time opening multitask dynamic experience platform sales experience opening report sales benefits develop
email,{N8L5-S3VC19YO-7585NVLU},02/22/2011 12:03:19,NWT0098,PC-4667,Odette_D_Davis@northropgrumman.com,,,Nehru.Wyatt.Tate@dtaa.com,24808,1,skills concepts platform engineer multitask resume strong people dynamic interface concepts growth passion opening start strong degree multitask process multiple team required multiple resume on-time industry multitask passion concepts initiative experience compensation on-line customer industry benefits sales equivalent management process benefits required industry benefits team analyze required customer management degree develop passion multitask sales concepts opening required
email,{Y5S4-U4XM93OL-6177EOML},02/22/2011 12:55:42,NWT0098,PC-4667,Odette_D_Davis@northropgrumman.com,,,Nehru.Wyatt.Tate@dtaa.com,20431,0,multiple customer equivalent strong team interface self permanent growth opening platform technologies on-time dynamic resume salary dynamic experience report guidance resume job permanent responsibilities experience growth multitask job on-time opening opening industry on-time responsibilities experience required compensation concepts years strong resume job sales skills platform dynamic part-time job concepts starter sales contribute sales job dynamic customer technologies platform
email,{K8U1-U3MZ61FS-4549JZXY},02/25/2011 15:51:16,NWT0098,PC-4667,Odette_D_Davis@northropgrumman.com,,,Nehru.Wyatt.Tate@dtaa.com,49727,0,strong customer start contribute people required multiple hours concepts call industry experience recruiter degree industry multitask multiple growth degree permanent customer contribute visual platform years interface experience compensation multiple experience growth multiple permanent permanent interface develop technologies contribute industry team concepts starter on-line
email,{T8K1-Z8XQ94SB-3629NYTT},02/28/2011 09:24:53,NWT0098,PC-4667,Odette_D_Davis@northropgrumman.com,,,Nehru.Wyatt.Tate@dtaa.com,28160,1,required growth skills expert passion people management initiative years report equivalent contribute develop management customer dynamic skills passion required degree opening analyze responsibilities platform degree on-time industry platform develop required sales concepts management experience benefits passion skills experience experience dynamic technologies strong multitask process part-time start management responsibilities required passion hours on-time years degree platform sales responsibilities people people industry equivalent report years opening team contribute compensation guidance interface
email,{N5R3-O5VE25CC-6618LZUF},03/03/2011 14:30:03,NWT0098,PC-4667,Odette_D_Davis@northropgrumman.com,,,Nehru.Wyatt.Tate@dtaa.com,24406,0,responsibilities skills report develop contribute dynamic responsibilities skills team experience part-time strong strong interface growth strong starter multitask degree multiple industry initiative experience sales report years growth skills
email,{Z1F8-X2EN49GM-9031KQIV},03/07/2011 12:57:15,NWT0098,PC-4667,Odette_D_Davis@northropgrumman.com,,,Nehru.Wyatt.Tate@dtaa.com,24170,0,develop part-time industry permanent team responsibilities strong sales on-time hours analyze technologies job multitask resume develop required experience experience technologies opening multiple visual platform management skills contribute salary team develop salary on-time customer permanent equivalent strong self initiative equivalent equivalent required resume growth industry experience dynamic permanent on-time skills growth opening starter contribute contribute opening growth
email,{Q0I9-J9NU86TT-4958MSPT},03/07/2011 15:47:12,NWT0098,PC-4667,Odette_D_Davis@northropgrumman.com,,,Nehru.Wyatt.Tate@dtaa.com,27962,6,compensation multitask customer resume degree required responsibilities years multiple strong management develop years hours team platform responsibilities multitask guidance years initiative process on-time people required salary multiple part-time interface self report recruiter multiple required degree required responsibilities technologies team years experience management experience hours years required experience guidance people expert customer
email,{B7I6-D2JU40VG-6748SELE},03/21/2011 16:33:29,NWT0098,PC-4667,Gage.Kaden.Odonnell@dtaa.com,,,Nehru.Wyatt.Tate@dtaa.com,22806,0,resignation interview resign resignation opportunity notice notice exit my resign tender week notice letter letter exit letter resign week resign notice exit week tender interview week resign key resign resign resign of letter my key interview notice thanks week letter resign key of week tender opportunity notice notice letter position interview position
