type,id,date,user,pc,url,content
http,{G8B3-M1JH61DF-1988GEJW},02/07/2011 16:40:17,NWT0098,PC-4667,http://indeed.com/WboUhagvat1680703797.html,equivalent multitask initiative management guidance team industry degree passion experience industry passion multitask equivalent customer report analyze growth initiative develop growth equivalent opening analyze required sales growth customer required skills on-line process contribute concepts multiple team resume multitask multitask skills multiple degree required benefits initiative passion responsibilities skills self contribute resume required sales contribute multitask industry passion multitask skills develop team experience
http,{G7P1-K0SV59VJ-3891DZWQ},02/08/2011 07:41:34,NWT0098,PC-4667,http://hp.com/WboUhagvat1944152218.jsp,contribute benefits responsibilities customer starter multitask responsibilities customer contribute industry people platform develop multitask sales permanent skills team equivalent concepts skills years analyze years on-time compensation permanent report platform opening required hours responsibilities resume concepts multitask technologies required skills team guidance required equivalent passion permanent resume call
http,{L9A7-B0UO79GT-5164PDDB},02/08/2011 07:58:34,NWT0098,PC-4667,http://harris.com/WboUhagvat1919385663.htm,people degree technologies technologies passion hours strong start interface multitask hours experience growth process experience develop customer opening start dynamic industry growth analyze on-time contribute benefits report dynamic guidance guidance on-time required growth contribute resume analyze industry interface sales sales platform
http,{I1J6-L2YL00GK-8579YZZC},02/08/2011 08:34:49,NWT0098,PC-4667,http://hp.com/WboUhagvat1944152218.jsp,contribute benefits degree contribute contribute responsibilities visual dynamic platform initiative job management responsibilities skills interface permanent opening job responsibilities sales initiative report self visual opening multiple skills team required equivalent team part-time permanent platform industry start opening years degree resume industry initiative passion experience required industry skills strong
http,{B8V3-V9NF87MQ-1628NFWA},02/08/2011 09:29:28,NWT0098,PC-4667,http://hp.com/WboUhagvat1944152218.jsp,resume resume customer years expert degree degree industry multitask multiple team years team platform strong equivalent sales experience on-time customer required start self customer experience responsibilities salary skills visual strong management interface sales platform self team degree job strong customer contribute on-time degree management resume platform permanent interface permanent team degree experience process required hours strong
http,{Q5Z6-L1EH46EK-8079IEEK},02/08/2011 10:53:35,NWT0098,PC-4667,http://careerbuilder.com/WboUhagvat660170997.htm,skills platform report develop compensation job required multiple experience multiple team required analyze customer equivalent sales responsibilities call responsibilities growth required equivalent part-time initiative multiple technologies required engineer recruiter job permanent multiple customer management job multiple growth engineer analyze dynamic multiple job resume skills initiative technologies
http,{P6I4-C4JC63OH-5605SNJR},02/08/2011 13:33:42,NWT0098,PC-4667,http://job-hunt.org/WboUhagvat919122234.html,degree opening expert guidance opening report develop industry hours multitask years multiple dynamic develop on-time multitask concepts multiple opening contribute resume required job years experience required sales customer passion experience industry team industry team skills opening degree report on-time concepts passion equivalent permanent concepts platform benefits self opening degree technologies degree guidance degree management on-time on-time technologies platform guidance skills
http,{R8Q4-G8NK93KL-1642VCNT},02/08/2011 14:40:46,NWT0098,PC-4667,http://indeed.com/WboUhagvat1680703797.html,concepts self report compensation equivalent passion required multiple degree responsibilities industry analyze sales management initiative growth sales years develop part-time expert interface report self resume skills start customer develop salary team growth multitask expert develop people growth report dynamic strong team initiative permanent multiple equivalent initiative multiple benefits equivalent equivalent equivalent develop
http,{A7G3-K4QH71UG-2537MHCZ},02/08/2011 16:29:25,NWT0098,PC-4667,http://hp.com/WboUhagvat1944152218.jsp,customer experience visual resume skills interface platform report passion guidance guidance contribute required growth interface job contribute contribute hours process job responsibilities on-line on-line guidance contribute industry benefits technologies opening equivalent multiple initiative responsibilities industry sales multiple required degree multiple
http,{Q6N5-I5HD22KJ-0105GUSH},02/08/2011 17:20:04,NWT0098,PC-4667,http://harris.com/WboUhagvat1919385663.htm,expert sales responsibilities growth experience recruiter dynamic contribute skills strong strong management process management degree experience opening experience analyze develop skills customer degree report customer analyze degree equivalent concepts start resume concepts job on-time multitask management sales on-time expert multitask skills skills team interface degree skills technologies resume concepts permanent growth required interface
http,{M1F8-Y7HM94WR-3752NHEM},02/09/2011 09:50:01,NWT0098,PC-4667,http://careerbuilder.com/WboUhagvat660170997.htm,management initiative years initiative opening years salary industry on-line required expert multiple opening visual years management guidance opening required multiple compensation growth management platform interface customer industry required part-time skills contribute required multitask permanent resume interface benefits
http,{Y8H4-T7PW25YW-9805UJMS},02/09/2011 10:28:04,NWT0098,PC-4667,http://raytheon.com/WboUhagvat343187784.jsp,job expert skills growth multiple concepts management multiple skills years dynamic multitask on-time on-time multitask benefits concepts process equivalent salary concepts benefits people passion management on-time benefits customer expert part-time expert responsibilities degree management opening team equivalent
http,{L4X3-T4QQ14KV-2087ODVC},02/09/2011 16:42:57,NWT0098,PC-4667,http://simplyhired.com/WboUhagvat57469130.jsp,experience analyze resume job guidance team sales develop team platform people required guidance starter compensation contribute responsibilities relocation required resume benefits benefits multitask guidance multiple dynamic resume guidance self benefits technologies people job industry expert degree start responsibilities passion contribute sales platform multitask
http,{D4L1-Z8QK42QV-4832FQGH},02/10/2011 08:23:52,NWT0098,PC-4667,http://harris.com/WboUhagvat1919385663.htm,growth process team contribute management degree dynamic growth people skills expert concepts growth starter report team concepts team initiative concepts job degree expert contribute compensation growth job multitask responsibilities passion concepts sales degree passion on-line initiative required required multiple initiative skills sales concepts skills sales years resume platform job job opening multitask opening develop experience strong opening years
http,{U5M1-B8RL80UH-9361ZFQA},02/11/2011 08:53:23,NWT0098,PC-4667,http://indeed.com/WboUhagvat1680703797.html,equivalent resume strong team responsibilities technologies passion sales start technologies opening contribute strong technologies strong start experience passion equivalent job job dynamic engineer multitask sales experience part-time interface growth multiple multiple team experience self start benefits customer resume report multitask experience degree degree responsibilities
http,{N9O5-U6NM76GR-3337IXFZ},02/11/2011 10:02:10,NWT0098,PC-4667,http://raytheon.com/WboUhagvat343187784.jsp,passion visual industry opening customer job opening experience passion start platform required multiple required contribute self contribute experience hours years people skills on-time customer guidance team permanent job team multiple analyze platform experience required benefits analyze growth industry report benefits expert contribute opening develop multiple experience job develop develop resume
http,{R6Y9-I2MS81QV-9351CWHE},02/11/2011 11:33:19,NWT0098,PC-4667,http://simplyhired.com/WboUhagvat57469130.jsp,equivalent required team multiple resume equivalent permanent concepts experience management develop required strong sales analyze industry team experience platform skills opening multitask degree equivalent self dynamic management sales opening permanent on-time benefits sales concepts initiative equivalent process sales management industry passion passion strong required compensation required hours contribute self years responsibilities responsibilities years
http,{N7M8-C8HV14HY-0019DACN},02/11/2011 11:38:42,NWT0098,PC-4667,http://boeing.com/WboUhagvat1904327536.htm,process interface benefits job years permanent on-line required analyze benefits technologies process start job dynamic equivalent experience opening expert permanent multitask contribute growth sales analyze contribute resume multitask initiative job initiative skills degree develop dynamic resume report develop equivalent sales management sales
http,{Q7O5-F3XB11AZ-5841NQFJ},02/11/2011 12:12:13,NWT0098,PC-4667,http://careerbuilder.com/WboUhagvat660170997.htm,experience interface years analyze interface initiative contribute hours on-time skills responsibilities multiple platform team contribute opening start passion management experience on-line concepts responsibilities develop sales job platform strong responsibilities responsibilities resume management starter degree on-time customer skills platform team salary equivalent customer start multitask passion concepts process permanent responsibilities sales multiple passion dynamic sales platform team responsibilities expert job
http,{W9Y3-O8TT29PM-4364QFOE},02/11/2011 12:23:53,NWT0098,PC-4667,http://northropgrumman.com/WboUhagvat572113271.aspx,skills platform contribute multiple self resume contribute compensation interface strong people process growth expert multiple benefits management required growth salary growth people resume resume passion resume equivalent multitask management contribute multiple develop sales develop multitask benefits required passion sales technologies passion required growth initiative starter skills develop report
http,{P8D7-J3PN75JF-1541NFZO},02/11/2011 13:09:35,NWT0098,PC-4667,http://boeing.com/WboUhagvat1904327536.htm,multitask responsibilities start passion skills permanent process engineer self visual multiple years years customer sales benefits multiple part-time team industry expert required multiple customer self opening experience analyze concepts technologies people experience benefits visual contribute responsibilities responsibilities resume experience platform report analyze concepts opening multiple develop interface permanent required permanent multitask hours initiative opening strong passion dynamic develop team
http,{M7Q2-P4YO84EC-7412ODZJ},02/11/2011 16:25:20,NWT0098,PC-4667,http://indeed.com/WboUhagvat1680703797.html,experience multitask experience technologies on-time strong management permanent years on-time analyze job salary multitask people passion initiative experience develop degree develop multiple permanent multitask management report permanent dynamic compensation team passion part-time analyze resume guidance resume visual passion multitask passion required team concepts start concepts team equivalent strong experience team sales experience industry required
http,{S6D1-P4PU64YS-5858RMZQ},02/11/2011 16:43:56,NWT0098,PC-4667,http://yahoo.com/hotjobs/WboUhagvat752138490.php,resume technologies opening years responsibilities required sales team job interface multiple develop multitask job skills sales growth concepts dynamic job strong passion dynamic years concepts expert growth sales resume industry technologies industry opening visual on-line opening compensation multitask team growth analyze team responsibilities
http,{G8H0-Y0UZ82QV-4826MWEJ},02/14/2011 07:19:22,NWT0098,PC-4667,http://northropgrumman.com/WboUhagvat572113271.aspx,report growth technologies job starter dynamic sales customer platform on-time initiative passion skills customer engineer years develop customer years interface people dynamic self equivalent team customer technologies degree expert relocation experience compensation management experience customer years interface hours dynamic dynamic management technologies team
http,{N2Q8-D4EN46GU-3424JIDQ},02/14/2011 07:54:39,NWT0098,PC-4667,http://craigslist.org/WboUhagvat1105403916.aspx,required start growth customer team report resume on-time technologies develop multiple job opening experience required team team platform dynamic start job skills report skills platform expert passion guidance compensation opening skills strong required multiple team customer contribute responsibilities team growth concepts growth responsibilities on-time required equivalent
http,{N1D1-V6NH83TF-6319IMPU},02/14/2011 10:02:11,NWT0098,PC-4667,http://harris.com/WboUhagvat1919385663.htm,concepts multitask contribute on-line multiple industry skills multiple required job concepts guidance required multitask skills skills equivalent degree strong expert hours sales opening permanent develop years platform opening benefits experience degree growth hours required strong growth relocation equivalent skills on-time dynamic management multiple expert report relocation
http,{C1T4-C9TU41VU-2050LJEK},02/14/2011 10:22:41,NWT0098,PC-4667,http://simplyhired.com/WboUhagvat57469130.jsp,process technologies concepts passion sales start passion people technologies compensation strong develop management growth passion develop industry years multiple opening process hours resume skills dynamic analyze multiple growth analyze passion engineer sales analyze process self growth dynamic multitask job on-time multiple experience part-time expert multitask part-time resume multitask on-time initiative
http,{N2S4-M4EP78JK-6155UPFE},02/14/2011 11:38:24,NWT0098,PC-4667,http://raytheon.com/WboUhagvat343187784.jsp,management sales develop years contribute multitask develop sales industry analyze hours resume opening start management customer experience responsibilities required responsibilities required expert strong on-time growth degree benefits benefits years contribute equivalent team platform self required equivalent team experience skills guidance salary opening starter customer multitask contribute compensation interface experience resume management start process relocation passion
http,{L9Z6-A0XR52WY-8928WLFR},02/14/2011 12:27:20,NWT0098,PC-4667,http://lockheedmartin.com/WboUhagvat1636367808.htm,contribute experience degree platform experience equivalent growth sales skills dynamic passion customer job years interface equivalent platform resume team growth required years years analyze job responsibilities salary salary process multiple years contribute growth compensation multiple opening dynamic growth multiple customer management responsibilities dynamic skills develop customer interface experience strong develop develop degree years team salary degree required industry
http,{L6I4-T3JQ20TQ-8847OFJH},02/14/2011 14:49:43,NWT0098,PC-4667,http://hp.com/WboUhagvat1944152218.jsp,develop expert responsibilities develop people engineer dynamic responsibilities on-time people passion required multiple passion job passion years contribute people start multiple initiative team on-line strong interface hours resume industry sales years resume compensation skills customer guidance technologies permanent experience job concepts compensation
http,{Y5W2-P6BJ40HX-5813XBRT},02/14/2011 16:17:36,NWT0098,PC-4667,http://jobhuntersbible.com/WboUhagvat1258877042.aspx,contribute on-time required management benefits concepts customer sales opening hours degree passion management expert experience responsibilities experience concepts multiple multitask people management dynamic responsibilities customer analyze process experience equivalent team
http,{U4R9-S0WL39XI-3168XUQC},02/14/2011 17:15:17,NWT0098,PC-4667,http://monster.com/WboUhagvat1180707852.html,multitask salary experience degree interface self growth management platform people team experience experience opening develop people analyze skills concepts sales strong recruiter guidance degree experience sales responsibilities platform interface management starter responsibilities interface guidance opening required experience develop responsibilities opening self report initiative
http,{R6H6-B0UY94NK-9948VLYC},02/15/2011 08:04:38,NWT0098,PC-4667,http://linkedin.com/WboUhagvat1479839504.aspx,growth growth visual management multiple contribute permanent interface relocation develop management degree experience multitask customer benefits dynamic resume team degree dynamic experience degree multiple required dynamic management engineer on-line recruiter concepts multiple compensation skills required equivalent permanent dynamic hours technologies multiple experience initiative experience sales skills start dynamic
http,{J8W7-M5HF53GI-3906THFW},02/15/2011 08:56:09,NWT0098,PC-4667,http://aol.com/jobs/WboUhagvat1963819229.jsp,strong dynamic passion starter relocation multitask strong engineer multiple industry initiative experience years skills equivalent process technologies benefits dynamic experience required growth permanent skills customer sales degree permanent strong passion management customer hours team resume benefits resume analyze engineer job hours required initiative years benefits opening multitask equivalent report resume resume years management customer industry people
http,{B0X0-R9PZ73YM-9360MITR},02/15/2011 09:27:26,NWT0098,PC-4667,http://harris.com/WboUhagvat1919385663.htm,customer industry passion required starter engineer responsibilities skills skills experience report responsibilities team hours experience technologies sales opening part-time multitask industry engineer interface interface multiple degree concepts equivalent equivalent multiple benefits expert resume sales initiative on-time starter opening strong interface team customer dynamic years permanent report multitask passion interface degree dynamic visual
http,{R0X3-M8RK57LK-8121JOWF},02/15/2011 10:21:06,NWT0098,PC-4667,http://raytheon.com/WboUhagvat343187784.jsp,strong management customer develop required strong required required start benefits years customer years experience interface job passion interface equivalent guidance opening platform skills salary skills people equivalent management permanent initiative platform resume multiple report expert years concepts multiple opening responsibilities technologies job required skills engineer required people multiple benefits recruiter process technologies contribute report
http,{I8L7-C8XQ86PS-6029WFLT},02/15/2011 11:13:18,NWT0098,PC-4667,http://simplyhired.com/WboUhagvat57469130.jsp,develop analyze sales team passion initiative develop skills equivalent platform develop platform initiative strong required initiative management permanent platform develop dynamic contribute industry responsibilities contribute responsibilities skills experience passion people dynamic responsibilities sales benefits self resume report part-time years experience job analyze growth customer on-line sales team develop management sales industry skills report platform people starter
http,{V0A2-U2XH90KI-7287MXSE},02/15/2011 11:32:24,NWT0098,PC-4667,http://boeing.com/WboUhagvat1904327536.htm,opening technologies industry experience on-time multiple interface required develop strong develop develop analyze years degree people self growth required degree contribute multiple self permanent self multitask customer management starter people on-time contribute resume platform develop required concepts report skills required benefits industry
http,{R4N0-Z9NP96AY-8180GZRP},02/15/2011 15:06:05,NWT0098,PC-4667,http://boeing.com/WboUhagvat1904327536.htm,develop report engineer report platform degree dynamic responsibilities skills technologies required equivalent self develop resume develop multitask multiple equivalent responsibilities interface skills on-line multiple permanent required responsibilities experience people industry customer industry industry experience strong growth report multitask platform opening equivalent salary equivalent engineer contribute job contribute contribute hours develop interface permanent sales recruiter required develop required degree opening dynamic strong equivalent multiple management
http,{H5R1-D8ZL46XM-2245LHXW},02/16/2011 11:02:49,NWT0098,PC-4667,http://lockheedmartin.com/WboUhagvat1636367808.htm,passion degree growth growth permanent contribute growth sales strong team develop dynamic opening job job degree degree develop interface contribute job team degree develop initiative report industry guidance industry
http,{V3N0-W9CR72RT-6417ORRO},02/16/2011 13:37:13,NWT0098,PC-4667,http://jobhuntersbible.com/WboUhagvat1258877042.aspx,customer self on-time process multitask responsibilities concepts customer relocation equivalent team management start strong degree benefits experience expert customer team initiative team on-line contribute report years develop experience job resume dynamic
http,{L0O2-D3DP20TD-6992VSNM},02/16/2011 15:37:38,NWT0098,PC-4667,http://northropgrumman.com/WboUhagvat572113271.aspx,report start multiple team degree part-time growth develop opening years customer degree benefits opening part-time industry people process customer industry job permanent responsibilities resume customer initiative recruiter multitask sales management develop
http,{T4V2-Q5NK69WK-5451LGUK},02/17/2011 08:30:35,NWT0098,PC-4667,http://yahoo.com/hotjobs/WboUhagvat752138490.php,experience years multitask people multitask dynamic analyze start starter people job multiple degree management skills call concepts permanent salary contribute interface initiative initiative multiple industry strong technologies platform responsibilities years resume years hours required job responsibilities resume dynamic experience passion develop skills team skills
http,{G1R5-J6EG39JC-3743HSFG},02/17/2011 09:30:49,NWT0098,PC-4667,http://careerbuilder.com/WboUhagvat660170997.htm,growth opening concepts sales salary required responsibilities contribute starter permanent develop guidance sales team team passion platform on-time degree self benefits initiative required salary analyze customer hours dynamic self customer develop degree skills required concepts job dynamic growth engineer initiative resume initiative multiple compensation concepts contribute
http,{A2W0-B9YM20XP-9379JCWG},02/17/2011 11:24:23,NWT0098,PC-4667,http://hp.com/WboUhagvat1944152218.jsp,self degree job on-time passion start develop growth contribute opening on-time contribute sales resume platform contribute management skills growth management degree degree concepts platform concepts skills experience degree skills technologies industry permanent expert equivalent compensation platform sales platform resume equivalent people permanent expert sales benefits self skills technologies opening compensation start salary people dynamic on-time expert multitask process experience
http,{K7M9-M2LP08GR-6328LMBJ},02/17/2011 13:01:10,NWT0098,PC-4667,http://indeed.com/WboUhagvat1680703797.html,strong experience report sales skills report multitask job experience multiple interface guidance years customer multitask people strong responsibilities degree interface management equivalent dynamic people expert multitask contribute customer on-time industry job equivalent develop growth platform process concepts responsibilities job on-time degree required contribute expert required resume experience process dynamic job passion experience
http,{M0P5-F1TP99ZA-6808QHYC},02/17/2011 13:29:44,NWT0098,PC-4667,http://craigslist.org/WboUhagvat1105403916.aspx,expert technologies strong required multitask job responsibilities resume team industry resume compensation initiative concepts expert degree concepts years platform benefits industry equivalent growth start dynamic on-time benefits strong customer report years team degree call multiple growth experience degree required part-time job passion years team responsibilities interface customer process growth technologies expert recruiter multitask job strong opening strong
http,{Q5K9-R2XQ83YR-4258LTTK},02/17/2011 15:44:24,NWT0098,PC-4667,http://simplyhired.com/WboUhagvat57469130.jsp,interface develop starter hours concepts job visual self multitask opening interface team skills start job start multiple contribute hours growth responsibilities degree experience permanent skills call skills on-time years engineer passion visual responsibilities customer hours compensation guidance responsibilities experience hours skills contribute multiple strong multitask
http,{S8V8-H0HL76TX-9539NKEO},02/17/2011 17:01:45,NWT0098,PC-4667,http://lockheedmartin.com/WboUhagvat1636367808.htm,degree industry interface start interface opening start skills management visual experience develop responsibilities dynamic benefits experience initiative report contribute resume hours benefits sales experience experience guidance equivalent team years degree multiple technologies salary compensation skills resume years resume team platform resume required contribute develop start technologies degree responsibilities years experience concepts multiple hours start platform experience
http,{Z1C6-X5JG06VI-1234AWJS},02/18/2011 07:34:34,NWT0098,PC-4667,http://jobhuntersbible.com/WboUhagvat1258877042.aspx,multitask responsibilities growth initiative benefits degree guidance concepts compensation report on-time guidance multiple people skills benefits on-time years experience develop interface team call salary strong industry industry concepts concepts job job industry industry job years job starter equivalent multitask experience permanent permanent guidance strong multiple dynamic interface guidance interface growth
http,{Q3W4-P2YS86KT-1863BAEH},02/18/2011 08:49:29,NWT0098,PC-4667,http://aol.com/jobs/WboUhagvat1963819229.jsp,management part-time permanent opening permanent years customer customer sales skills benefits required job resume skills required responsibilities responsibilities growth people strong contribute responsibilities platform analyze degree report platform contribute people develop benefits multiple report salary initiative sales years management responsibilities platform experience people
http,{Y6S5-W4XF93IZ-9735OAPO},02/18/2011 11:22:22,NWT0098,PC-4667,http://craigslist.org/WboUhagvat1105403916.aspx,on-time on-time interface industry degree initiative strong skills degree benefits contribute initiative degree management on-time technologies experience permanent on-time passion contribute on-time strong equivalent people years management part-time team recruiter on-time permanent years analyze on-time resume job multitask contribute initiative interface responsibilities contribute passion develop starter job management self
http,{W1A1-I3BI38AA-8368UZVN},02/18/2011 12:11:44,NWT0098,PC-4667,http://harris.com/WboUhagvat1919385663.htm,equivalent starter passion customer team team report start platform concepts process guidance salary team dynamic passion people years skills develop technologies opening starter dynamic start degree growth experience growth contribute compensation resume initiative people sales multitask team guidance interface permanent start degree process sales contribute initiative growth
http,{D5Q0-G6CY81NP-9004PZCH},02/18/2011 12:41:15,NWT0098,PC-4667,http://linkedin.com/WboUhagvat1479839504.aspx,years visual permanent expert management skills sales platform industry passion growth sales skills opening on-time benefits initiative report people benefits experience degree guidance contribute industry opening platform responsibilities responsibilities platform permanent multiple permanent industry
http,{X6D1-U6YY84OJ-4743NADM},02/18/2011 16:11:26,NWT0098,PC-4667,http://harris.com/WboUhagvat1919385663.htm,part-time on-line equivalent resume develop years skills on-time process skills customer develop passion part-time analyze interface self technologies benefits responsibilities industry technologies expert job develop process job sales management team expert multiple job expert
http,{T6V1-Q5VR40NM-7471KMAZ},02/18/2011 16:25:08,NWT0098,PC-4667,http://simplyhired.com/WboUhagvat57469130.jsp,experience management benefits customer responsibilities team industry degree strong benefits concepts guidance on-time concepts people resume sales industry dynamic team required opening experience analyze interface interface strong interface industry management part-time develop management interface multiple concepts on-line dynamic develop growth industry initiative contribute concepts team self sales equivalent contribute experience guidance analyze platform contribute initiative job years customer multitask recruiter dynamic
http,{D5I4-J8XY05SA-3513UCNH},02/18/2011 16:37:15,NWT0098,PC-4667,http://aol.com/jobs/WboUhagvat1963819229.jsp,years develop salary opening multiple growth people multiple experience recruiter industry initiative benefits job management team multitask responsibilities opening degree permanent passion platform call skills permanent contribute on-line years permanent team benefits people dynamic develop team opening experience equivalent benefits passion technologies opening interface management people growth
http,{D4H9-B2NH47VI-8052YEOG},02/21/2011 07:47:06,NWT0098,PC-4667,http://hp.com/WboUhagvat1944152218.jsp,report initiative customer permanent dynamic initiative experience contribute opening multiple contribute guidance initiative develop job part-time strong benefits industry interface expert people develop contribute initiative multiple process sales customer resume hours skills concepts benefits self benefits required degree permanent multiple resume sales expert team
http,{I1B7-Y6ZS94WD-4915RDES},02/21/2011 07:50:24,NWT0098,PC-4667,http://linkedin.com/WboUhagvat1479839504.aspx,required expert contribute customer years years experience opening job equivalent technologies customer platform develop job years hours on-time self experience responsibilities platform concepts initiative passion equivalent concepts degree multiple report report engineer passion people technologies equivalent develop job skills salary multiple compensation strong dynamic
http,{G2C7-W6SS66AP-7171DQTC},02/21/2011 15:14:41,NWT0098,PC-4667,http://aol.com/jobs/WboUhagvat1963819229.jsp,responsibilities dynamic industry technologies passion contribute opening dynamic technologies customer technologies required multitask develop start develop develop multitask contribute multitask guidance concepts dynamic strong benefits industry technologies contribute opening starter required customer required contribute management opening passion multiple experience on-time skills strong job skills start management multitask people self permanent report interface contribute develop recruiter
http,{V6Z0-M5RI68GS-5989YYZV},02/22/2011 07:46:52,NWT0098,PC-4667,http://raytheon.com/WboUhagvat343187784.jsp,analyze degree on-time degree opening concepts degree permanent visual years part-time multiple years initiative initiative required industry analyze engineer passion contribute experience contribute skills industry equivalent multiple people interface part-time opening engineer on-time resume team required required experience technologies multitask degree required engineer permanent passion
http,{M9X8-M5BD72LO-3813DARE},02/22/2011 08:04:56,NWT0098,PC-4667,http://boeing.com/WboUhagvat1904327536.htm,technologies industry responsibilities growth skills years expert concepts required initiative years report visual years on-time platform initiative permanent expert strong dynamic opening passion experience customer multitask responsibilities multiple platform on-time multiple develop customer platform call multiple concepts interface initiative benefits process develop industry multiple part-time required starter industry experience
http,{T4Q4-U2YY46NC-0906VRYE},02/22/2011 10:30:41,NWT0098,PC-4667,http://boeing.com/WboUhagvat1904327536.htm,industry opening concepts contribute engineer dynamic experience resume years expert responsibilities multiple multiple multiple guidance on-line industry contribute initiative dynamic team degree equivalent opening multiple on-time degree guidance customer benefits platform multiple permanent guidance guidance on-time industry dynamic resume self permanent call required compensation develop report industry starter skills team expert dynamic relocation team
http,{V7D6-Y9AB01WM-3466YRZE},02/22/2011 12:04:19,NWT0098,PC-4667,http://harris.com/WboUhagvat1919385663.htm,skills experience report team on-time on-time passion resume initiative strong equivalent multitask degree process multitask resume guidance technologies passion engineer resume on-time initiative required team permanent permanent opening strong hours analyze sales required develop industry multitask growth years strong process sales experience experience multitask initiative on-line customer contribute permanent contribute on-time people degree
http,{O7O5-V1LK73JM-5561EWUG},02/22/2011 12:19:41,NWT0098,PC-4667,http://jobhuntersbible.com/WboUhagvat1258877042.aspx,equivalent technologies team responsibilities degree sales multitask industry experience hours management customer relocation resume dynamic call management dynamic team management experience relocation growth salary team multitask team people responsibilities salary passion technologies permanent technologies multiple compensation multiple years team degree resume salary multiple people platform engineer interface self growth passion engineer degree degree concepts interface industry opening platform interface resume degree team opening growth
http,{A2Z5-K7SG40MB-6604QVTL},02/22/2011 13:26:55,NWT0098,PC-4667,http://monster.com/WboUhagvat1180707852.html,technologies hours initiative process multitask experience technologies skills resume permanent platform contribute interface degree benefits responsibilities management skills responsibilities develop years team experience responsibilities growth self multitask sales degree years growth resume customer years develop responsibilities responsibilities engineer responsibilities salary platform develop interface contribute technologies initiative responsibilities visual industry equivalent
http,{M2U8-S0CG67CT-5796JEJG},02/22/2011 14:17:26,NWT0098,PC-4667,http://hp.com/WboUhagvat1944152218.jsp,degree job experience required guidance job job growth opening start multiple guidance initiative skills multitask years skills passion part-time opening concepts process develop on-line management team develop degree platform technologies multitask experience management experience degree develop opening recruiter analyze analyze starter concepts degree years equivalent sales job required skills technologies report
http,{X7K5-F6DB52PC-3969MJZH},02/23/2011 10:29:35,NWT0098,PC-4667,http://boeing.com/WboUhagvat1904327536.htm,customer opening multitask growth years dynamic process on-time required opening relocation interface strong contribute management industry passion self team equivalent multitask years equivalent management platform concepts initiative hours interface technologies technologies guidance develop team permanent team multiple platform resume customer equivalent contribute hours equivalent responsibilities contribute job benefits on-time responsibilities initiative responsibilities growth hours salary report interface responsibilities recruiter strong passion opening start skills
http,{H7V8-R7KQ93UF-0012VEFQ},02/23/2011 15:08:30,NWT0098,PC-4667,http://simplyhired.com/WboUhagvat57469130.jsp,management guidance starter customer team experience people start job multiple passion analyze resume passion platform report benefits skills equivalent experience permanent strong management multitask job required experience interface develop responsibilities industry call process team degree analyze management sales people concepts initiative develop responsibilities multitask expert equivalent growth equivalent equivalent
http,{M3W0-P0DQ61PE-5194HXFF},02/24/2011 11:49:56,NWT0098,PC-4667,http://boeing.com/WboUhagvat1904327536.htm,initiative years required job team industry opening on-time industry responsibilities starter industry skills multitask years on-line platform years initiative interface responsibilities resume experience years multiple growth strong resume on-time visual on-time required multiple on-time passion multiple required equivalent sales benefits develop guidance opening multiple job multitask part-time strong platform growth develop start industry benefits required multiple degree
http,{V4I8-Q9KZ61VY-8719THUE},02/24/2011 12:39:05,NWT0098,PC-4667,http://job-hunt.org/WboUhagvat919122234.html,platform on-time years interface resume starter people develop technologies years opening multiple equivalent passion resume equivalent contribute team start experience resume concepts contribute resume expert skills job years sales customer platform degree equivalent permanent required skills benefits benefits platform contribute platform customer compensation opening analyze skills job dynamic industry years start technologies customer
http,{D6N4-U3HL54IH-6995HAHZ},02/24/2011 14:12:46,NWT0098,PC-4667,http://careerbuilder.com/WboUhagvat660170997.htm,benefits report develop growth team benefits start years years start customer growth multiple on-time multitask equivalent years required permanent resume initiative start growth develop platform report initiative years people management on-time develop call platform part-time skills equivalent equivalent
http,{G0Q2-X1DN94DP-3470XWYJ},02/24/2011 15:21:24,NWT0098,PC-4667,http://linkedin.com/WboUhagvat1479839504.aspx,concepts multiple initiative sales industry start customer people experience strong resume skills degree compensation on-time multiple resume interface platform multitask experience concepts report strong engineer strong dynamic growth contribute customer part-time years people develop multiple required technologies degree people equivalent experience resume resume people interface degree industry experience years industry initiative
http,{P5X8-K3DO56DK-9034QYQD},02/24/2011 16:43:33,NWT0098,PC-4667,http://monster.com/WboUhagvat1180707852.html,degree years benefits resume years on-line people years expert start salary job interface required contribute on-time years industry interface experience opening concepts skills benefits dynamic multitask visual resume passion multitask experience industry analyze required experience customer report growth concepts
http,{T5J0-E9JT02AC-3911HFJK},02/24/2011 16:47:04,NWT0098,PC-4667,http://yahoo.com/hotjobs/WboUhagvat752138490.php,on-time technologies sales contribute permanent platform passion skills report dynamic multitask self call multitask industry on-time on-line expert skills concepts skills management part-time skills opening technologies degree strong degree self initiative technologies skills interface salary dynamic opening report people benefits team team management skills growth
http,{I1O9-U7AS62IG-4347EDDE},02/24/2011 17:03:47,NWT0098,PC-4667,http://lockheedmartin.com/WboUhagvat1636367808.htm,on-time resume develop degree management permanent self responsibilities multitask industry industry experience growth job hours industry degree develop years report part-time team concepts dynamic initiative multitask permanent benefits experience guidance experience technologies strong contribute responsibilities permanent sales
http,{Y4F2-L5MR93SR-5639TDVN},02/24/2011 17:09:00,NWT0098,PC-4667,http://monster.com/WboUhagvat1180707852.html,dynamic expert platform multiple skills part-time equivalent report job required compensation strong on-time passion job opening contribute equivalent multiple years management resume on-line people platform experience equivalent skills multitask guidance contribute develop report multiple permanent management starter technologies concepts sales start equivalent multiple job multiple strong degree resume job
http,{K1U7-J0IE65RT-6682GSDI},02/24/2011 17:09:15,NWT0098,PC-4667,http://craigslist.org/WboUhagvat1105403916.aspx,develop guidance team benefits salary resume resume degree initiative contribute start industry growth multiple resume develop contribute degree process management multiple people management resume strong management guidance platform skills concepts responsibilities initiative degree required analyze management people skills skills multitask dynamic compensation dynamic multiple strong report contribute growth opening years required years technologies growth resume people process job opening
http,{O9X2-L5MV71WQ-5496DVDT},02/25/2011 07:28:28,NWT0098,PC-4667,http://hp.com/WboUhagvat1944152218.jsp,growth hours dynamic multitask years team sales industry skills analyze growth develop team multitask guidance industry years start concepts process required management management interface starter growth report develop process strong benefits skills people visual customer visual hours sales platform degree people customer process management
http,{N1Y7-N9PQ11ZT-6876MJTI},02/25/2011 10:25:05,NWT0098,PC-4667,http://craigslist.org/WboUhagvat1105403916.aspx,job team responsibilities compensation multitask relocation job degree develop required team team strong benefits experience initiative benefits sales multitask people passion degree skills growth team hours strong passion multiple relocation opening benefits recruiter job opening resume years benefits required multitask strong platform benefits
http,{Q3E9-Q7OQ83YK-0597EAQQ},02/25/2011 13:40:37,NWT0098,PC-4667,http://northropgrumman.com/WboUhagvat572113271.aspx,experience degree people multitask concepts responsibilities passion required resume interface resume self initiative concepts opening equivalent opening growth recruiter process customer equivalent contribute required report starter guidance multiple report concepts visual self resume team customer growth concepts on-time part-time platform people industry dynamic
http,{U4U4-C4TP85YE-0427VUCY},02/25/2011 15:27:36,NWT0098,PC-4667,http://yahoo.com/hotjobs/WboUhagvat752138490.php,industry skills permanent initiative part-time job equivalent multiple initiative report required degree technologies platform degree hours develop expert part-time interface experience strong starter customer multitask years strong on-time platform on-time technologies interface sales growth skills industry initiative contribute start sales dynamic engineer experience responsibilities contribute contribute growth experience skills
http,{H7T2-U0MN78FH-9013SBQX},02/28/2011 07:50:22,NWT0098,PC-4667,http://yahoo.com/hotjobs/WboUhagvat752138490.php,degree process multiple strong resume contribute degree strong skills people years required interface management growth platform years customer process growth dynamic develop platform job resume hours permanent contribute expert develop growth interface equivalent degree multitask platform growth concepts guidance multiple resume experience on-time start opening self analyze experience responsibilities resume equivalent salary visual
http,{Q2I0-Y2IA93JN-0196SLTK},02/28/2011 09:46:34,NWT0098,PC-4667,http://job-hunt.org/WboUhagvat919122234.html,resume team multiple concepts on-time equivalent starter strong multitask analyze growth expert customer part-time years resume process people on-line permanent passion skills skills develop dynamic required team sales visual opening resume dynamic sales platform analyze dynamic analyze contribute degree start technologies years technologies strong team customer
http,{Z4U6-T6CO16VC-4319EZKD},02/28/2011 11:27:04,NWT0098,PC-4667,http://boeing.com/WboUhagvat1904327536.htm,years resume benefits permanent experience strong on-time degree strong compensation multitask equivalent resume passion customer benefits process engineer management dynamic engineer on-time starter start opening contribute resume strong job concepts equivalent skills
http,{K9E1-H9IB21EP-0605TILC},02/28/2011 11:57:17,NWT0098,PC-4667,http://careerbuilder.com/WboUhagvat660170997.htm,resume compensation management degree multiple report multiple growth interface required multitask industry starter strong passion interface report years part-time team degree permanent analyze multiple process develop people concepts salary passion opening report opening team growth passion strong guidance develop on-time responsibilities growth required multiple required skills strong customer
http,{X0V3-D7YM01YP-4958HSUJ},02/28/2011 14:50:27,NWT0098,PC-4667,http://simplyhired.com/WboUhagvat57469130.jsp,start permanent industry contribute sales interface degree engineer skills sales technologies job salary starter job degree passion years people people skills team dynamic platform visual resume responsibilities compensation strong strong opening dynamic resume interface industry technologies multiple team years interface start experience team people salary opening multitask guidance
http,{Z8Y6-G5NF61YI-9670DOKS},02/28/2011 15:49:57,NWT0098,PC-4667,http://craigslist.org/WboUhagvat1105403916.aspx,sales multitask process develop analyze experience resume opening required concepts industry guidance industry years industry management equivalent part-time multiple benefits responsibilities call call report team engineer job multitask years multiple benefits experience interface initiative equivalent starter people experience resume benefits responsibilities customer visual management skills team job required benefits required growth concepts interface
http,{G4B7-M3CU35HG-2174ZIKY},02/28/2011 15:53:30,NWT0098,PC-4667,http://job-hunt.org/WboUhagvat919122234.html,compensation growth job people responsibilities multitask multitask permanent industry skills resume sales responsibilities growth industry technologies initiative benefits management part-time visual develop management compensation benefits people team contribute experience resume multiple industry experience dynamic management required skills part-time multiple customer concepts visual required start guidance growth experience team sales job on-time opening starter start growth interface resume experience
http,{J9M2-E3IF29TZ-7985SMQA},02/28/2011 16:07:07,NWT0098,PC-4667,http://linkedin.com/WboUhagvat1479839504.aspx,strong expert develop sales on-line engineer hours report resume develop strong on-line guidance industry resume experience passion on-time equivalent equivalent management develop equivalent skills visual start management interface skills growth degree years job technologies multitask sales people concepts opening
http,{E9T2-C3NH31FK-1059GHGS},02/28/2011 16:54:12,NWT0098,PC-4667,http://raytheon.com/WboUhagvat343187784.jsp,responsibilities opening report multitask passion growth responsibilities customer multitask multiple customer hours technologies resume multitask multitask benefits passion resume interface technologies experience guidance degree management skills analyze job start required interface opening degree platform start contribute expert resume required dynamic job opening dynamic experience team required multiple passion strong on-time passion required industry concepts expert
http,{C0R2-N2EV57JV-4298RVWR},03/01/2011 09:00:49,NWT0098,PC-4667,http://lockheedmartin.com/WboUhagvat1636367808.htm,management resume multitask develop report job industry develop on-time concepts technologies multiple develop salary report strong people develop process initiative team responsibilities resume recruiter sales start dynamic strong self permanent benefits sales sales on-time management team report people skills hours salary degree people team analyze salary team permanent
http,{A9E0-F0DN15TY-6110AZUS},03/01/2011 09:19:22,NWT0098,PC-4667,http://indeed.com/WboUhagvat1680703797.html,years team job customer opening on-time industry experience sales analyze report engineer technologies years multitask call industry customer degree multiple dynamic platform growth benefits job job passion start experience multitask platform self team experience concepts sales team guidance contribute process strong contribute growth responsibilities analyze growth responsibilities management dynamic start skills sales industry skills team dynamic contribute
http,{C6F8-H7BD86SH-4518ESDE},03/01/2011 10:39:43,NWT0098,PC-4667,http://linkedin.com/WboUhagvat1479839504.aspx,multitask multiple platform part-time degree initiative sales on-time degree strong dynamic part-time multiple opening growth initiative guidance passion contribute permanent recruiter initiative benefits dynamic platform responsibilities strong initiative people interface industry resume hours skills permanent contribute salary dynamic contribute
http,{F1F7-H0LR43FC-0827TOKC},03/01/2011 10:44:14,NWT0098,PC-4667,http://northropgrumman.com/WboUhagvat572113271.aspx,process equivalent interface customer industry report equivalent passion salary technologies strong years resume management resume process responsibilities initiative industry concepts dynamic self analyze contribute on-time resume platform multitask years experience customer multitask strong multiple industry skills multitask growth platform passion customer team industry skills skills sales develop passion sales team multiple degree team degree years sales resume growth engineer customer degree strong compensation
http,{I9D7-S0FO56XE-3839NBIY},03/01/2011 14:18:41,NWT0098,PC-4667,http://monster.com/WboUhagvat1180707852.html,develop multiple strong compensation permanent analyze growth technologies expert resume job permanent years required responsibilities skills degree multitask customer technologies resume technologies growth analyze team visual degree multitask passion experience passion customer required interface on-time contribute team technologies customer job starter call develop platform required management job resume part-time visual expert engineer required dynamic degree opening management
http,{Q0N8-E2NZ32WJ-4080RTZI},03/01/2011 14:38:15,NWT0098,PC-4667,http://monster.com/WboUhagvat1180707852.html,call permanent passion required report required process hours required industry salary concepts required contribute management skills sales resume job growth multiple customer equivalent self customer contribute resume required industry initiative start multitask platform self skills customer management degree experience technologies process permanent growth hours required contribute contribute contribute required
http,{Z5Z6-R5HH46DP-9013IRMG},03/01/2011 16:19:31,NWT0098,PC-4667,http://northropgrumman.com/WboUhagvat572113271.aspx,analyze resume strong dynamic degree guidance permanent responsibilities multitask contribute report team multitask multiple benefits required resume growth guidance self dynamic compensation guidance multitask recruiter years call management people permanent team strong multiple dynamic skills customer skills experience skills experience develop industry hours passion salary guidance industry multiple passion years analyze resume interface
http,{V1Y3-L9QT76CT-7140JLWP},03/02/2011 07:27:11,NWT0098,PC-4667,http://careerbuilder.com/WboUhagvat660170997.htm,guidance required hours opening experience compensation growth equivalent permanent management resume initiative guidance multiple people years dynamic expert multitask passion skills dynamic skills visual customer on-time guidance expert strong expert multiple required technologies dynamic resume benefits contribute passion platform develop responsibilities industry management customer initiative team industry report responsibilities contribute required start engineer required hours benefits sales years responsibilities required contribute permanent dynamic platform
http,{P6E7-A6IL89XS-5383EFWI},03/02/2011 09:11:09,NWT0098,PC-4667,http://northropgrumman.com/WboUhagvat572113271.aspx,experience industry sales degree growth initiative call permanent passion customer expert industry interface report guidance customer growth equivalent guidance interface multiple degree on-time equivalent benefits passion report self concepts required skills skills guidance interface job relocation skills visual analyze management benefits interface years
http,{X7V9-F3JI44LE-7753ITHC},03/02/2011 09:40:05,NWT0098,PC-4667,http://job-hunt.org/WboUhagvat919122234.html,report team guidance start concepts job customer degree technologies self opening customer start develop concepts multiple customer permanent required experience sales report skills guidance growth sales interface passion contribute experience people resume passion multitask job develop degree self years dynamic years required guidance sales multiple required opening required management strong guidance concepts multiple resume resume multitask starter analyze responsibilities sales
http,{A3Z0-W7XI80SJ-2833BJYO},03/02/2011 10:17:15,NWT0098,PC-4667,http://simplyhired.com/WboUhagvat57469130.jsp,equivalent report multiple customer customer dynamic multiple customer interface equivalent part-time passion management develop concepts job platform sales multitask technologies platform years develop interface platform initiative growth process years multitask experience degree customer years degree self analyze compensation multiple technologies visual years team initiative contribute years
http,{A1K9-L7QT51ZO-4071XOVF},03/03/2011 08:46:10,NWT0098,PC-4667,http://job-hunt.org/WboUhagvat919122234.html,multiple multitask initiative experience responsibilities growth opening contribute job compensation job call technologies platform develop concepts multiple benefits people required concepts growth required compensation multiple expert permanent platform initiative responsibilities concepts multiple team job multiple opening management growth multiple industry growth team
http,{O6B5-B7AQ78NG-2818NGPN},03/03/2011 08:52:53,NWT0098,PC-4667,http://northropgrumman.com/WboUhagvat572113271.aspx,equivalent degree job guidance guidance growth multiple initiative job skills responsibilities permanent passion resume contribute opening develop self required relocation initiative develop permanent visual benefits responsibilities industry opening people benefits resume skills initiative strong team analyze skills sales starter degree multitask dynamic growth experience required compensation multiple contribute degree multitask start skills technologies years sales develop responsibilities resume contribute multitask team permanent experience customer compensation opening benefits
http,{C0O7-M2KN40XR-4091HJVM},03/03/2011 09:50:32,NWT0098,PC-4667,http://careerbuilder.com/WboUhagvat660170997.htm,expert salary equivalent customer multitask start degree management platform passion job customer degree technologies benefits part-time self starter contribute on-time multitask equivalent degree hours resume job experience resume job years required strong dynamic skills team customer job skills years develop years interface growth platform dynamic required equivalent contribute years process required job industry analyze permanent process years responsibilities customer customer interface equivalent
http,{Y0D2-U9VQ75QB-9707MDWB},03/03/2011 11:51:43,NWT0098,PC-4667,http://yahoo.com/hotjobs/WboUhagvat752138490.php,contribute growth multitask strong resume visual analyze platform engineer permanent management self salary responsibilities salary degree engineer industry required resume contribute years responsibilities starter platform on-line multitask growth platform interface customer initiative platform platform on-line dynamic resume permanent multitask degree start dynamic resume degree
http,{A4N2-P1GM54GS-4135YTNE},03/03/2011 11:52:58,NWT0098,PC-4667,http://boeing.com/WboUhagvat1904327536.htm,dynamic job multiple technologies multitask resume permanent platform initiative dynamic concepts customer benefits sales degree industry required expert report experience multiple contribute growth experience resume customer self experience permanent on-time required multitask customer opening management passion resume resume sales experience concepts people interface benefits customer dynamic
http,{W5E3-H0WX30RA-9933QLTB},03/03/2011 12:34:54,NWT0098,PC-4667,http://careerbuilder.com/WboUhagvat660170997.htm,analyze resume engineer hours strong relocation resume expert industry concepts industry technologies strong equivalent initiative benefits multitask skills process benefits permanent interface resume sales team industry dynamic team compensation develop resume equivalent part-time part-time multitask call benefits develop responsibilities years dynamic responsibilities on-time experience multiple concepts customer growth
http,{S5V1-K4CH77CX-5905PGHG},03/03/2011 14:51:28,NWT0098,PC-4667,http://northropgrumman.com/WboUhagvat572113271.aspx,start management platform permanent experience required required multitask resume on-line initiative self contribute management develop equivalent technologies guidance technologies growth process benefits strong start team engineer years concepts job degree skills benefits industry degree engineer industry people strong permanent multitask process management on-line concepts technologies management develop guidance growth passion develop opening opening contribute compensation contribute industry permanent management growth self people
http,{B3O3-F0NN85XG-7560HURI},03/03/2011 14:56:21,NWT0098,PC-4667,http://careerbuilder.com/WboUhagvat660170997.htm,resume skills years benefits interface skills salary on-time degree analyze platform required experience customer resume degree report degree benefits process required report
http,{L0N4-W4YV74BU-0809JOLX},03/03/2011 15:40:10,NWT0098,PC-4667,http://boeing.com/WboUhagvat1904327536.htm,equivalent required required multiple passion opening resume growth required technologies required equivalent responsibilities initiative on-line passion contribute initiative job expert passion start report management people hours guidance permanent resume industry interface years management resume years degree technologies job customer opening analyze platform team degree starter multiple permanent people multitask opening
http,{W5I8-W0RL84UT-5773DPUX},03/03/2011 16:47:04,NWT0098,PC-4667,http://harris.com/WboUhagvat1919385663.htm,guidance equivalent degree process interface required degree start multitask engineer required benefits permanent resume sales technologies people resume opening multitask degree platform guidance equivalent growth customer growth concepts recruiter technologies equivalent customer management skills interface job resume passion required equivalent required resume interface required contribute contribute years skills start
http,{F0L9-E3WL29GZ-4845XZDU},03/04/2011 09:21:14,NWT0098,PC-4667,http://indeed.com/WboUhagvat1680703797.html,technologies initiative team years interface degree years industry team opening required equivalent skills interface develop skills required industry skills growth contribute responsibilities job contribute experience permanent initiative on-line contribute contribute permanent guidance experience dynamic start job expert experience concepts degree contribute customer job team opening industry initiative equivalent benefits dynamic concepts sales report growth dynamic
http,{Z6B2-S7DI65AX-7047MAFY},03/04/2011 10:30:15,NWT0098,PC-4667,http://aol.com/jobs/WboUhagvat1963819229.jsp,growth management management start equivalent contribute resume start process skills interface hours degree expert concepts multitask passion salary team report on-time self initiative contribute on-time start growth initiative degree dynamic develop technologies contribute call job multiple multitask expert compensation skills degree interface resume equivalent contribute team compensation management analyze initiative platform passion multiple years benefits self
http,{P1C2-H5XJ84CO-3168DTDG},03/04/2011 12:03:58,NWT0098,PC-4667,http://linkedin.com/WboUhagvat1479839504.aspx,expert job industry salary required starter call multiple opening years management growth sales degree passion technologies people engineer people multitask degree customer resume customer multitask opening platform resume people industry expert start compensation platform management resume contribute opening technologies multitask multitask report resume on-line interface degree degree process analyze people management required people process
http,{Z6P1-G5RB66CK-6451GLNG},03/04/2011 13:49:49,NWT0098,PC-4667,http://boeing.com/WboUhagvat1904327536.htm,expert guidance analyze experience experience required responsibilities platform sales interface analyze people compensation interface technologies guidance required equivalent part-time opening concepts growth benefits growth opening responsibilities skills benefits interface growth interface platform resume responsibilities degree contribute benefits expert opening dynamic dynamic required industry platform degree report interface contribute contribute concepts customer job equivalent
http,{T0R8-B5UG93PG-2059OTCB},03/04/2011 14:32:40,NWT0098,PC-4667,http://northropgrumman.com/WboUhagvat572113271.aspx,equivalent sales strong years contribute concepts responsibilities degree self experience experience on-time job concepts develop on-time sales concepts multiple growth responsibilities benefits industry equivalent experience relocation resume salary growth technologies required multiple skills benefits passion growth years experience dynamic concepts skills report resume guidance strong start process report years years people part-time skills required contribute interface
http,{F0J0-E7UV59QH-8311ELQB},03/04/2011 14:54:01,NWT0098,PC-4667,http://craigslist.org/WboUhagvat1105403916.aspx,experience customer skills sales people develop contribute permanent growth experience interface report industry skills responsibilities on-time interface skills opening expert experience develop skills develop hours team years develop strong technologies benefits benefits multitask benefits growth multiple growth relocation compensation multitask equivalent interface relocation
http,{H2B9-L7GB64FR-1617UPLV},03/04/2011 16:05:41,NWT0098,PC-4667,http://linkedin.com/WboUhagvat1479839504.aspx,report resume technologies contribute resume guidance guidance passion report dynamic analyze job people responsibilities platform guidance interface guidance recruiter starter experience people engineer strong responsibilities team call report guidance industry strong permanent opening management sales dynamic multitask opening strong degree concepts part-time multiple develop strong job platform multiple initiative management benefits expert visual degree team
http,{A9B7-Z7EH28AX-0185NUFG},03/07/2011 08:42:07,NWT0098,PC-4667,http://aol.com/jobs/WboUhagvat1963819229.jsp,on-line multitask job required opening sales resume platform analyze analyze industry develop benefits responsibilities resume contribute industry industry resume skills responsibilities process benefits required industry expert resume dynamic required benefits management platform dynamic compensation start platform job sales required customer concepts expert required customer people opening growth growth contribute technologies customer
http,{W7Z0-F5JF53VT-2380IHCX},03/07/2011 10:09:32,NWT0098,PC-4667,http://linkedin.com/WboUhagvat1479839504.aspx,sales opening resume salary technologies equivalent strong concepts management technologies passion starter relocation years people initiative equivalent opening equivalent benefits management degree opening multiple contribute develop required expert years analyze hours years platform resume customer team passion experience platform years responsibilities starter management concepts develop guidance growth skills equivalent degree interface people resume concepts degree resume
http,{U9W7-H8JT83XR-5734JNVE},03/07/2011 10:59:25,NWT0098,PC-4667,http://jobhuntersbible.com/WboUhagvat1258877042.aspx,analyze on-time report management people years develop sales process job people resume hours multiple degree equivalent job growth people report develop sales management report resume people strong industry equivalent platform growth resume experience multitask dynamic strong interface required contribute team team responsibilities team passion analyze benefits team platform report experience
http,{M7E1-R9QI34ZC-7571ZILR},03/07/2011 12:56:12,NWT0098,PC-4667,http://careerbuilder.com/WboUhagvat660170997.htm,engineer growth report develop develop guidance compensation process relocation report self industry management opening growth passion start multiple salary passion interface start engineer required opening skills responsibilities contribute resume resume strong responsibilities responsibilities required industry responsibilities platform passion
http,{D0T3-S7OD40AT-1130CLDW},03/07/2011 13:19:56,NWT0098,PC-4667,http://jobhuntersbible.com/WboUhagvat1258877042.aspx,opening start platform skills skills job responsibilities strong multiple interface process equivalent people multitask hours compensation degree responsibilities expert required resume dynamic job guidance self years equivalent responsibilities resume start people equivalent opening develop multitask expert customer part-time degree responsibilities sales resume initiative required resume required people required initiative degree interface contribute permanent experience years customer people concepts experience
http,{Z2I0-S1NY13QU-5164OXVE},03/07/2011 13:51:27,NWT0098,PC-4667,http://indeed.com/WboUhagvat1680703797.html,visual multitask customer contribute technologies on-time industry interface permanent initiative technologies part-time responsibilities multiple skills resume permanent on-time management responsibilities multiple hours platform management salary multitask required analyze multitask platform expert responsibilities resume salary management multitask management skills passion degree on-time skills opening sales industry customer concepts years develop start start multitask hours starter responsibilities required starter
http,{B2T6-Z5CW43TH-1050FHXJ},03/07/2011 13:54:48,NWT0098,PC-4667,http://craigslist.org/WboUhagvat1105403916.aspx,analyze strong platform degree contribute initiative customer compensation initiative passion people expert concepts develop degree team multiple required years opening initiative part-time management sales sales technologies growth visual team industry dynamic management growth compensation guidance contribute compensation part-time dynamic years platform growth experience responsibilities customer strong skills start management responsibilities responsibilities initiative technologies resume years report develop expert platform dynamic resume passion passion
http,{E1K9-T2UT54PE-9464SPBV},03/07/2011 13:56:32,NWT0098,PC-4667,http://monster.com/WboUhagvat1180707852.html,expert sales customer contribute equivalent years resume expert strong report team degree job develop contribute initiative contribute experience guidance passion years report salary growth compensation sales contribute team self sales equivalent contribute platform contribute degree guidance skills self salary salary hours job resume skills equivalent report equivalent equivalent degree interface salary degree required customer experience industry strong
http,{L2G3-R6FU59MW-4455JQZQ},03/08/2011 10:35:02,NWT0098,PC-4667,http://harris.com/WboUhagvat1919385663.htm,opening platform permanent required multiple dynamic sales dynamic develop start people resume passion equivalent expert years guidance report management team multitask concepts dynamic compensation people team initiative experience dynamic self experience growth resume analyze interface skills years required concepts opening responsibilities experience permanent growth equivalent years report industry years multitask opening years guidance develop sales team contribute sales contribute develop resume start years years platform initiative sales resume technologies
http,{F6J4-V4CI20NY-9663QNTS},03/08/2011 11:37:54,NWT0098,PC-4667,http://linkedin.com/WboUhagvat1479839504.aspx,skills degree contribute customer skills guidance opening required hours degree opening resume opening job customer customer passion sales initiative experience required years resume platform initiative multitask people years experience multiple team customer skills multiple salary required permanent contribute degree resume team required develop required technologies passion equivalent responsibilities people report degree skills analyze management interface hours
http,{R6I2-T4RF50CB-6722RCVM},03/08/2011 16:36:00,NWT0098,PC-4667,http://hp.com/WboUhagvat1944152218.jsp,platform job platform job skills dynamic team sales multitask process job starter skills required dynamic expert required strong customer growth degree on-time multiple start required develop expert technologies people multitask strong resume required compensation responsibilities self management strong multitask hours report people people develop process required skills analyze skills skills multiple platform years
