type,id,date,user,pc,to,cc,bcc,from,size,attachments,content
email,{Z0I1-B1SQ95WL-3540DIWQ},02/23/2011 14:15:14,CQW0652,PC-3449,Kylie.H.Scott@northropgrumman.com,,,Chastity.Quyn.Wilkerson@dtaa.com,24300,0,on-time experience on-time interface opening interface start platform multiple platform report permanent growth multitask multitask platform contribute multitask resume people responsibilities on-time permanent customer multitask compensation technologies expert growth on-time analyze call
email,{C9U4-U3WE87SX-7898YAKL},02/28/2011 09:56:39,CQW0652,PC-3449,Kylie.H.Scott@northropgrumman.com,,,Chastity.Quyn.Wilkerson@dtaa.com,19643,0,multitask benefits self strong on-line on-time resume passion required degree process industry permanent opening skills benefits team resume report interface people job resume management degree multiple guidance experience responsibilities contribute years opening passion multitask resume interface years experience interface sales part-time benefits experience multitask team job management develop develop
email,{X9E0-V5EZ52AL-6023EGWA},02/28/2011 13:50:15,CQW0652,PC-3449,Kylie.H.Scott@northropgrumman.com,,,Chastity.Quyn.Wilkerson@dtaa.com,31658,0,concepts analyze opening growth on-time benefits contribute multitask process job job resume industry years relocation skills permanent technologies benefits team multitask multitask hours strong multitask concepts recruiter dynamic resume years contribute report required equivalent management platform part-time required experience develop analyze analyze strong concepts opening people customer permanent passion develop sales visual industry people self opening contribute part-time experience industry equivalent passion
email,{O3R6-Z3DW25JX-4139JLSB},03/03/2011 15:24:00,CQW0652,PC-3449,Kylie.H.Scott@northropgrumman.com,,,Chastity.Quyn.Wilkerson@dtaa.com,32077,0,multitask job experience contribute growth permanent management customer engineer industry visual interface platform passion interface experience required experience equivalent call resume concepts resume degree guidance resume opening technologies customer starter experience degree resume resume customer
email,{I7G4-R4DC23NL-8051WSNH},03/03/2011 18:00:54,CQW0652,PC-3449,Kylie.H.Scott@northropgrumman.com,,,Chastity.Quyn.Wilkerson@dtaa.com,61657,0,expert contribute process multiple platform years develop report technologies develop industry platform equivalent experience degree guidance responsibilities platform skills recruiter people degree required strong skills report multiple relocation degree customer develop contribute skills required degree years contribute years job passion
email,{J0W4-G2AO82IP-2672ORFR},03/09/2011 15:50:27,CQW0652,PC-3449,Kylie.H.Scott@northropgrumman.com,,,Chastity.Quyn.Wilkerson@dtaa.com,24666,0,people job starter skills initiative report management strong job visual multiple dynamic passion on-line responsibilities salary multiple experience recruiter responsibilities resume opening required skills resume start sales required equivalent benefits strong multitask dynamic years start technologies platform analyze team responsibilities experience report dynamic salary passion skills multitask technologies
email,{N8W6-C5DE07NC-7936CQUI},03/09/2011 20:56:41,CQW0652,PC-3449,Kylie.H.Scott@northropgrumman.com,,,Chastity.Quyn.Wilkerson@dtaa.com,26903,0,years salary required growth process concepts salary experience process develop dynamic multitask expert resume relocation contribute experience visual part-time benefits develop experience starter required multiple multiple people multiple report multiple analyze
email,{Q6M1-M6RP75ON-4651BCLS},03/10/2011 09:31:28,CQW0652,PC-3449,Kylie.H.Scott@northropgrumman.com,,,Chastity.Quyn.Wilkerson@dtaa.com,37612,0,develop customer process growth resume multiple degree required years multiple team platform self skills years skills report multitask management contribute required engineer technologies opening experience part-time job salary years degree degree experience interface multitask recruiter
email,{U9H5-G6US50AY-7156SJXP},03/10/2011 12:27:48,CQW0652,PC-3449,Kylie.H.Scott@northropgrumman.com,,,Chastity.Quyn.Wilkerson@dtaa.com,39947,0,team responsibilities growth customer part-time concepts opening start job people multiple industry engineer develop strong platform contribute on-time job resume equivalent guidance relocation expert skills dynamic growth on-line report multitask process multitask job industry dynamic required multitask expert resume resume skills self technologies permanent analyze years customer growth customer years management on-time passion experience hours people compensation
email,{U4H0-D4RP17SK-5270SMGC},03/10/2011 12:39:17,CQW0652,PC-3449,Kylie.H.Scott@northropgrumman.com,,,Chastity.Quyn.Wilkerson@dtaa.com,61604,0,platform analyze skills skills concepts skills responsibilities guidance concepts dynamic analyze multitask contribute management multiple opening technologies part-time industry platform technologies passion team years team report sales report start permanent initiative passion degree job benefits people degree
email,{S9N1-N3BF76UV-2442XIPS},04/05/2011 15:30:53,CQW0652,PC-3449,Hedwig.Regina.Livingston@dtaa.com,,,Chastity.Quyn.Wilkerson@dtaa.com,26402,0,week position week position thanks of week week of exit notice letter my resignation position my opportunity 2 notice of of letter of resign position my my opportunity 2 2 interview week 2 letter of position resignation my letter my resign resignation resign resign resign 2 2 tender position interview resign resignation tender notice opportunity letter opportunity key of week week my
