type,id,date,user,pc,activity
device,{Y0S7-E3BQ15PC-3527FGTQ},02/03/2011 09:01:40,MDH0580,PC-4579,Connect
device,{B8T8-R5EQ87SC-5468SGRK},02/03/2011 09:44:23,MDH0580,PC-4579,Disconnect
device,{U9L0-X8HA24YQ-1724SLPX},02/03/2011 09:53:45,MDH0580,PC-4579,Connect
device,{P3W3-I9CC16DM-4214QIET},02/03/2011 09:57:40,MDH0580,PC-4579,Disconnect
device,{M9C4-I0LF25RI-0865BKZU},02/03/2011 10:34:45,MDH0580,PC-4579,Connect
device,{A2P7-B7AM50OB-3125JJZM},02/03/2011 11:46:01,MDH0580,PC-4579,Disconnect
device,{K5G5-C0QJ13GU-6368ZYFV},02/03/2011 12:10:05,MDH0580,PC-4579,Connect
device,{Y2H0-P3DR50JI-0710FBCO},02/03/2011 13:07:50,MDH0580,PC-4579,Disconnect
device,{D4V5-K2JG42AT-3018KBVY},02/03/2011 14:17:54,MDH0580,PC-4579,Connect
device,{C2E6-U0WY93ZF-5990KVNM},02/03/2011 14:45:07,MDH0580,PC-4579,Disconnect
device,{D1G2-J3GB38JE-8144UFZL},02/03/2011 17:00:13,MDH0580,PC-4579,Connect
device,{P1R7-V6QT76RE-1582OWYV},02/03/2011 18:01:13,MDH0580,PC-4579,Disconnect
device,{W1L9-T8OF05JI-0281WEDU},02/03/2011 18:05:45,MDH0580,PC-4579,Connect
device,{U0K2-X5RE95IP-5193UMJX},02/03/2011 18:36:42,MDH0580,PC-4579,Disconnect
device,{W2K2-H8GJ99SL-1902KMBY},02/08/2011 08:40:32,MDH0580,PC-4579,Connect
device,{L2O4-Q6LT20CW-7861BWIB},02/08/2011 08:53:11,MDH0580,PC-4579,Disconnect
device,{S8I0-L7ZQ62SE-7463YVHY},02/08/2011 08:58:36,MDH0580,PC-4579,Connect
device,{G8S0-Z9VS34UW-3641MBDZ},02/08/2011 09:37:36,MDH0580,PC-4579,Disconnect
device,{J3M1-J6QX59ZS-4660TDSZ},02/08/2011 09:37:48,MDH0580,PC-4579,Connect
device,{D2X1-H5HE28FO-3710JSLF},02/08/2011 09:40:38,MDH0580,PC-4579,Disconnect
device,{O3U0-Y6EY63SI-7409XOBE},02/08/2011 10:13:27,MDH0580,PC-4579,Connect
device,{K9A6-P4XP47LZ-0087MRDT},02/08/2011 10:22:01,MDH0580,PC-4579,Disconnect
device,{W1D7-Y3QY36OU-5747MVYV},02/08/2011 10:47:45,MDH0580,PC-4579,Connect
device,{T5X0-Q4JM97OQ-7378MEUN},02/08/2011 11:10:46,MDH0580,PC-4579,Disconnect
device,{L0H2-Z4RF22RM-3022AURB},02/08/2011 13:37:20,MDH0580,PC-4579,Connect
device,{Y7R3-G3KT38SG-7060MXPV},02/08/2011 13:47:10,MDH0580,PC-4579,Disconnect
device,{E4E8-T5NH43RW-0135LUVD},02/11/2011 09:12:29,MDH0580,PC-4579,Connect
device,{A9I5-Z3UB52WZ-7709MVLX},02/11/2011 09:56:03,MDH0580,PC-4579,Disconnect
device,{R9Q9-O1SM01FW-7231UPZE},02/11/2011 10:44:25,MDH0580,PC-4579,Connect
device,{V8G8-I0LA70BJ-9811VVUK},02/11/2011 10:56:41,MDH0580,PC-4579,Disconnect
device,{B3E5-P9ZM86WA-1628TQMS},02/11/2011 14:25:04,MDH0580,PC-4579,Connect
device,{W6D8-U8IG44VA-3777UBZX},02/11/2011 15:03:31,MDH0580,PC-4579,Disconnect
device,{M4Y3-G6YZ72NZ-6531NCWR},02/11/2011 15:54:12,MDH0580,PC-4579,Connect
device,{J1X7-C3IK72UI-3496EDDD},02/11/2011 16:06:14,MDH0580,PC-4579,Disconnect
device,{P4E6-I8DR86MN-5139LLIW},02/11/2011 17:37:20,MDH0580,PC-4579,Connect
device,{T4O8-P6CK61EM-6445ODXV},02/11/2011 17:57:55,MDH0580,PC-4579,Disconnect
device,{X9P1-K6LY94IY-0945LFUA},02/17/2011 10:59:59,MDH0580,PC-4579,Connect
device,{X1M2-S8AI61PZ-1896AVVG},02/17/2011 11:01:38,MDH0580,PC-4579,Disconnect
device,{A2F7-I6FV66GB-2128KFGY},02/17/2011 11:02:41,MDH0580,PC-4579,Connect
device,{L3Q8-D2QD15OY-9467IEVB},02/17/2011 11:18:41,MDH0580,PC-4579,Disconnect
device,{Y5V5-F7AQ63HI-5109XLCR},02/17/2011 12:40:10,MDH0580,PC-4579,Connect
device,{Q3K0-C6SU49HW-3980YJVW},02/17/2011 13:08:09,MDH0580,PC-4579,Disconnect
device,{J3R7-R8PV38MQ-1075WVPO},02/17/2011 13:30:07,MDH0580,PC-4579,Connect
device,{Q4A3-E3RL72TV-1922NBBJ},02/17/2011 13:34:23,MDH0580,PC-4579,Disconnect
device,{X7X9-V3KN97WO-6293IWLT},02/17/2011 13:37:47,MDH0580,PC-4579,Connect
device,{I0S6-E6UA14YQ-8405KGXI},02/17/2011 13:46:59,MDH0580,PC-4579,Disconnect
device,{Z5A8-S5YM74NS-1323APXU},02/17/2011 13:56:00,MDH0580,PC-4579,Connect
device,{K1Q1-L0GS37GQ-6018HLFI},02/17/2011 14:01:20,MDH0580,PC-4579,Disconnect
device,{U2C5-S1BV58PW-9474OFJG},02/18/2011 08:18:07,MDH0580,PC-4579,Connect
device,{Q9J7-Q0DF04CX-9244HJTF},02/18/2011 08:21:03,MDH0580,PC-4579,Disconnect
device,{T9F9-A5BJ48BH-5562TLZI},02/18/2011 09:53:50,MDH0580,PC-4579,Connect
device,{A9I3-B1JJ67JK-1235JNOS},02/18/2011 09:55:07,MDH0580,PC-4579,Disconnect
device,{C6N5-I4RC76DI-8192ACZQ},02/18/2011 11:34:09,MDH0580,PC-4579,Connect
device,{K5V5-G3PX10CW-1978FYKJ},02/18/2011 11:38:11,MDH0580,PC-4579,Disconnect
device,{S4U8-K1VI41VX-7978LIAK},02/18/2011 12:27:30,MDH0580,PC-4579,Connect
device,{Q0R1-Q1WC39AB-1427UPSX},02/18/2011 12:38:12,MDH0580,PC-4579,Disconnect
device,{B8Z3-G4TI07LC-7256EGDA},02/18/2011 12:59:58,MDH0580,PC-4579,Connect
device,{S5L6-E2XT52OE-8416IFUY},02/18/2011 13:03:17,MDH0580,PC-4579,Disconnect
device,{L1F2-I5HR44LK-8153QGYG},02/18/2011 13:22:41,MDH0580,PC-4579,Connect
device,{U3A3-A0YL18CH-8138JEQE},02/18/2011 13:56:27,MDH0580,PC-4579,Disconnect
device,{V6A7-M4VL60PT-3975IHDN},02/18/2011 14:25:17,MDH0580,PC-4579,Connect
device,{K6D2-D1EY58CI-4894RWMK},02/18/2011 14:41:24,MDH0580,PC-4579,Disconnect
device,{L5H5-U2HE80AM-2943RQRI},02/28/2011 08:48:10,MDH0580,PC-4579,Connect
device,{K3M2-F6AQ15KW-6581SNNG},02/28/2011 08:49:57,MDH0580,PC-4579,Disconnect
device,{O5W2-R5RI16ZR-6412CEBE},02/28/2011 08:52:36,MDH0580,PC-4579,Connect
device,{P9K5-K6QA33JJ-6452FLXJ},02/28/2011 09:50:12,MDH0580,PC-4579,Disconnect
device,{E7R6-S3CU18EN-0120OKYG},02/28/2011 10:03:52,MDH0580,PC-4579,Connect
device,{K1J0-T1LM74FQ-2351RBPB},02/28/2011 10:24:19,MDH0580,PC-4579,Disconnect
device,{G5L7-Y1TQ37NM-7000HXDX},02/28/2011 12:03:14,MDH0580,PC-4579,Connect
device,{R9L7-O4GS82YK-1035PIOM},02/28/2011 12:15:04,MDH0580,PC-4579,Disconnect
device,{T7D8-Y3QZ03YG-2267QYHZ},02/28/2011 12:33:10,MDH0580,PC-4579,Connect
device,{R3O7-L1UQ25GD-8112MGSJ},02/28/2011 12:56:30,MDH0580,PC-4579,Disconnect
device,{P7K7-A7OC43NI-5525UNBD},02/28/2011 13:20:19,MDH0580,PC-4579,Connect
device,{L7M1-L5AN29XV-5762VTSI},02/28/2011 13:50:22,MDH0580,PC-4579,Disconnect
device,{K5L6-O9ST32JR-3522RMGS},03/03/2011 10:49:13,MDH0580,PC-4579,Connect
device,{U9Y1-S6WW11SR-3056OBIC},03/03/2011 10:52:25,MDH0580,PC-4579,Disconnect
device,{G8L2-Y6YJ67OQ-2609MOZN},03/03/2011 10:54:12,MDH0580,PC-4579,Connect
device,{W2X8-J0ZP63MQ-7331BPUR},03/03/2011 10:57:41,MDH0580,PC-4579,Disconnect
device,{J6F4-I5CZ52OA-1689ZFNJ},03/03/2011 11:06:17,MDH0580,PC-4579,Connect
device,{A3Y3-L9ME14OX-9039GZHS},03/03/2011 11:14:15,MDH0580,PC-4579,Disconnect
device,{L3O0-C9XE15CI-9789OCMW},03/03/2011 11:15:12,MDH0580,PC-4579,Connect
device,{S1D5-P5NE43RM-3667NYBM},03/03/2011 11:15:31,MDH0580,PC-4579,Disconnect
device,{H7N8-B6AV11LA-5923CUTV},03/03/2011 11:36:56,MDH0580,PC-4579,Connect
device,{V7O1-A5IN22JN-2292GMUD},03/03/2011 11:40:25,MDH0580,PC-4579,Disconnect
