type,id,date,user,pc,to,cc,bcc,from,size,attachments,content
email,{G2W5-B2PG52YT-3962KGVL},11/29/2010 09:00:54,KRL0501,PC-7206,Justine_Pate@northropgrumman.com,,,Kirby.Ruby.Lyons@dtaa.com,51233,0,responsibilities multiple benefits management management customer multiple customer start platform process guidance resume guidance benefits skills interface job skills job multitask team dynamic salary report passion people multiple technologies report contribute multitask responsibilities resume experience process initiative team years permanent management report initiative passion strong platform growth customer part-time opening
email,{M7O4-G4MU30OA-7037RKZB},11/29/2010 16:19:55,KRL0501,PC-7206,Justine_Pate@northropgrumman.com,,,Kirby.Ruby.Lyons@dtaa.com,35524,0,dynamic part-time on-line relocation equivalent required growth passion multitask part-time passion hours concepts interface compensation technologies experience degree management permanent required team experience on-time growth platform degree resume permanent job management
email,{G1W7-U3VS12TB-5321VXPK},12/07/2010 10:02:58,KRL0501,PC-7206,Justine_Pate@northropgrumman.com,,,Kirby.Ruby.Lyons@dtaa.com,33519,0,visual on-time multiple start technologies guidance part-time job interface part-time part-time part-time interface interface degree growth required expert team on-line on-time skills report guidance equivalent multitask technologies industry experience initiative concepts dynamic multitask expert
email,{M8N8-V8MJ09PA-9994PWZC},12/07/2010 11:48:01,KRL0501,PC-7206,Justine_Pate@northropgrumman.com,,,Kirby.Ruby.Lyons@dtaa.com,48807,0,skills start customer job opening multiple growth job dynamic degree starter equivalent platform technologies sales management sales growth platform platform resume technologies customer job management strong initiative resume people people responsibilities job equivalent start technologies skills people interface experience initiative growth start resume dynamic experience sales required multitask guidance platform develop platform guidance team job years job technologies dynamic
email,{M7N8-H8EK99ZM-7174EKMJ},12/07/2010 16:51:39,KRL0501,PC-7206,Justine_Pate@northropgrumman.com,,,Kirby.Ruby.Lyons@dtaa.com,31291,0,degree interface resume sales team develop technologies passion report sales initiative initiative dynamic expert people multiple permanent dynamic job compensation contribute job job interface platform multitask start strong develop permanent contribute skills dynamic management analyze team concepts industry
email,{X3D1-K1PY45RE-2662EGOP},12/08/2010 12:27:05,KRL0501,PC-7206,Justine_Pate@northropgrumman.com,,,Kirby.Ruby.Lyons@dtaa.com,21281,0,interface expert degree growth multiple customer contribute report technologies start multiple develop start responsibilities develop experience concepts dynamic job concepts people strong degree skills skills multiple customer required contribute multiple growth interface platform customer dynamic salary multiple dynamic contribute management responsibilities analyze benefits initiative required engineer self develop customer team dynamic sales multitask starter permanent report multitask equivalent
email,{A7Y9-E7LD65KO-9390FEOQ},12/08/2010 16:04:50,KRL0501,PC-7206,Justine_Pate@northropgrumman.com,,,Kirby.Ruby.Lyons@dtaa.com,24054,0,expert benefits salary degree interface required multiple sales multiple required required expert customer team growth years opening industry benefits concepts guidance years job opening degree technologies dynamic experience process platform people multitask concepts self experience required passion opening degree management develop resume management process required dynamic responsibilities responsibilities starter dynamic
email,{A9M0-T7SP31AO-3088FNMM},12/14/2010 12:40:53,KRL0501,PC-7206,Justine_Pate@northropgrumman.com,,,Kirby.Ruby.Lyons@dtaa.com,18080,0,equivalent initiative strong start industry team management industry develop resume equivalent resume start part-time management team benefits resume people self process required dynamic equivalent people platform opening multiple on-time resume dynamic interface years experience contribute starter develop develop job compensation equivalent on-time concepts interface skills contribute concepts contribute report platform responsibilities sales skills concepts passion customer responsibilities industry team
email,{W3N2-T0VS58PQ-8054HFAB},12/14/2010 14:15:39,KRL0501,PC-7206,Justine_Pate@northropgrumman.com,,,Kirby.Ruby.Lyons@dtaa.com,30526,0,guidance resume management platform degree report hours guidance multiple customer develop hours call customer platform customer guidance required strong people years expert initiative experience experience start responsibilities experience required benefits develop contribute start interface degree salary degree concepts report skills passion skills customer contribute multitask report start customer job customer industry
email,{K4U3-U7ZQ18EK-2262UFLU},12/15/2010 16:28:26,KRL0501,PC-7206,Justine_Pate@northropgrumman.com,,,Kirby.Ruby.Lyons@dtaa.com,40771,0,develop call responsibilities skills contribute multitask on-time multitask opening growth develop dynamic customer start analyze multiple strong on-time multitask responsibilities responsibilities guidance equivalent required responsibilities management expert strong interface years interface responsibilities degree management required required team contribute develop growth sales benefits multiple resume industry responsibilities people
email,{T5T3-F1GQ70AQ-9713AYMT},12/15/2010 16:55:43,KRL0501,PC-7206,Justine_Pate@northropgrumman.com,,,Kirby.Ruby.Lyons@dtaa.com,40504,0,expert skills concepts dynamic responsibilities part-time growth experience initiative management responsibilities self growth responsibilities equivalent skills required expert develop multiple years responsibilities job resume passion multiple people resume required multitask equivalent analyze responsibilities degree years initiative permanent management starter passion multiple develop engineer develop report growth degree resume multitask hours report multitask resume
email,{W3O6-U6PJ96OH-7447TBLG},12/21/2010 15:27:33,KRL0501,PC-7206,Justine_Pate@northropgrumman.com,,,Kirby.Ruby.Lyons@dtaa.com,42666,0,management customer opening resume degree responsibilities sales multiple start platform opening on-time concepts strong multitask report call analyze skills technologies technologies responsibilities resume contribute salary degree engineer guidance equivalent hours dynamic years process experience management job
email,{F9L5-V9GY25XL-9389DRGR},12/21/2010 16:39:52,KRL0501,PC-7206,Justine_Pate@northropgrumman.com,,,Kirby.Ruby.Lyons@dtaa.com,40684,0,passion equivalent platform resume analyze people start multitask contribute years report multiple opening process degree permanent industry equivalent multitask responsibilities contribute people team equivalent customer equivalent technologies contribute sales technologies degree growth opening benefits strong guidance on-time team management customer start equivalent degree contribute contribute starter start starter guidance concepts job engineer
email,{Q0W4-A9ET30OW-7013VHZU},01/03/2011 16:49:56,KRL0501,PC-7206,Bert.Jason.Henderson@dtaa.com,,,Kirby.Ruby.Lyons@dtaa.com,21260,0,my key position tender exit letter resignation opportunity key position week exit letter of exit letter my resignation of week tender notice my letter resignation interview letter 2 2 2 of thanks my position resignation letter 2 2 week resign opportunity 2 of my key position position resignation opportunity interview letter opportunity week
