type,id,date,user,pc,url,content
http,{T8P2-Q7NM91FD-6065WUCG},09/07/2010 09:49:28,VSS0154,PC-6055,http://aol.com/jobs/WboUhagvat1963819229.jsp,concepts experience customer develop team experience management years starter strong degree analyze years analyze hours benefits technologies customer sales job experience contribute develop skills years develop resume skills initiative years report expert job initiative opening initiative process compensation skills customer hours team multiple multiple platform required industry concepts engineer report guidance team resume opening opening hours strong multiple opening people
http,{U6H8-F7SY75DY-6404QXMH},09/07/2010 10:57:50,VSS0154,PC-6055,http://simplyhired.com/WboUhagvat57469130.jsp,strong technologies salary compensation years start opening resume degree report report sales job degree growth industry sales report multiple guidance multitask team permanent report team initiative concepts report resume degree self dynamic multitask people customer benefits experience multitask guidance
http,{C8P9-V5YU42UZ-2350DQJS},09/07/2010 11:29:34,VSS0154,PC-6055,http://aol.com/jobs/WboUhagvat1963819229.jsp,compensation starter sales growth platform strong degree degree years equivalent platform industry sales benefits customer start team responsibilities benefits years team benefits self compensation
http,{M4Z6-N7NF71AF-3650OSJC},09/07/2010 11:59:00,VSS0154,PC-6055,http://lockheedmartin.com/WboUhagvat1636367808.htm,analyze growth equivalent on-time team skills resume multitask multiple required customer growth on-time concepts multitask multitask skills growth platform permanent strong experience start experience team team people hours resume customer concepts opening on-time start analyze passion resume resume start required start team equivalent guidance part-time equivalent starter
http,{O9U3-D4EI17GU-1246NQXJ},09/07/2010 15:57:33,VSS0154,PC-6055,http://raytheon.com/WboUhagvat343187784.jsp,multitask industry management equivalent guidance develop concepts degree team on-time required resume multitask permanent years degree sales passion strong analyze sales resume develop opening dynamic benefits team team required interface hours guidance multiple benefits multiple growth sales passion experience initiative analyze analyze industry degree experience strong required benefits concepts opening compensation multitask guidance strong required skills benefits
http,{O2Y6-G6ZD81CF-8465LROP},09/07/2010 16:36:32,VSS0154,PC-6055,http://jobhuntersbible.com/WboUhagvat1258877042.aspx,experience develop passion concepts job develop team years customer years customer required skills management concepts skills interface equivalent compensation compensation develop degree concepts platform expert customer multiple call dynamic team years skills guidance analyze resume years sales multitask on-time people opening growth develop sales years opening technologies years compensation resume team multitask experience start strong multitask skills
http,{J7C8-F4BU34FF-4055CDWA},09/08/2010 09:20:25,VSS0154,PC-6055,http://simplyhired.com/WboUhagvat57469130.jsp,concepts required skills expert growth growth initiative required customer expert concepts analyze industry expert guidance industry multitask develop multiple compensation concepts permanent concepts degree resume platform contribute permanent technologies experience responsibilities interface years contribute interface interface permanent multitask multiple guidance multitask strong expert skills team sales develop concepts passion benefits skills job guidance multitask analyze required years resume years team platform
http,{E4R9-N8FW07WR-8891VIYR},09/08/2010 10:18:58,VSS0154,PC-6055,http://yahoo.com/hotjobs/WboUhagvat752138490.php,equivalent job skills years people multiple management people compensation customer resume compensation multiple responsibilities dynamic analyze degree required multitask concepts experience concepts platform customer contribute develop process resume expert expert team technologies management permanent interface benefits develop platform concepts growth expert growth growth required engineer experience management team dynamic benefits resume people customer industry concepts platform equivalent concepts analyze benefits
http,{G9O7-N4BD89ZV-0672MRVK},09/08/2010 11:18:48,VSS0154,PC-6055,http://hp.com/WboUhagvat1944152218.jsp,degree people responsibilities degree platform responsibilities customer on-time equivalent years report opening experience degree self compensation technologies technologies on-time multitask dynamic team technologies guidance required industry years strong resume resume industry starter develop job guidance strong management report customer sales contribute technologies
http,{J0N9-N7IZ47JG-4480IFQO},09/08/2010 12:40:34,VSS0154,PC-6055,http://simplyhired.com/WboUhagvat57469130.jsp,required resume degree years responsibilities salary initiative job experience contribute strong industry part-time permanent dynamic equivalent experience required initiative technologies years multiple engineer expert team dynamic passion multitask engineer salary responsibilities multitask
http,{C4K8-S2DA48MC-7363RFFI},09/08/2010 14:14:24,VSS0154,PC-6055,http://harris.com/WboUhagvat1919385663.htm,dynamic sales opening years initiative concepts technologies degree visual engineer required concepts skills permanent dynamic platform analyze degree initiative passion growth skills develop opening required hours multitask responsibilities interface team skills develop industry growth sales develop responsibilities skills dynamic industry experience experience customer industry required equivalent multitask customer skills
http,{S4G1-K1OM12LV-6772KEUV},09/08/2010 14:46:39,VSS0154,PC-6055,http://simplyhired.com/WboUhagvat57469130.jsp,experience contribute growth management report skills initiative skills job expert opening degree hours develop passion equivalent multiple expert job analyze responsibilities recruiter hours multitask team technologies required sales team engineer responsibilities initiative relocation customer benefits salary years customer industry concepts industry responsibilities benefits start benefits job skills degree
http,{N7P1-A6CM31FE-6072YKUT},09/08/2010 14:47:08,VSS0154,PC-6055,http://monster.com/WboUhagvat1180707852.html,initiative benefits degree dynamic dynamic years opening part-time on-time multitask interface technologies dynamic expert technologies dynamic resume on-time dynamic equivalent years analyze sales platform contribute analyze resume resume on-line sales experience expert concepts multiple opening management analyze skills develop degree experience guidance interface degree sales salary customer
http,{U3C5-M5WQ11UI-5357DMTE},09/08/2010 18:15:37,VSS0154,PC-6055,http://raytheon.com/WboUhagvat343187784.jsp,degree report hours industry strong industry technologies team years job contribute part-time initiative experience process initiative resume experience contribute strong multitask team required multiple growth resume multitask platform industry sales contribute on-line management opening multitask dynamic skills visual years develop dynamic multiple strong benefits job skills customer required industry sales people dynamic salary growth
http,{F3I7-O1VN27BX-3559JJHH},09/09/2010 18:26:46,VSS0154,PC-6055,http://careerbuilder.com/WboUhagvat660170997.htm,opening concepts years experience develop management skills report people self equivalent initiative experience multitask team strong required engineer team analyze management initiative experience dynamic benefits job initiative equivalent report degree start passion guidance management expert permanent sales expert years equivalent responsibilities technologies equivalent contribute passion skills industry multiple experience responsibilities
http,{M7D1-N8PS82GL-1692ZWJR},09/10/2010 09:33:20,VSS0154,PC-6055,http://raytheon.com/WboUhagvat343187784.jsp,responsibilities experience strong technologies management self multitask process part-time customer customer skills experience customer team responsibilities skills develop compensation multitask growth hours engineer start platform on-time people develop responsibilities required salary experience customer passion equivalent strong job multiple opening customer technologies part-time develop sales
http,{O7W6-M9SV07FY-8591ZCEL},09/10/2010 11:04:39,VSS0154,PC-6055,http://simplyhired.com/WboUhagvat57469130.jsp,interface contribute passion report part-time passion people responsibilities benefits guidance concepts responsibilities develop job multiple part-time equivalent years customer industry skills initiative years team sales passion job strong multiple contribute multitask opening dynamic skills experience analyze contribute skills team skills team expert benefits growth visual report salary experience contribute platform experience self opening management
http,{D4F9-A3BZ09CU-3944EYPY},09/13/2010 08:44:05,VSS0154,PC-6055,http://harris.com/WboUhagvat1919385663.htm,industry customer experience sales start degree interface on-time technologies opening contribute job multitask experience equivalent management growth opening years interface initiative part-time part-time initiative required strong job multiple skills job required multitask management resume passion management technologies develop technologies process strong technologies interface job experience people strong opening benefits growth benefits management guidance
http,{P9D2-X5XB18PB-8157GXOW},09/13/2010 08:47:32,VSS0154,PC-6055,http://hp.com/WboUhagvat1944152218.jsp,develop interface contribute analyze job permanent years degree interface report start required responsibilities required skills team start platform report develop customer responsibilities develop recruiter visual sales years report engineer report people concepts sales concepts passion initiative strong contribute visual
http,{D6R5-R2FM90GQ-0466ETSO},09/13/2010 10:36:17,VSS0154,PC-6055,http://simplyhired.com/WboUhagvat57469130.jsp,technologies responsibilities industry team resume experience years skills required opening strong required concepts compensation technologies resume growth guidance process technologies expert sales develop responsibilities concepts responsibilities team responsibilities customer skills self guidance resume passion multitask degree job industry on-time degree initiative growth multitask required resume sales initiative
http,{M6B0-M8NI33IV-9235JDJF},09/13/2010 12:27:16,VSS0154,PC-6055,http://craigslist.org/WboUhagvat1105403916.aspx,analyze guidance experience degree multiple self degree platform permanent strong report guidance passion self experience technologies required customer interface years dynamic management develop contribute dynamic part-time industry passion initiative job resume passion skills platform dynamic degree multiple guidance passion on-time technologies skills equivalent team initiative initiative equivalent years sales customer multiple benefits dynamic
http,{J9C4-X3LS94TQ-1328FZSD},09/13/2010 12:55:17,VSS0154,PC-6055,http://jobhuntersbible.com/WboUhagvat1258877042.aspx,growth experience technologies experience job responsibilities responsibilities degree analyze management self degree self experience equivalent skills strong passion resume expert years interface team people equivalent experience degree technologies interface equivalent multitask on-time multitask benefits responsibilities skills experience on-time opening customer degree passion interface resume opening sales report compensation part-time guidance customer initiative
http,{Z2N4-I9DM59EX-3604UGGJ},09/13/2010 14:00:09,VSS0154,PC-6055,http://aol.com/jobs/WboUhagvat1963819229.jsp,concepts technologies interface report degree guidance job skills permanent required multiple strong degree concepts concepts process years process equivalent interface team interface sales growth team resume years platform team guidance equivalent sales develop sales develop resume report required opening job skills self expert platform multitask team years multiple sales interface required process develop years years growth concepts team customer team industry strong on-line experience
http,{J8X9-D1TX63KR-4393PPDS},09/13/2010 14:24:23,VSS0154,PC-6055,http://indeed.com/WboUhagvat1680703797.html,management benefits experience compensation sales guidance interface interface job skills management start starter management required develop develop resume concepts management degree benefits technologies job team guidance expert multitask people contribute management job benefits multitask job interface resume opening management report multitask interface starter people skills analyze
http,{R5Z7-Q0DG64IV-4685TMMQ},09/13/2010 15:34:38,VSS0154,PC-6055,http://simplyhired.com/WboUhagvat57469130.jsp,platform experience required degree expert platform skills platform start people concepts salary responsibilities job analyze platform customer platform starter resume engineer develop team resume process required resume resume years guidance multitask guidance passion on-time analyze
http,{V8M2-X6GA90HY-2406UTIH},09/13/2010 15:49:56,VSS0154,PC-6055,http://aol.com/jobs/WboUhagvat1963819229.jsp,on-time interface analyze technologies multiple industry people skills analyze opening on-line interface passion guidance initiative concepts salary industry self required skills hours equivalent contribute starter initiative management job concepts platform growth start call passion team growth salary permanent equivalent on-line years dynamic experience industry resume technologies expert permanent develop start salary multiple opening platform required visual technologies
http,{O1K2-R3RA48QN-4214NORU},09/13/2010 16:09:01,VSS0154,PC-6055,http://simplyhired.com/WboUhagvat57469130.jsp,multitask start starter multiple passion contribute growth platform report permanent platform experience strong equivalent start equivalent part-time visual team responsibilities strong resume platform on-line equivalent hours engineer multiple required process platform dynamic self on-line team hours permanent starter multiple strong skills skills salary required responsibilities report interface industry part-time job multiple strong guidance part-time job concepts
http,{N8K2-K6LX83QU-5338QFYJ},09/14/2010 08:32:26,VSS0154,PC-6055,http://jobhuntersbible.com/WboUhagvat1258877042.aspx,expert engineer contribute years experience start platform growth years team multiple job required growth experience industry resume team platform customer customer job team experience required skills develop initiative engineer industry develop experience skills expert develop degree strong permanent degree management multitask expert
http,{L9J4-M4CP91XW-3296YENK},09/14/2010 13:18:44,VSS0154,PC-6055,http://craigslist.org/WboUhagvat1105403916.aspx,start experience required permanent management opening skills dynamic resume salary degree multitask equivalent responsibilities job skills platform skills skills contribute required process opening resume relocation industry platform platform years experience start strong starter job customer team responsibilities multiple process resume technologies benefits passion people initiative growth passion growth resume responsibilities analyze technologies concepts job responsibilities permanent
http,{I6A5-C5RV11DG-8706GPCX},09/14/2010 17:11:43,VSS0154,PC-6055,http://lockheedmartin.com/WboUhagvat1636367808.htm,responsibilities process equivalent report industry passion experience part-time technologies salary benefits team industry develop sales analyze industry passion resume contribute strong experience job years years degree required degree industry job years analyze job years skills sales multitask analyze self multiple platform report equivalent dynamic process team experience permanent multitask skills
http,{O1U6-E0KG50QF-3417CNFX},09/15/2010 12:35:53,VSS0154,PC-6055,http://raytheon.com/WboUhagvat343187784.jsp,team contribute on-line contribute job benefits customer opening expert technologies customer permanent industry initiative passion benefits platform permanent degree visual report multiple contribute contribute salary expert customer passion guidance platform skills multitask equivalent develop analyze equivalent job responsibilities contribute on-time passion part-time job on-time expert multiple benefits part-time people concepts responsibilities resume people skills equivalent self multiple experience engineer hours opening growth benefits growth start equivalent
http,{U6K4-Q2JB86GG-5814KGHD},09/15/2010 12:57:15,VSS0154,PC-6055,http://indeed.com/WboUhagvat1680703797.html,years industry report self management starter resume starter years responsibilities responsibilities degree sales opening job team starter required on-line technologies part-time multiple on-time job benefits compensation process experience salary resume recruiter part-time years report benefits customer sales
http,{V1O6-O7RQ54DB-5741TKOS},09/15/2010 14:37:40,VSS0154,PC-6055,http://yahoo.com/hotjobs/WboUhagvat752138490.php,technologies multiple analyze contribute growth management platform multiple management part-time expert interface initiative years experience job hours dynamic benefits interface experience multitask industry benefits years resume skills equivalent experience experience sales dynamic platform salary interface people opening management
http,{I7J3-E3UG67HD-4683RFIS},09/15/2010 15:10:47,VSS0154,PC-6055,http://harris.com/WboUhagvat1919385663.htm,analyze team opening team required job guidance opening technologies years team develop analyze skills part-time experience experience responsibilities platform part-time compensation hours skills concepts multiple develop analyze multitask passion equivalent start management team responsibilities part-time contribute customer start report expert part-time sales interface team platform
http,{Q3U6-M8FO07FD-9008OSHH},09/15/2010 17:20:07,VSS0154,PC-6055,http://simplyhired.com/WboUhagvat57469130.jsp,multitask degree resume process resume years multitask on-time start on-line team concepts multitask develop equivalent opening growth salary sales contribute
http,{M5S5-A2PQ15KL-1077CXTR},09/16/2010 08:32:49,VSS0154,PC-6055,http://harris.com/WboUhagvat1919385663.htm,process industry years customer opening multitask skills job self part-time management growth multitask develop part-time permanent multitask multitask multitask platform required opening years hours growth contribute management skills concepts years management strong on-time team team team
http,{C2W7-X2EF71KE-1576BEVQ},09/16/2010 09:19:17,VSS0154,PC-6055,http://yahoo.com/hotjobs/WboUhagvat752138490.php,develop resume industry people skills technologies management degree experience people skills opening visual develop team platform opening team people experience platform guidance develop required platform multiple initiative experience initiative contribute degree process starter customer required resume multitask years industry contribute degree responsibilities recruiter management process management strong
http,{O1M6-G3TO81FZ-6815FSIF},09/16/2010 09:34:55,VSS0154,PC-6055,http://monster.com/WboUhagvat1180707852.html,interface passion management responsibilities people experience initiative degree experience job analyze on-time part-time multiple platform technologies concepts develop years multiple develop initiative guidance benefits opening job required salary starter degree resume multitask management skills contribute customer resume customer job develop
http,{W3T1-U5QV04FH-3349XXFA},09/16/2010 09:56:10,VSS0154,PC-6055,http://indeed.com/WboUhagvat1680703797.html,guidance initiative concepts responsibilities part-time management customer responsibilities degree expert job platform concepts team salary multitask initiative salary contribute sales self degree contribute people concepts multitask start report develop process industry experience benefits develop sales strong skills required opening on-time required benefits self skills compensation opening responsibilities team opening required skills interface strong
http,{I2K0-A0YG45TX-4425ULWG},09/16/2010 10:39:32,VSS0154,PC-6055,http://raytheon.com/WboUhagvat343187784.jsp,guidance growth equivalent years interface growth permanent permanent part-time on-line multiple guidance experience technologies people analyze contribute visual job team expert required concepts on-time industry responsibilities on-time contribute dynamic opening skills experience multiple responsibilities on-line skills growth interface required required analyze job people opening job guidance required benefits skills degree passion on-line multitask dynamic resume sales years initiative skills management contribute sales growth people
http,{C9C4-U5RV39MN-0047RJAM},09/16/2010 11:59:59,VSS0154,PC-6055,http://job-hunt.org/WboUhagvat919122234.html,self degree initiative skills experience concepts passion develop develop platform compensation permanent management industry responsibilities develop growth dynamic required required interface dynamic years people expert years multitask contribute start dynamic skills contribute experience report
http,{A9H5-M5EP88YJ-8224DFTK},09/16/2010 12:30:56,VSS0154,PC-6055,http://monster.com/WboUhagvat1180707852.html,permanent expert start passion growth experience responsibilities experience interface develop develop sales interface benefits team call responsibilities process experience experience concepts experience benefits start people develop equivalent team team team initiative responsibilities technologies resume resume interface benefits
http,{R8O7-W8KR08ZF-0844SMBA},09/16/2010 16:05:27,VSS0154,PC-6055,http://raytheon.com/WboUhagvat343187784.jsp,degree develop contribute years concepts passion customer customer passion job guidance team people contribute experience compensation growth opening contribute on-line skills skills equivalent degree engineer dynamic analyze platform industry start responsibilities growth passion degree equivalent interface opening sales self job resume expert self experience strong recruiter hours permanent visual platform expert start analyze opening
http,{T3S7-N2JX60JH-8471CBEZ},09/17/2010 09:34:11,VSS0154,PC-6055,http://jobhuntersbible.com/WboUhagvat1258877042.aspx,years interface expert growth responsibilities responsibilities multiple degree responsibilities contribute permanent multitask degree team self hours years years opening customer concepts responsibilities platform dynamic skills part-time starter growth concepts industry years customer required analyze years experience multitask opening multiple interface expert sales years engineer resume sales people industry
http,{W9Y3-X8CH56YB-3300ZRHK},09/17/2010 10:11:01,VSS0154,PC-6055,http://lockheedmartin.com/WboUhagvat1636367808.htm,management interface on-line team job skills guidance people self multitask guidance permanent required permanent management process compensation guidance contribute responsibilities contribute equivalent opening benefits starter hours develop permanent sales technologies multitask management
http,{X1O4-I0BC53TX-0173VTVK},09/17/2010 10:43:01,VSS0154,PC-6055,http://linkedin.com/WboUhagvat1479839504.aspx,years people on-time equivalent responsibilities skills permanent starter process degree growth years permanent multiple management compensation relocation degree customer resume sales multitask resume passion customer degree multiple years resume platform self develop industry customer call interface
http,{R5D4-U7PF18OV-9381ZVLU},09/17/2010 10:57:48,VSS0154,PC-6055,http://monster.com/WboUhagvat1180707852.html,dynamic growth concepts required interface sales salary degree experience contribute required multiple experience experience technologies equivalent required sales industry job platform degree visual resume experience multitask sales required starter
http,{A8J4-U6QW82RH-9941CWWS},09/17/2010 11:40:49,VSS0154,PC-6055,http://raytheon.com/WboUhagvat343187784.jsp,degree analyze recruiter resume years degree job required people visual resume initiative multitask customer develop on-time guidance part-time required starter growth resume contribute on-time opening develop develop multiple job opening required engineer expert passion contribute team team customer management concepts multiple hours multiple job platform contribute equivalent responsibilities people permanent platform salary required
http,{G8Z4-A7IC84OL-7093GJZT},09/17/2010 13:17:17,VSS0154,PC-6055,http://craigslist.org/WboUhagvat1105403916.aspx,skills analyze on-time years on-time interface concepts concepts compensation skills degree self sales process guidance sales responsibilities permanent contribute people multiple experience multitask report skills benefits required on-time on-time job growth multiple strong degree multiple benefits degree
http,{Q2M6-D0PR04IZ-8707UEFB},09/17/2010 17:13:33,VSS0154,PC-6055,http://jobhuntersbible.com/WboUhagvat1258877042.aspx,self resume passion salary team initiative required experience management management people multitask benefits expert platform degree analyze report degree resume technologies report compensation develop strong years on-line management skills strong multiple customer industry salary develop strong contribute responsibilities strong growth industry responsibilities experience required experience sales self job multiple
http,{B3I8-S4FE10XJ-0452UQJQ},09/17/2010 17:43:50,VSS0154,PC-6055,http://boeing.com/WboUhagvat1904327536.htm,technologies contribute process multiple dynamic permanent job process management starter concepts platform platform customer equivalent multitask start expert multitask multitask technologies skills resume management resume platform start resume report required sales passion strong management dynamic industry people equivalent multitask strong degree on-time start required resume permanent growth concepts
http,{M7W7-A9TR99ZQ-1164VXMN},09/17/2010 18:28:20,VSS0154,PC-6055,http://jobhuntersbible.com/WboUhagvat1258877042.aspx,analyze years compensation develop industry compensation skills expert degree growth resume skills opening guidance responsibilities guidance customer initiative initiative technologies equivalent experience platform equivalent dynamic on-time resume on-time multiple develop industry resume experience job visual resume interface years opening technologies experience initiative years part-time opening required benefits equivalent
http,{W7D1-H1YJ84CJ-0921PMVI},09/20/2010 10:11:17,VSS0154,PC-6055,http://hp.com/WboUhagvat1944152218.jsp,required passion management interface dynamic experience benefits people salary skills skills team interface contribute on-time relocation equivalent dynamic permanent management job years multiple responsibilities resume years strong develop dynamic opening on-line team part-time customer job start experience platform experience sales people passion required salary people report strong contribute compensation start interface responsibilities team part-time
http,{H1N3-K1FD44GG-2101AGPX},09/20/2010 12:33:50,VSS0154,PC-6055,http://simplyhired.com/WboUhagvat57469130.jsp,opening guidance self people responsibilities skills strong industry start develop management platform report multiple initiative years dynamic experience relocation benefits technologies job experience technologies part-time resume degree responsibilities hours responsibilities permanent job start analyze strong equivalent growth guidance guidance required engineer management people job develop
http,{H7J6-E8KV94VQ-9106JFSQ},09/21/2010 10:03:16,VSS0154,PC-6055,http://job-hunt.org/WboUhagvat919122234.html,interface management analyze technologies platform equivalent skills analyze experience hours report years salary on-time degree dynamic responsibilities interface technologies resume dynamic concepts develop dynamic starter contribute equivalent growth technologies skills multiple initiative on-line team management contribute team skills skills required platform growth develop industry people team concepts experience skills start management hours required experience customer sales concepts job technologies equivalent start management multitask growth responsibilities
http,{L8I4-Y4TW24XH-9905NEXH},09/21/2010 12:06:54,VSS0154,PC-6055,http://monster.com/WboUhagvat1180707852.html,skills start benefits initiative job permanent on-time strong multitask report platform concepts team start responsibilities technologies experience experience hours required degree opening starter responsibilities concepts skills expert multitask growth customer people expert experience concepts platform degree required technologies opening develop part-time initiative sales platform starter permanent responsibilities
http,{M1Q4-P8VW70XM-2652EHGO},09/21/2010 16:37:13,VSS0154,PC-6055,http://aol.com/jobs/WboUhagvat1963819229.jsp,concepts compensation degree industry skills job on-time people platform benefits years multiple multitask industry equivalent people management dynamic develop degree job industry passion required report multitask initiative management on-time multitask expert compensation strong passion resume people multitask skills multitask develop job develop job passion hours job analyze years management degree technologies resume benefits team opening report develop salary industry concepts initiative job develop concepts customer
http,{W7W7-I8LY71XR-7044TWPH},09/21/2010 17:14:52,VSS0154,PC-6055,http://northropgrumman.com/WboUhagvat572113271.aspx,experience multiple equivalent develop on-time strong develop team develop years experience degree salary multitask permanent customer experience self degree benefits job contribute required on-time report people opening required multitask job job growth resume skills passion initiative concepts strong resume opening permanent years equivalent degree team start growth required permanent experience on-time required passion
http,{U2C3-W2ET08ME-3037VGZB},09/21/2010 17:42:32,VSS0154,PC-6055,http://northropgrumman.com/WboUhagvat572113271.aspx,on-time multitask people sales responsibilities benefits responsibilities part-time industry growth start job passion dynamic develop permanent years initiative management customer technologies start concepts degree responsibilities concepts experience contribute analyze equivalent process dynamic responsibilities permanent technologies contribute team resume responsibilities years salary start experience benefits experience required permanent report on-time contribute
http,{K7T3-Z5DN80TL-2740RAUG},09/22/2010 09:13:25,VSS0154,PC-6055,http://monster.com/WboUhagvat1180707852.html,platform report benefits technologies team analyze process years hours report report passion equivalent customer hours strong part-time growth years concepts technologies resume team benefits skills develop resume call team job experience multiple years management degree benefits responsibilities hours growth team benefits on-time visual skills customer part-time equivalent process skills job responsibilities initiative dynamic
http,{F5H5-B2NN02TZ-8703YYRJ},09/22/2010 13:15:21,VSS0154,PC-6055,http://craigslist.org/WboUhagvat1105403916.aspx,multiple guidance degree expert expert people start industry develop hours benefits initiative guidance customer growth strong develop team skills relocation degree report resume opening responsibilities analyze contribute contribute job contribute sales industry multiple salary multitask develop resume multitask benefits concepts degree technologies customer years relocation team on-line responsibilities call team opening technologies engineer dynamic passion passion
http,{A0G2-R7NX51UX-7685WFTY},09/22/2010 13:32:22,VSS0154,PC-6055,http://lockheedmartin.com/WboUhagvat1636367808.htm,industry strong people multitask team contribute team sales management concepts expert dynamic on-line analyze required benefits responsibilities dynamic years industry customer multitask people contribute years required management multitask resume compensation required process passion multiple job
http,{B8V9-V8YS38KU-3312PFSA},09/22/2010 14:08:06,VSS0154,PC-6055,http://careerbuilder.com/WboUhagvat660170997.htm,interface management sales customer equivalent contribute platform job industry platform experience technologies people concepts initiative growth interface concepts strong platform responsibilities years concepts multiple people resume equivalent required multiple passion initiative multiple analyze self sales strong management equivalent required multitask sales technologies develop experience industry benefits permanent required benefits opening responsibilities required technologies start team job start hours initiative years people degree compensation on-line benefits skills technologies responsibilities job multiple hours team
http,{U6J6-I0BF82ZE-8030UUPE},09/22/2010 14:39:56,VSS0154,PC-6055,http://craigslist.org/WboUhagvat1105403916.aspx,concepts experience multitask responsibilities required salary responsibilities start strong start years required resume platform passion contribute experience equivalent job opening technologies required dynamic experience technologies strong benefits skills develop multitask resume management responsibilities multitask opening contribute growth multitask develop call skills analyze degree expert part-time engineer multiple degree contribute interface on-time
http,{L3K3-V5SO18TB-9337IXKW},09/22/2010 15:23:28,VSS0154,PC-6055,http://linkedin.com/WboUhagvat1479839504.aspx,years contribute years years industry salary analyze team strong skills start start years years required degree degree people skills growth skills call report concepts required strong report initiative on-time initiative report people concepts sales resume sales technologies sales interface years strong required team
http,{P8A1-O1NJ97KV-6635OXBY},09/22/2010 15:29:39,VSS0154,PC-6055,http://boeing.com/WboUhagvat1904327536.htm,responsibilities benefits benefits dynamic resume resume permanent analyze contribute develop resume contribute skills platform equivalent opening on-time technologies job contribute benefits initiative starter on-time industry process strong guidance salary opening expert skills management passion technologies multiple compensation concepts salary starter develop customer concepts part-time visual develop job required
http,{S9Q3-Q4SK19IK-7165OUZM},09/23/2010 13:41:25,VSS0154,PC-6055,http://aol.com/jobs/WboUhagvat1963819229.jsp,part-time sales sales multiple relocation people people team opening analyze people equivalent skills customer years visual responsibilities management management years multiple develop process multiple resume management responsibilities process expert equivalent benefits hours growth initiative industry technologies job concepts industry benefits
http,{E8C6-A0BT75RA-7984PSKD},09/23/2010 14:07:23,VSS0154,PC-6055,http://jobhuntersbible.com/WboUhagvat1258877042.aspx,multitask responsibilities on-time analyze concepts contribute on-line sales years experience experience equivalent platform job develop concepts passion platform salary job contribute management permanent multitask passion develop degree analyze passion team dynamic platform process contribute team skills start dynamic people multiple equivalent sales strong responsibilities passion benefits part-time resume develop concepts start skills industry on-line platform years permanent strong starter report develop
http,{H6U3-I4RN32AP-0765PXCM},09/24/2010 09:36:52,VSS0154,PC-6055,http://northropgrumman.com/WboUhagvat572113271.aspx,part-time multitask permanent benefits customer concepts guidance experience technologies strong passion process opening expert hours degree process compensation opening compensation interface start visual permanent required multiple customer interface growth interface required benefits passion customer resume analyze analyze contribute degree starter industry
http,{E2W7-Y6MR69LU-7270BFOT},09/24/2010 09:38:25,VSS0154,PC-6055,http://boeing.com/WboUhagvat1904327536.htm,compensation years growth equivalent starter passion degree interface experience sales responsibilities benefits skills develop equivalent analyze customer develop multitask process resume initiative resume multiple sales multiple dynamic multitask resume people growth industry people concepts develop initiative compensation process equivalent people multitask responsibilities resume job people concepts years platform technologies guidance degree
http,{K1M9-N9ZD85XZ-1573VXPQ},09/24/2010 12:20:27,VSS0154,PC-6055,http://craigslist.org/WboUhagvat1105403916.aspx,management equivalent degree resume years strong opening opening multitask job industry equivalent report sales process interface multitask resume analyze develop multitask technologies strong management initiative years permanent required skills skills dynamic years people responsibilities management expert responsibilities on-time passion skills customer required sales multitask skills
http,{Z0V4-R0WL32BS-4856IUVR},09/24/2010 17:51:14,VSS0154,PC-6055,http://hp.com/WboUhagvat1944152218.jsp,customer permanent required customer start self interface sales start people required benefits self sales management customer multiple passion job experience concepts analyze years on-time process management multiple technologies platform resume experience on-time sales industry interface opening equivalent required industry dynamic
http,{B9Q5-Z5AF79FK-8311MAMB},09/24/2010 18:09:33,VSS0154,PC-6055,http://craigslist.org/WboUhagvat1105403916.aspx,develop opening management platform benefits experience platform on-time develop skills multiple opening sales management people technologies dynamic develop on-time customer customer strong self multiple people required customer experience start customer growth interface years years job years degree industry management job technologies visual interface platform dynamic multitask sales
http,{Z1F0-B4BC63OZ-5993IQBQ},09/27/2010 08:53:03,VSS0154,PC-6055,http://indeed.com/WboUhagvat1680703797.html,self on-line required on-time develop strong starter passion opening industry equivalent management benefits job dynamic concepts multiple passion hours people develop contribute process develop concepts required years years opening initiative degree contribute customer expert years skills sales skills analyze skills technologies develop customer contribute resume benefits compensation expert strong platform benefits responsibilities expert on-time job start multiple process
http,{Z4J2-N2KI03IB-0778OFLN},09/27/2010 10:07:31,VSS0154,PC-6055,http://craigslist.org/WboUhagvat1105403916.aspx,strong management multitask relocation develop customer dynamic multiple on-time dynamic skills growth required experience call contribute guidance process required guidance customer required team report on-time benefits opening sales on-time dynamic equivalent responsibilities degree on-time platform people customer platform job technologies interface develop growth
http,{H7U1-J8KI54XD-4038OOCT},09/27/2010 17:28:10,VSS0154,PC-6055,http://boeing.com/WboUhagvat1904327536.htm,responsibilities contribute equivalent degree strong multitask customer sales concepts resume required starter passion multitask job team growth contribute years expert degree permanent equivalent growth technologies job sales interface customer benefits sales industry skills technologies responsibilities experience opening contribute on-line years customer
http,{Q9L2-V3KV06OW-9054HPNT},09/27/2010 17:43:07,VSS0154,PC-6055,http://craigslist.org/WboUhagvat1105403916.aspx,platform degree initiative degree guidance sales multiple benefits degree management years contribute self develop responsibilities opening equivalent process platform degree sales multiple develop visual process required years develop experience team passion benefits job relocation start customer start opening concepts growth multitask sales job experience starter engineer people team industry
http,{P2U7-I9FO42WL-5483EJXE},09/27/2010 17:48:44,VSS0154,PC-6055,http://craigslist.org/WboUhagvat1105403916.aspx,passion contribute compensation people responsibilities strong interface passion degree team job develop passion years experience contribute growth engineer compensation degree technologies resume multiple years concepts degree part-time starter analyze develop starter sales permanent develop experience industry years salary equivalent on-line people multiple multiple resume self
http,{V7O9-T4MA36SL-9025FBZL},09/28/2010 09:32:30,VSS0154,PC-6055,http://northropgrumman.com/WboUhagvat572113271.aspx,develop multiple responsibilities contribute expert on-time job hours required skills management job sales multitask initiative develop management job initiative opening strong contribute report sales strong required opening benefits platform process self strong job technologies equivalent required
http,{J0D8-L7TP69QX-7318ZXEG},09/28/2010 10:08:09,VSS0154,PC-6055,http://linkedin.com/WboUhagvat1479839504.aspx,growth recruiter management platform dynamic degree initiative benefits multiple people multiple required benefits guidance technologies call contribute dynamic experience interface customer multitask benefits people develop permanent resume people part-time resume required equivalent develop equivalent skills sales equivalent part-time initiative dynamic technologies multitask required starter job on-time required equivalent strong start process interface experience people part-time required report permanent platform contribute
http,{P7D7-F6BL63FL-0742QBKE},09/28/2010 15:05:38,VSS0154,PC-6055,http://jobhuntersbible.com/WboUhagvat1258877042.aspx,multiple start skills responsibilities management platform degree develop job concepts technologies strong technologies technologies responsibilities resume benefits technologies process team customer required process guidance experience multiple compensation on-time multiple sales compensation compensation degree resume experience concepts expert initiative permanent part-time job responsibilities benefits develop required
http,{F8E9-V1KF01DD-7183MBKK},09/28/2010 16:54:55,VSS0154,PC-6055,http://linkedin.com/WboUhagvat1479839504.aspx,sales self required self opening degree responsibilities on-time interface strong responsibilities required strong multitask industry responsibilities resume dynamic multiple contribute degree responsibilities visual growth on-time on-time passion report experience customer degree concepts strong benefits compensation customer passion degree initiative analyze interface develop passion team develop compensation growth responsibilities report interface team concepts benefits skills call resume resume required customer job skills
http,{D8O7-Q1HZ50TV-7922YNLM},09/29/2010 13:09:42,VSS0154,PC-6055,http://boeing.com/WboUhagvat1904327536.htm,report initiative team part-time contribute responsibilities required expert compensation call experience multiple report initiative contribute customer compensation strong expert industry job sales required technologies job resume strong responsibilities team guidance strong multiple report start experience customer required skills resume equivalent report permanent
http,{B8K2-D0DH51IY-6381AACZ},09/29/2010 14:31:02,VSS0154,PC-6055,http://indeed.com/WboUhagvat1680703797.html,report dynamic degree equivalent permanent responsibilities management resume sales report contribute team growth multiple growth degree start multitask sales develop permanent management equivalent develop report on-line experience contribute engineer degree experience opening years resume people contribute job initiative opening equivalent report part-time customer opening multiple concepts concepts degree experience customer job start responsibilities interface job
http,{M5Q5-O9GE50DJ-1056QFWY},09/29/2010 15:49:21,VSS0154,PC-6055,http://craigslist.org/WboUhagvat1105403916.aspx,years resume equivalent technologies team analyze experience process degree multiple engineer concepts degree sales develop skills required opening technologies process team concepts job team analyze salary start skills customer sales resume growth on-time technologies dynamic analyze develop self analyze team salary passion growth strong sales customer skills visual passion years opening skills process resume job call multitask benefits
http,{A0G0-M4IL04KL-7939JJRR},09/29/2010 16:03:59,VSS0154,PC-6055,http://harris.com/WboUhagvat1919385663.htm,degree passion degree report start dynamic technologies contribute skills initiative analyze contribute starter concepts equivalent passion multiple multitask job years contribute initiative team contribute opening degree degree sales benefits multiple skills benefits contribute permanent part-time guidance management people initiative develop benefits multitask customer technologies report platform hours hours permanent experience hours salary
http,{W7S7-M9GJ83QW-6177GLLT},09/29/2010 18:16:16,VSS0154,PC-6055,http://raytheon.com/WboUhagvat343187784.jsp,process opening report hours permanent multitask initiative compensation concepts sales call sales industry years sales report start degree benefits salary contribute report degree required responsibilities years team multiple develop multitask interface skills relocation hours customer years required on-time concepts
http,{K0K1-M5XO75LH-5302PREY},09/29/2010 18:30:04,VSS0154,PC-6055,http://monster.com/WboUhagvat1180707852.html,process skills compensation interface resume call initiative skills multiple required management opening benefits resume job team management concepts analyze years experience platform degree benefits develop responsibilities on-time expert experience management permanent contribute people sales platform start management concepts job interface resume platform sales resume passion sales technologies required
http,{L1U8-C2GZ52VI-1861NWAK},09/30/2010 08:35:32,VSS0154,PC-6055,http://boeing.com/WboUhagvat1904327536.htm,guidance dynamic resume resume multitask dynamic years hours develop growth required contribute industry multiple salary concepts degree management on-time process report sales benefits team customer people on-time starter skills platform required multitask multiple start starter team initiative passion years years industry permanent part-time develop opening guidance multiple sales experience experience degree technologies start team equivalent people on-time team initiative
http,{R9Z7-H3XV84JK-7449REIC},10/01/2010 10:26:23,VSS0154,PC-6055,http://indeed.com/WboUhagvat1680703797.html,multiple initiative technologies multiple equivalent responsibilities contribute required skills customer develop required technologies compensation resume team analyze strong technologies technologies self experience management dynamic engineer part-time responsibilities required resume contribute benefits part-time guidance concepts required permanent technologies years opening years required responsibilities experience required starter degree dynamic people team resume self
http,{R0S1-M5OB90DE-2205ISFU},10/01/2010 11:10:22,VSS0154,PC-6055,http://hp.com/WboUhagvat1944152218.jsp,people multiple people growth resume interface resume degree permanent customer dynamic develop interface interface contribute degree growth develop interface contribute management compensation on-time responsibilities years people permanent strong part-time growth required expert people team multitask recruiter job job sales skills visual expert develop growth skills develop
http,{T4P1-D8LI90WR-1503NDZP},10/01/2010 11:34:08,VSS0154,PC-6055,http://craigslist.org/WboUhagvat1105403916.aspx,multitask initiative analyze experience job compensation resume customer years equivalent multitask required initiative required concepts compensation analyze contribute hours permanent call passion equivalent equivalent multitask growth equivalent customer customer resume required initiative multiple experience degree guidance passion years management process team people develop job expert growth technologies start multitask required skills expert report expert resume skills equivalent responsibilities multitask resume
http,{M7B4-H3IK35HE-8266HVIW},10/01/2010 14:59:46,VSS0154,PC-6055,http://harris.com/WboUhagvat1919385663.htm,job hours contribute contribute hours multiple required growth expert contribute guidance compensation experience expert required multiple experience on-line degree passion years salary interface salary passion job equivalent opening concepts visual report passion job degree experience expert resume people develop skills start multiple required skills team
http,{Q1Z3-S6PF38IQ-5804SOOD},10/01/2010 15:56:14,VSS0154,PC-6055,http://monster.com/WboUhagvat1180707852.html,degree engineer hours job job process technologies growth required sales strong contribute responsibilities passion compensation report permanent required part-time customer resume on-line on-line equivalent equivalent growth people process industry on-line experience opening resume report start skills multiple degree responsibilities analyze people permanent required initiative visual required years multiple resume platform years report management permanent industry benefits people responsibilities report develop equivalent experience sales start starter equivalent report management
http,{I4Y3-A8KJ71ZS-2396BUDQ},10/01/2010 16:39:01,VSS0154,PC-6055,http://aol.com/jobs/WboUhagvat1963819229.jsp,required platform required engineer team experience multitask degree analyze equivalent industry hours team equivalent people experience hours team permanent industry process dynamic required starter experience years guidance degree equivalent sales technologies self responsibilities responsibilities expert responsibilities process experience management initiative industry multiple resume on-time sales years interface visual equivalent guidance degree experience
http,{L8S4-N6DA14RL-7179SWYJ},10/01/2010 18:08:31,VSS0154,PC-6055,http://simplyhired.com/WboUhagvat57469130.jsp,start guidance hours hours skills engineer guidance interface platform visual on-time concepts concepts team concepts benefits develop benefits initiative people multitask salary experience process develop skills develop multitask strong multitask starter initiative experience contribute multiple responsibilities customer guidance resume degree platform platform technologies passion management develop experience hours multiple multiple experience permanent growth multitask resume required responsibilities on-time sales interface growth interface multiple years responsibilities dynamic multiple
http,{U0S9-R5FB06KT-7317MUYX},10/04/2010 08:59:51,VSS0154,PC-6055,http://boeing.com/WboUhagvat1904327536.htm,industry required skills equivalent responsibilities salary analyze concepts equivalent experience contribute required job interface equivalent team degree required dynamic visual develop engineer guidance benefits on-time responsibilities develop years platform people dynamic passion process dynamic job passion compensation customer interface multiple multitask skills equivalent start self permanent recruiter expert skills multiple multiple equivalent platform years process
http,{S8Y0-N4LI62VA-5435VITU},10/04/2010 11:16:09,VSS0154,PC-6055,http://yahoo.com/hotjobs/WboUhagvat752138490.php,start degree required job required guidance dynamic experience multiple resume degree benefits years multiple degree process passion report contribute management customer on-time years team start starter initiative degree on-line multitask concepts sales team resume people multitask interface on-line degree experience skills expert guidance start team required multiple degree years develop technologies guidance start job team customer required resume resume multitask customer multitask
http,{C6H4-P3CF44MU-3090MRDK},10/04/2010 14:01:43,VSS0154,PC-6055,http://boeing.com/WboUhagvat1904327536.htm,part-time strong develop growth people salary people permanent degree years passion dynamic people start industry platform interface multiple customer starter engineer opening equivalent concepts concepts skills experience concepts expert people guidance concepts multitask develop skills responsibilities initiative platform required responsibilities dynamic platform opening experience
http,{K3R5-F9XQ27EY-1390TLQD},10/04/2010 14:14:27,VSS0154,PC-6055,http://lockheedmartin.com/WboUhagvat1636367808.htm,responsibilities strong experience concepts engineer required skills on-time permanent interface industry report management resume degree experience experience years team customer develop expert skills required on-line passion platform opening multitask contribute compensation responsibilities experience platform develop salary industry management part-time benefits degree job interface team strong sales industry dynamic initiative growth equivalent degree responsibilities platform expert report expert start
http,{H8X5-H3WN84HL-4334ZIYZ},10/04/2010 16:21:36,VSS0154,PC-6055,http://monster.com/WboUhagvat1180707852.html,years develop skills develop strong passion team contribute technologies required interface visual skills on-time people multitask management platform strong equivalent on-time customer part-time job resume concepts team industry benefits growth concepts start initiative platform required process multiple contribute
http,{H3R0-D8IB89HS-0354ONHH},10/05/2010 08:38:34,VSS0154,PC-6055,http://aol.com/jobs/WboUhagvat1963819229.jsp,years start growth passion permanent responsibilities platform opening process initiative growth management benefits concepts multiple report interface multiple compensation benefits interface multitask opening on-line expert dynamic skills contribute passion multitask degree strong develop develop required start initiative develop multiple contribute years experience
http,{I3K2-N5EH39VO-5968BQPX},10/05/2010 09:14:15,VSS0154,PC-6055,http://hp.com/WboUhagvat1944152218.jsp,starter growth visual benefits report degree concepts industry industry degree process guidance develop contribute develop concepts concepts multitask customer multiple compensation call report multiple skills initiative compensation degree required people people people multitask passion job job on-time years contribute equivalent job multiple concepts equivalent benefits skills job experience contribute concepts industry experience required concepts people management
http,{W8L9-P6WI72SF-7541JAPD},10/05/2010 10:23:22,VSS0154,PC-6055,http://lockheedmartin.com/WboUhagvat1636367808.htm,degree benefits people report industry years start job responsibilities compensation guidance process degree equivalent growth initiative skills experience industry starter on-time multitask interface passion develop responsibilities resume responsibilities relocation management platform skills self skills multiple responsibilities permanent interface interface degree responsibilities experience skills people
http,{V5V4-L5JB59YY-7070HZJN},10/05/2010 13:47:17,VSS0154,PC-6055,http://raytheon.com/WboUhagvat343187784.jsp,multiple platform strong concepts develop equivalent multitask salary strong years equivalent multitask skills benefits team part-time experience degree years degree interface permanent passion required resume contribute permanent management responsibilities sales years job years interface analyze expert equivalent multiple management experience management people job team resume on-time initiative job compensation technologies salary compensation customer
http,{K9U1-Z4HT19WU-0460NJYX},10/05/2010 15:20:55,VSS0154,PC-6055,http://careerbuilder.com/WboUhagvat660170997.htm,opening growth required guidance develop multiple process opening dynamic management analyze technologies start contribute responsibilities salary opening on-time multiple equivalent on-time guidance benefits growth develop salary contribute strong industry growth contribute equivalent on-line initiative guidance management on-time job dynamic opening sales benefits equivalent process start platform degree start required required skills skills years
http,{R5P3-L6OM78SU-0659RYXM},10/05/2010 16:26:28,VSS0154,PC-6055,http://aol.com/jobs/WboUhagvat1963819229.jsp,management platform required multiple concepts part-time interface initiative opening start industry people starter responsibilities benefits contribute responsibilities multitask team salary analyze guidance concepts report contribute sales expert develop team growth management dynamic degree multitask strong required analyze visual management permanent equivalent industry job visual equivalent technologies dynamic develop engineer required years analyze required required team
http,{F3Y1-B8KD56XV-2193HLDG},10/05/2010 16:35:19,VSS0154,PC-6055,http://hp.com/WboUhagvat1944152218.jsp,strong years team report multiple benefits job permanent analyze skills experience develop team years years responsibilities contribute dynamic initiative dynamic management job required multiple customer initiative starter degree industry customer skills
http,{S7I5-B5CJ84ZC-9200XIFE},10/05/2010 16:45:27,VSS0154,PC-6055,http://hp.com/WboUhagvat1944152218.jsp,skills team degree multiple benefits degree required years start passion engineer responsibilities initiative customer skills expert passion experience equivalent expert people develop industry expert required develop people on-line skills skills responsibilities platform dynamic sales experience technologies industry benefits concepts benefits starter experience start resume multiple management experience strong on-time years resume people technologies benefits benefits multitask experience start start growth skills initiative analyze
http,{I7A3-X8IY76QF-0814NXMC},10/05/2010 16:53:48,VSS0154,PC-6055,http://monster.com/WboUhagvat1180707852.html,responsibilities experience resume sales platform multitask responsibilities years resume growth start analyze growth concepts analyze visual years multitask multitask people sales team visual passion industry dynamic concepts skills benefits relocation team required required interface sales process interface strong skills part-time growth opening opening sales develop years skills years opening team job start industry passion growth platform equivalent salary start years growth
