type,id,date,user,pc,url,content
http,{X8P4-R1PW66RU-3724FVPJ},07/06/2010 08:07:33,RAR0725,PC-4159,http://boeing.com/WboUhagvat1904327536.htm,job contribute job management initiative multitask opening process passion responsibilities salary interface years develop opening contribute technologies passion multiple people years dynamic responsibilities strong hours guidance technologies multitask part-time customer expert management platform degree develop required growth team years opening benefits required benefits multiple multitask part-time dynamic develop resume hours equivalent benefits expert
http,{U2O4-E0MB61YT-1108JKZB},07/06/2010 09:33:34,RAR0725,PC-4159,http://harris.com/WboUhagvat1919385663.htm,team interface years experience experience process responsibilities interface develop guidance responsibilities concepts opening multitask strong concepts sales required initiative responsibilities develop on-time team benefits contribute concepts experience concepts responsibilities concepts required equivalent self start experience opening guidance interface technologies people team benefits technologies part-time technologies customer experience required benefits degree years customer guidance technologies years start required responsibilities compensation
http,{J2F4-P6RL21XJ-0884LZEG},07/06/2010 15:10:37,RAR0725,PC-4159,http://lockheedmartin.com/WboUhagvat1636367808.htm,develop years permanent team skills required multitask required resume passion technologies on-time equivalent permanent benefits hours skills platform customer analyze guidance degree permanent people experience skills analyze team technologies responsibilities people skills strong equivalent multitask customer management customer dynamic equivalent
http,{Y7V6-I5UX61HV-5553CICB},07/06/2010 16:15:50,RAR0725,PC-4159,http://jobhuntersbible.com/WboUhagvat1258877042.aspx,team team experience people responsibilities management job industry experience initiative multiple sales experience platform start platform sales report platform analyze equivalent team concepts initiative team sales skills initiative sales skills responsibilities process responsibilities resume experience start required dynamic initiative team team part-time years job self guidance
http,{W8Z3-U8QO88CX-0538LZQU},07/06/2010 16:47:59,RAR0725,PC-4159,http://lockheedmartin.com/WboUhagvat1636367808.htm,start contribute job expert equivalent team on-time multitask team years team benefits contribute experience multitask people develop people concepts concepts resume start degree initiative platform required customer develop equivalent start team degree visual technologies platform part-time resume opening years industry
http,{C1T6-J7IH40IA-0650NIZL},07/07/2010 08:33:50,RAR0725,PC-4159,http://boeing.com/WboUhagvat1904327536.htm,on-time team initiative strong opening degree guidance growth concepts permanent people relocation sales job starter hours multitask concepts opening industry starter experience responsibilities job multitask dynamic equivalent dynamic report multitask opening job initiative benefits platform management team years required multitask interface equivalent part-time job guidance dynamic degree start platform guidance job concepts
http,{C1V3-G2VO93LU-5467GYOT},07/07/2010 10:05:17,RAR0725,PC-4159,http://linkedin.com/WboUhagvat1479839504.aspx,salary on-time part-time responsibilities analyze resume required passion skills permanent analyze multitask industry on-line interface start develop compensation concepts skills opening start permanent responsibilities resume multitask concepts customer years starter resume strong compensation
http,{Z1F8-O0QZ16KY-6393NGFG},07/07/2010 10:13:19,RAR0725,PC-4159,http://monster.com/WboUhagvat1180707852.html,on-time start initiative equivalent sales compensation passion multiple passion responsibilities skills years start responsibilities self passion multitask experience technologies experience job benefits on-time platform relocation technologies management develop passion compensation technologies required passion benefits dynamic starter job skills dynamic multitask team benefits concepts growth on-line multiple equivalent customer contribute self multitask start required on-time permanent relocation skills
http,{U1F8-V2OF14WQ-0368JXOW},07/07/2010 10:52:10,RAR0725,PC-4159,http://indeed.com/WboUhagvat1680703797.html,experience contribute start contribute hours contribute guidance industry visual initiative customer multiple self multiple strong develop customer industry salary interface job management part-time dynamic initiative sales permanent required required passion customer customer equivalent required resume passion people skills degree management initiative multitask management concepts on-line develop
http,{D1A2-X6ZL51DO-9209DUVK},07/07/2010 11:24:58,RAR0725,PC-4159,http://job-hunt.org/WboUhagvat919122234.html,years part-time job opening industry expert passion benefits required job opening responsibilities multiple experience experience benefits responsibilities responsibilities degree resume multitask passion equivalent people skills job on-time report expert multitask team job multitask dynamic customer initiative resume equivalent customer resume team growth report develop engineer sales degree resume responsibilities equivalent concepts multiple part-time industry degree dynamic team contribute sales responsibilities
http,{U3E4-K3PP74SE-8551DCIV},07/07/2010 11:46:44,RAR0725,PC-4159,http://northropgrumman.com/WboUhagvat572113271.aspx,benefits responsibilities team concepts report interface experience resume equivalent opening industry initiative skills responsibilities experience opening contribute job technologies initiative industry required equivalent growth analyze job required customer engineer people skills opening years technologies job people contribute equivalent responsibilities job strong contribute skills interface required salary interface dynamic growth self dynamic permanent
http,{X2I4-Q8BS82RR-4084OODJ},07/07/2010 12:46:51,RAR0725,PC-4159,http://indeed.com/WboUhagvat1680703797.html,engineer contribute growth equivalent expert contribute dynamic industry equivalent passion expert strong required opening years sales responsibilities platform report required degree interface report start opening concepts permanent degree resume contribute dynamic
http,{S6Y9-H9ED19XG-4448EBGQ},07/07/2010 14:33:29,RAR0725,PC-4159,http://harris.com/WboUhagvat1919385663.htm,passion develop starter sales management technologies team on-time experience benefits sales technologies initiative technologies on-time people team people contribute part-time multitask call contribute salary relocation benefits interface concepts multitask responsibilities multiple hours multitask permanent opening years sales people customer contribute platform permanent process job job contribute dynamic starter industry degree customer platform concepts initiative equivalent
http,{H6N8-W7BN40UT-0238LVKS},07/08/2010 07:53:11,RAR0725,PC-4159,http://hp.com/WboUhagvat1944152218.jsp,salary expert self contribute sales hours contribute report strong on-time concepts required compensation on-time technologies salary expert experience passion people initiative benefits people concepts opening industry resume start dynamic job required responsibilities passion contribute multiple required opening customer
http,{G2W1-N3UD99ZA-9829NJSQ},07/08/2010 09:10:20,RAR0725,PC-4159,http://northropgrumman.com/WboUhagvat572113271.aspx,team develop technologies customer on-line management skills multiple compensation platform start sales multitask industry relocation process sales dynamic process initiative benefits multitask report contribute start part-time job resume strong responsibilities interface degree multitask multiple contribute responsibilities
http,{N2V9-U1PY36HG-8308DUTR},07/08/2010 09:48:57,RAR0725,PC-4159,http://craigslist.org/WboUhagvat1105403916.aspx,passion years multiple report guidance platform starter interface salary concepts expert start permanent sales growth analyze on-time on-time visual develop strong platform benefits interface concepts develop interface concepts develop report dynamic degree on-time responsibilities years concepts compensation on-time experience dynamic customer platform responsibilities years customer growth contribute platform starter passion team responsibilities initiative
http,{Y6I5-P5XF82PY-8125VTQY},07/08/2010 11:26:18,RAR0725,PC-4159,http://careerbuilder.com/WboUhagvat660170997.htm,opening multitask experience required technologies starter initiative skills resume on-line strong management strong resume concepts skills skills skills interface job permanent resume opening multitask management relocation industry growth degree initiative management sales analyze technologies passion strong on-time start technologies sales people sales multitask job sales sales process sales
http,{I2S9-I5OF02YW-2299JSSI},07/08/2010 12:06:25,RAR0725,PC-4159,http://simplyhired.com/WboUhagvat57469130.jsp,equivalent multitask develop required management compensation resume multitask sales strong equivalent skills passion process passion job interface develop initiative experience compensation multitask experience multiple part-time resume self platform team platform years technologies expert responsibilities experience interface on-time process growth contribute experience contribute report degree interface
http,{J0J0-B2FL37MD-9848RPYL},07/08/2010 12:41:18,RAR0725,PC-4159,http://linkedin.com/WboUhagvat1479839504.aspx,degree report management visual start equivalent people equivalent starter interface responsibilities concepts starter resume experience customer contribute hours benefits passion job compensation degree opening multiple platform required contribute skills concepts platform experience years guidance skills part-time contribute salary on-time analyze develop self experience start on-time sales team degree years responsibilities interface on-line years experience degree degree part-time
http,{G6I0-N0HO28QE-1762BXLL},07/08/2010 13:21:44,RAR0725,PC-4159,http://linkedin.com/WboUhagvat1479839504.aspx,engineer people multitask develop self permanent people hours dynamic interface industry sales platform job required experience customer start initiative years growth multitask relocation multitask permanent expert degree benefits growth management report platform job dynamic experience benefits industry start compensation platform on-time analyze equivalent equivalent experience multitask degree engineer multitask technologies required initiative people analyze responsibilities initiative industry industry equivalent team engineer customer passion
http,{D0J6-H5SF31LO-8600ZKGX},07/08/2010 13:45:49,RAR0725,PC-4159,http://northropgrumman.com/WboUhagvat572113271.aspx,resume management contribute sales years develop required equivalent sales compensation people resume technologies passion platform hours job management develop years technologies degree multiple skills job report initiative technologies strong salary job platform passion experience degree degree contribute multitask opening degree expert interface degree starter experience experience equivalent growth skills experience customer job degree on-line industry responsibilities
http,{Z2Z0-X2ND79IN-5856XHJX},07/09/2010 09:09:34,RAR0725,PC-4159,http://northropgrumman.com/WboUhagvat572113271.aspx,equivalent people customer job opening contribute equivalent skills start interface years passion sales guidance multitask required dynamic multitask technologies contribute guidance industry develop responsibilities starter opening skills management customer degree expert start growth resume required responsibilities job expert contribute sales process analyze equivalent on-line on-time passion passion initiative opening sales compensation resume years multitask contribute start on-time customer years opening initiative multitask required opening team initiative responsibilities engineer years customer concepts
http,{N6P1-W4JZ82JX-1883AATW},07/09/2010 10:03:47,RAR0725,PC-4159,http://simplyhired.com/WboUhagvat57469130.jsp,strong initiative responsibilities relocation guidance strong passion growth passion report years required resume dynamic management permanent develop required concepts sales skills expert years compensation experience develop multitask degree strong multiple years resume degree sales experience technologies team experience report skills on-time start process sales expert technologies initiative contribute technologies starter
http,{Q2A3-Q7GR33HY-4697MLWG},07/09/2010 10:21:49,RAR0725,PC-4159,http://boeing.com/WboUhagvat1904327536.htm,process guidance dynamic sales resume people opening opening expert visual required visual develop growth degree initiative relocation required experience contribute multitask start growth years multitask degree analyze degree platform dynamic concepts initiative permanent job degree platform multitask opening required degree team opening contribute
http,{B7C4-F5PZ41HB-6249ITKL},07/09/2010 11:07:25,RAR0725,PC-4159,http://hp.com/WboUhagvat1944152218.jsp,concepts growth strong permanent team customer initiative responsibilities report years multiple on-time strong responsibilities responsibilities multiple customer degree benefits equivalent multiple degree start interface skills equivalent benefits concepts multitask benefits strong technologies team customer part-time contribute years on-time guidance initiative contribute develop skills benefits job job responsibilities guidance analyze opening develop passion opening skills multiple benefits technologies years compensation develop contribute report job experience
http,{V4Y3-O8CH60NX-5535FENM},07/09/2010 12:48:30,RAR0725,PC-4159,http://simplyhired.com/WboUhagvat57469130.jsp,years experience management develop team equivalent equivalent strong concepts experience compensation people responsibilities multitask growth compensation equivalent permanent sales multiple opening permanent management degree opening dynamic permanent concepts years compensation process skills experience passion salary multiple technologies multitask job multitask dynamic years multitask degree responsibilities permanent permanent passion degree develop contribute experience job growth industry responsibilities salary on-time initiative salary industry expert
http,{H4V8-M1TF44OU-4411QQHL},07/09/2010 14:05:23,RAR0725,PC-4159,http://craigslist.org/WboUhagvat1105403916.aspx,platform strong concepts interface responsibilities develop job starter guidance process strong management equivalent dynamic report team concepts experience skills permanent on-time people concepts team expert equivalent growth sales management benefits on-time customer passion responsibilities interface technologies salary experience required required strong opening experience growth dynamic multitask permanent
http,{Y3B3-U7VD71LY-6261SLAM},07/09/2010 15:23:38,RAR0725,PC-4159,http://job-hunt.org/WboUhagvat919122234.html,management multitask industry management team job benefits responsibilities initiative years platform sales growth multitask interface responsibilities experience contribute responsibilities develop customer degree platform team start multitask part-time platform benefits expert experience benefits strong contribute required part-time management starter resume platform multitask passion self opening technologies report required management team platform resume customer benefits concepts equivalent responsibilities multitask concepts team people years
http,{T5F9-R5MI53XM-6394RSZB},07/09/2010 16:08:38,RAR0725,PC-4159,http://careerbuilder.com/WboUhagvat660170997.htm,process years job develop team engineer benefits permanent degree process team contribute start technologies resume growth growth opening job team job contribute interface job benefits part-time skills concepts initiative degree job people concepts start hours years skills compensation job benefits growth report equivalent
http,{I3K4-T9XO61CS-4956UURK},07/12/2010 08:27:59,RAR0725,PC-4159,http://lockheedmartin.com/WboUhagvat1636367808.htm,contribute on-line opening develop resume technologies on-time industry multiple responsibilities starter multiple contribute degree call multitask growth skills responsibilities on-time sales passion sales responsibilities develop management concepts customer required job skills on-time contribute process team interface expert required job equivalent industry analyze growth permanent start report guidance guidance customer contribute engineer experience resume start growth team concepts equivalent passion people job passion start
http,{Y1W3-M0TK22GR-1859YWJN},07/12/2010 09:03:56,RAR0725,PC-4159,http://craigslist.org/WboUhagvat1105403916.aspx,passion required dynamic initiative multitask sales team initiative interface growth team expert responsibilities job platform resume strong benefits growth resume compensation management multitask starter report initiative concepts report years skills sales degree part-time multiple passion part-time passion required multitask management team responsibilities degree job interface concepts multitask strong industry develop develop contribute customer experience analyze start recruiter on-line interface contribute experience people sales skills
http,{X1U0-Y2EM83ZC-6317PIKA},07/12/2010 11:55:23,RAR0725,PC-4159,http://simplyhired.com/WboUhagvat57469130.jsp,years years starter industry strong interface resume part-time equivalent sales responsibilities call guidance dynamic resume skills report guidance analyze customer permanent expert passion hours opening start responsibilities contribute responsibilities contribute skills self on-time self dynamic skills job contribute multiple responsibilities develop multitask passion years required resume multitask opening experience starter
http,{I4X4-G3QV92KS-2804BXSB},07/12/2010 12:03:25,RAR0725,PC-4159,http://linkedin.com/WboUhagvat1479839504.aspx,team degree on-time resume technologies resume develop multiple resume hours multitask guidance passion salary job develop concepts experience skills passion concepts years guidance interface on-time permanent platform dynamic people passion team team resume technologies salary responsibilities years resume initiative technologies relocation compensation interface experience experience interface customer experience initiative equivalent required growth job report resume concepts platform customer dynamic job platform develop
http,{S0P5-S2SD10YC-3001YBUT},07/12/2010 12:24:03,RAR0725,PC-4159,http://yahoo.com/hotjobs/WboUhagvat752138490.php,process concepts sales industry dynamic passion management contribute degree opening on-time initiative management dynamic customer required starter contribute develop customer on-time responsibilities technologies customer management guidance growth responsibilities required on-time industry team analyze experience platform process degree growth job skills degree team
http,{E2H5-K0ZO81KB-2385IOBB},07/12/2010 12:29:44,RAR0725,PC-4159,http://lockheedmartin.com/WboUhagvat1636367808.htm,part-time interface develop expert job customer degree equivalent develop strong customer compensation start initiative resume visual engineer develop recruiter multitask guidance management strong customer years opening experience start analyze management resume develop management opening skills industry job multiple people guidance team job benefits multiple people job analyze degree experience required on-time multiple required
http,{G4V5-U6QG61NO-1930DKUA},07/12/2010 15:26:24,RAR0725,PC-4159,http://hp.com/WboUhagvat1944152218.jsp,develop technologies develop management multitask self on-line years management develop degree resume start customer hours on-line sales sales experience salary skills responsibilities start job years guidance guidance resume resume multiple start opening process growth contribute contribute experience degree people management develop analyze team degree on-time customer team skills salary multitask concepts on-line responsibilities visual opening experience passion team job management part-time experience experience interface part-time resume multitask
http,{K2M3-E4RM24FN-5725VHNY},07/12/2010 16:10:25,RAR0725,PC-4159,http://jobhuntersbible.com/WboUhagvat1258877042.aspx,skills skills develop skills degree resume industry team required benefits years analyze on-time growth people call concepts multiple industry part-time multitask expert job sales skills people resume concepts resume team initiative industry starter required multitask dynamic multiple degree on-line contribute permanent experience responsibilities self strong required people degree years platform
http,{F3W9-G1NA71LK-2600WKYC},07/13/2010 08:42:47,RAR0725,PC-4159,http://aol.com/jobs/WboUhagvat1963819229.jsp,sales start starter develop sales growth required dynamic multitask contribute customer team platform platform report dynamic initiative start analyze degree contribute contribute responsibilities degree responsibilities team benefits resume experience platform start call years years management contribute passion resume years technologies people resume initiative dynamic customer resume industry degree multiple analyze dynamic strong resume report experience degree growth required contribute contribute develop expert industry degree
http,{U5W8-Z5TI86HA-2261ZTZG},07/13/2010 09:36:09,RAR0725,PC-4159,http://lockheedmartin.com/WboUhagvat1636367808.htm,opening management benefits on-time team responsibilities benefits develop concepts years equivalent salary report dynamic hours industry multiple skills required platform job required resume passion opening degree compensation benefits salary on-line technologies equivalent team passion responsibilities analyze industry contribute benefits salary responsibilities passion permanent start growth passion job resume initiative
http,{B3X2-X0QG60ZV-1874OYPN},07/13/2010 11:20:07,RAR0725,PC-4159,http://simplyhired.com/WboUhagvat57469130.jsp,experience people report customer years concepts dynamic equivalent management passion multitask multitask dynamic multitask interface opening report industry concepts report multitask management on-time required responsibilities dynamic platform skills analyze sales degree multitask team start compensation people platform on-time hours engineer process strong growth develop required technologies opening experience interface permanent permanent
http,{S7N7-Q2DF97EL-4504KYVD},07/13/2010 12:49:47,RAR0725,PC-4159,http://job-hunt.org/WboUhagvat919122234.html,contribute degree responsibilities management customer experience sales passion resume customer experience people concepts team report passion team salary resume experience dynamic responsibilities industry skills hours expert management sales team develop concepts passion people customer required opening sales passion sales job industry analyze permanent resume salary equivalent
http,{A0O9-M7WZ05PV-4363RXNL},07/13/2010 13:19:15,RAR0725,PC-4159,http://hp.com/WboUhagvat1944152218.jsp,equivalent interface responsibilities people responsibilities years process contribute industry dynamic strong relocation interface sales multiple equivalent management starter team interface interface dynamic starter job permanent analyze start equivalent team engineer passion years resume dynamic visual passion required industry contribute strong permanent concepts concepts people concepts engineer responsibilities develop job expert analyze contribute develop contribute
http,{H2K2-I1UI11VE-8753TEPP},07/13/2010 14:50:52,RAR0725,PC-4159,http://lockheedmartin.com/WboUhagvat1636367808.htm,required customer multiple on-line call management concepts opening hours passion passion multiple sales technologies degree sales passion degree multitask resume permanent customer call hours responsibilities interface multitask platform strong multiple analyze equivalent responsibilities years on-time contribute visual customer dynamic platform strong years multiple
http,{I4R4-V5LQ48KV-8473CNCI},07/13/2010 15:49:31,RAR0725,PC-4159,http://yahoo.com/hotjobs/WboUhagvat752138490.php,technologies contribute equivalent contribute guidance strong resume part-time develop multiple dynamic job visual passion technologies resume benefits skills platform customer multiple industry resume years experience multiple degree resume recruiter sales sales customer people engineer resume dynamic expert process process experience start start experience expert process
http,{F1D5-B0TI68LY-0668QASW},07/13/2010 16:20:21,RAR0725,PC-4159,http://linkedin.com/WboUhagvat1479839504.aspx,platform hours years guidance team dynamic multitask years starter guidance multitask initiative required people people skills years responsibilities expert opening people platform skills industry on-time benefits initiative experience platform strong technologies benefits initiative degree resume guidance sales management concepts guidance responsibilities resume resume starter customer initiative customer team
http,{K1C2-A4DV66XS-0113JSFP},07/13/2010 16:42:40,RAR0725,PC-4159,http://northropgrumman.com/WboUhagvat572113271.aspx,contribute customer report hours resume experience experience expert passion concepts hours hours interface engineer sales multitask required resume dynamic management job develop self contribute visual experience skills
http,{L9S6-B7PI44QW-9408VUNZ},07/14/2010 08:34:39,RAR0725,PC-4159,http://monster.com/WboUhagvat1180707852.html,skills responsibilities technologies concepts concepts platform benefits dynamic years job concepts interface platform years contribute experience visual resume growth multitask degree team initiative industry growth strong expert multitask concepts team sales equivalent multiple guidance customer team platform concepts team platform team customer years equivalent responsibilities strong degree salary salary technologies growth growth years people
http,{V9F4-V9JE29XJ-6484XCIO},07/14/2010 09:28:35,RAR0725,PC-4159,http://jobhuntersbible.com/WboUhagvat1258877042.aspx,management compensation passion report multitask years permanent experience years sales contribute engineer permanent passion permanent permanent part-time sales required multiple responsibilities benefits years management develop skills resume part-time job passion develop contribute initiative customer degree growth strong report develop passion hours interface experience opening required experience starter resume experience experience job skills industry platform dynamic passion responsibilities required platform technologies industry interface
http,{U1P3-E6VD00ZR-7406IKJS},07/14/2010 10:32:51,RAR0725,PC-4159,http://aol.com/jobs/WboUhagvat1963819229.jsp,skills team years passion skills permanent people skills growth sales interface interface skills resume recruiter required report responsibilities platform opening technologies customer customer interface technologies opening multitask sales multiple people multitask hours interface equivalent degree strong interface concepts on-line permanent develop initiative job expert team call report
http,{Y0W3-D1CI50UB-7859BJLJ},07/14/2010 13:03:39,RAR0725,PC-4159,http://hp.com/WboUhagvat1944152218.jsp,technologies opening analyze hours people hours people management contribute skills strong degree industry customer equivalent industry report industry responsibilities process technologies recruiter dynamic customer part-time benefits strong equivalent strong process permanent skills resume strong self industry team years sales multitask salary years starter customer analyze multiple technologies report experience degree call strong contribute strong equivalent
http,{T0P0-K6JK32JQ-6869YLID},07/14/2010 13:50:11,RAR0725,PC-4159,http://harris.com/WboUhagvat1919385663.htm,multiple contribute develop permanent experience hours equivalent concepts skills analyze team job degree skills platform guidance experience technologies multiple permanent passion degree interface guidance skills permanent multitask multitask management interface skills resume customer on-time experience strong responsibilities platform start industry concepts multitask initiative
http,{O5B2-U1EK68UA-3786DURS},07/14/2010 14:17:24,RAR0725,PC-4159,http://yahoo.com/hotjobs/WboUhagvat752138490.php,passion resume platform analyze benefits required platform team technologies growth degree on-time starter resume job management equivalent degree required experience job platform technologies team contribute dynamic years permanent initiative guidance skills salary start degree job multitask passion experience industry part-time part-time salary expert process guidance analyze industry strong skills growth self responsibilities interface concepts responsibilities develop degree customer develop technologies platform report job team
http,{R3J9-K5BF53TI-6573ARHT},07/14/2010 14:35:43,RAR0725,PC-4159,http://boeing.com/WboUhagvat1904327536.htm,concepts years degree multiple contribute dynamic required degree management degree years passion dynamic opening salary multitask dynamic develop dynamic experience management management multitask customer resume self resume skills on-line management dynamic starter on-time compensation start sales visual process visual hours required customer industry hours experience required
http,{Z6V7-O2KL05RA-4494RATE},07/14/2010 15:45:13,RAR0725,PC-4159,http://lockheedmartin.com/WboUhagvat1636367808.htm,concepts initiative industry growth develop interface dynamic concepts analyze experience report opening strong team years multiple contribute experience strong dynamic customer customer degree skills salary permanent multitask start dynamic passion
http,{S1Z8-L9EA41PZ-7442WEYI},07/14/2010 16:23:50,RAR0725,PC-4159,http://jobhuntersbible.com/WboUhagvat1258877042.aspx,benefits equivalent process skills job initiative strong dynamic strong resume hours job compensation passion technologies responsibilities responsibilities skills resume starter multiple customer experience
http,{N7A3-F7JA80CM-8214UOIZ},07/15/2010 08:30:32,RAR0725,PC-4159,http://simplyhired.com/WboUhagvat57469130.jsp,technologies contribute analyze expert skills equivalent experience benefits sales permanent industry sales experience on-time team dynamic growth experience industry multiple process skills responsibilities skills equivalent start experience recruiter multiple call job growth compensation industry equivalent compensation interface multiple expert resume dynamic degree experience opening sales customer sales on-line
http,{M3G4-M8VX99GI-1609LNIJ},07/15/2010 10:50:59,RAR0725,PC-4159,http://northropgrumman.com/WboUhagvat572113271.aspx,multiple starter platform process develop technologies on-time develop growth interface strong job part-time interface multiple passion dynamic job contribute expert technologies platform experience multitask analyze degree benefits self
http,{W3M8-U4LW09AZ-6846GFBN},07/15/2010 11:51:31,RAR0725,PC-4159,http://aol.com/jobs/WboUhagvat1963819229.jsp,process opening technologies experience dynamic management job required self dynamic expert relocation contribute multiple skills equivalent resume growth management contribute expert passion required contribute strong team technologies analyze customer technologies team people degree platform multitask experience responsibilities skills growth multiple start guidance team required start responsibilities multitask job team
http,{X8V4-G1HO84WQ-0956BQIA},07/15/2010 12:21:43,RAR0725,PC-4159,http://harris.com/WboUhagvat1919385663.htm,platform people contribute process self sales initiative resume sales relocation passion responsibilities expert strong experience team customer required report years develop responsibilities equivalent responsibilities analyze required technologies technologies customer degree technologies skills benefits on-time skills multitask multitask guidance develop team salary concepts multitask
http,{D8V7-Z1YE83RP-1596MOIF},07/15/2010 12:24:36,RAR0725,PC-4159,http://jobhuntersbible.com/WboUhagvat1258877042.aspx,degree expert experience multiple skills multitask strong job years equivalent platform guidance multiple team process required start concepts passion experience permanent multitask experience start
http,{Z2V9-V5LC11AS-5563LYMM},07/15/2010 12:39:37,RAR0725,PC-4159,http://boeing.com/WboUhagvat1904327536.htm,initiative multiple concepts multitask concepts equivalent degree experience on-time skills analyze skills skills start experience growth strong strong industry growth platform interface benefits job passion years equivalent industry industry required equivalent required guidance guidance responsibilities passion passion concepts resume
http,{V2N3-Y3YF78YB-1093SBQH},07/15/2010 12:46:04,RAR0725,PC-4159,http://careerbuilder.com/WboUhagvat660170997.htm,concepts multitask responsibilities report customer on-time strong develop on-time multitask years on-time permanent salary required customer report responsibilities interface skills strong experience start part-time passion skills required experience management process strong sales initiative responsibilities job permanent platform strong permanent job multiple start strong
http,{W5B1-N0TN82QX-0907RNPS},07/15/2010 13:17:25,RAR0725,PC-4159,http://linkedin.com/WboUhagvat1479839504.aspx,management degree equivalent self team industry experience industry dynamic experience start guidance part-time skills multiple skills degree contribute equivalent contribute concepts multiple technologies passion people job experience resume experience hours multitask compensation passion resume experience years required guidance self hours growth technologies technologies contribute degree develop visual responsibilities multitask industry customer job recruiter experience customer permanent self team
http,{L6O7-T2FP18GQ-1186LTTJ},07/15/2010 15:12:02,RAR0725,PC-4159,http://monster.com/WboUhagvat1180707852.html,team sales on-time degree sales management sales industry develop multiple customer on-time start multiple initiative years start interface start years experience job starter dynamic resume job multitask industry team initiative on-time sales team equivalent contribute job visual platform benefits required
http,{J7B3-F0FI97FT-7311SDDF},07/15/2010 16:05:22,RAR0725,PC-4159,http://job-hunt.org/WboUhagvat919122234.html,initiative contribute years start opening multiple compensation dynamic contribute sales multiple benefits analyze customer degree job expert interface multitask platform growth job experience platform salary resume customer interface passion opening resume self strong interface analyze experience report team required multitask dynamic equivalent part-time process multiple process
http,{P8M1-T3NP63PB-2567GUPU},07/16/2010 07:53:56,RAR0725,PC-4159,http://monster.com/WboUhagvat1180707852.html,sales benefits skills opening management multiple required years process skills opening report develop skills concepts growth permanent industry engineer starter years multitask salary industry guidance skills job analyze degree platform passion expert growth develop self sales equivalent contribute guidance sales team starter equivalent technologies customer sales technologies benefits report resume hours
http,{S6L2-Y6JP63JQ-0440DVOG},07/16/2010 08:41:46,RAR0725,PC-4159,http://simplyhired.com/WboUhagvat57469130.jsp,passion degree job management expert required required customer interface resume benefits permanent growth salary required technologies industry degree resume opening customer sales growth strong equivalent industry job dynamic self interface responsibilities skills people degree passion initiative skills resume job years passion start platform multitask multiple passion degree management
http,{C8P8-B4NI17YC-8265JJLL},07/16/2010 09:01:09,RAR0725,PC-4159,http://linkedin.com/WboUhagvat1479839504.aspx,job industry contribute interface on-time multiple guidance experience equivalent develop start responsibilities concepts dynamic technologies team growth sales equivalent report responsibilities required platform self develop people interface resume guidance responsibilities multitask sales compensation report customer on-time people on-time
http,{D5P7-F3DA36YB-7556NKNP},07/16/2010 09:15:07,RAR0725,PC-4159,http://lockheedmartin.com/WboUhagvat1636367808.htm,permanent required expert degree platform start responsibilities concepts resume degree multitask call multiple growth technologies resume responsibilities years technologies compensation report concepts opening multiple passion salary skills technologies customer equivalent experience skills industry permanent team passion guidance equivalent team degree platform skills resume opening on-time self experience responsibilities resume permanent customer multiple develop industry process required part-time concepts skills salary starter experience opening degree experience multiple concepts sales passion degree salary experience platform concepts degree visual growth job compensation self
http,{B0N4-G7QG90MN-7473MUFH},07/16/2010 10:37:31,RAR0725,PC-4159,http://job-hunt.org/WboUhagvat919122234.html,engineer strong skills team develop salary industry strong experience years multitask degree customer permanent management required resume customer contribute experience sales job platform management growth degree sales expert years process strong
http,{J1O1-H7ZM89YP-1750WZOI},07/16/2010 12:27:36,RAR0725,PC-4159,http://northropgrumman.com/WboUhagvat572113271.aspx,people responsibilities salary experience experience expert multitask technologies opening team compensation analyze multiple responsibilities multiple resume people multitask required job industry degree opening on-line passion technologies passion degree compensation salary contribute required benefits interface experience degree management years responsibilities strong job management degree job visual opening compensation resume strong job
http,{K0R9-G4WV71BG-5776LAOR},07/16/2010 13:16:09,RAR0725,PC-4159,http://northropgrumman.com/WboUhagvat572113271.aspx,initiative contribute technologies benefits multiple skills guidance skills growth opening multitask degree guidance job permanent report required skills experience resume responsibilities start benefits experience start expert contribute technologies management concepts multiple job resume salary people process resume expert growth develop resume on-time compensation growth develop degree team contribute initiative self dynamic dynamic starter technologies develop customer industry develop multitask team permanent passion team
http,{E2Z3-P5UE22ZU-2115HUII},07/16/2010 13:53:00,RAR0725,PC-4159,http://yahoo.com/hotjobs/WboUhagvat752138490.php,growth sales resume contribute resume expert required strong on-time compensation report responsibilities people skills engineer required resume job starter analyze customer analyze opening passion industry interface permanent guidance responsibilities concepts compensation strong experience platform benefits years multitask self contribute team team team guidance responsibilities people multitask growth required platform growth interface engineer contribute call opening passion permanent opening years people
http,{I6D6-H7BF03WQ-4704SEMP},07/16/2010 14:59:45,RAR0725,PC-4159,http://yahoo.com/hotjobs/WboUhagvat752138490.php,job engineer strong expert management develop multitask platform experience process on-time job interface develop contribute team required platform contribute responsibilities equivalent equivalent benefits required years concepts self required opening equivalent salary
http,{W4R7-R0YY08YG-9081RSPI},07/16/2010 15:33:19,RAR0725,PC-4159,http://boeing.com/WboUhagvat1904327536.htm,initiative dynamic degree degree sales management responsibilities years multiple people resume develop growth guidance customer resume concepts platform analyze team concepts dynamic on-line resume report concepts develop years permanent years experience expert multiple
http,{O4B2-L5RK53JE-9796JTFL},07/19/2010 09:05:39,RAR0725,PC-4159,http://hp.com/WboUhagvat1944152218.jsp,start required growth experience platform develop part-time start degree passion part-time permanent permanent benefits strong experience customer multiple years technologies experience interface required part-time technologies permanent sales analyze job customer concepts equivalent management years multitask process benefits concepts process skills years interface
http,{J2I0-F7GP60BS-8650BYWM},07/19/2010 10:16:39,RAR0725,PC-4159,http://simplyhired.com/WboUhagvat57469130.jsp,strong resume contribute industry growth technologies responsibilities develop salary team people visual start opening customer concepts responsibilities benefits customer team responsibilities management develop multiple years permanent technologies contribute equivalent passion required develop years required benefits develop years starter dynamic technologies degree permanent recruiter multitask skills
http,{K9J8-R6YO71JO-6785QGMC},07/19/2010 10:42:33,RAR0725,PC-4159,http://aol.com/jobs/WboUhagvat1963819229.jsp,degree skills equivalent degree job on-time customer skills visual sales dynamic job report multitask multiple multiple multiple multitask growth job process industry management responsibilities strong customer degree team customer passion multitask multitask customer dynamic visual resume opening job required benefits start
http,{N9U4-N8KY36WW-8393QRHY},07/19/2010 13:18:11,RAR0725,PC-4159,http://job-hunt.org/WboUhagvat919122234.html,interface report technologies resume growth equivalent degree develop on-time customer permanent permanent required degree experience initiative starter contribute team people multitask contribute skills multiple skills start multiple technologies benefits compensation resume call concepts visual people people team compensation resume people concepts passion job guidance on-line start resume process multiple required industry equivalent multitask skills concepts
http,{I9C4-O1IQ83XM-4874QDUK},07/19/2010 15:03:47,RAR0725,PC-4159,http://lockheedmartin.com/WboUhagvat1636367808.htm,resume starter visual multiple part-time engineer visual strong opening visual initiative management self initiative industry start part-time technologies on-time strong dynamic visual job concepts industry people guidance initiative growth experience on-time permanent degree management equivalent expert experience degree customer management sales technologies permanent part-time passion multitask resume required experience experience interface job degree responsibilities job people contribute interface multitask
http,{U1Q1-C6VC41KH-2342QSQU},07/19/2010 15:23:07,RAR0725,PC-4159,http://raytheon.com/WboUhagvat343187784.jsp,equivalent guidance experience equivalent process process technologies recruiter degree years develop process experience sales resume recruiter expert people analyze equivalent multitask strong platform platform
http,{F0V1-I1KG93IM-7624EUWN},07/20/2010 08:51:11,RAR0725,PC-4159,http://aol.com/jobs/WboUhagvat1963819229.jsp,interface salary strong job responsibilities salary passion contribute initiative management platform analyze resume contribute compensation multitask degree people passion multitask resume multitask resume responsibilities part-time initiative opening sales required skills process analyze multitask call compensation guidance expert opening skills required develop required process years
http,{G5Z9-C0YL69ET-1285CPRK},07/20/2010 09:36:55,RAR0725,PC-4159,http://jobhuntersbible.com/WboUhagvat1258877042.aspx,job on-time required growth degree sales opening team team responsibilities multitask passion multitask strong team skills job starter required job platform hours technologies resume initiative dynamic contribute benefits starter required years management contribute technologies analyze technologies contribute passion resume dynamic develop part-time job management years technologies people years
http,{T1Q5-E4YK55NI-4901IFLP},07/20/2010 16:30:49,RAR0725,PC-4159,http://aol.com/jobs/WboUhagvat1963819229.jsp,initiative skills develop required multitask guidance interface job contribute salary report start responsibilities passion start guidance passion self people industry years concepts initiative team interface skills industry interface team experience multitask growth skills management expert on-time industry guidance resume multiple passion experience expert interface team multitask compensation passion
http,{F5P1-H3EL91IH-0532RZCQ},07/20/2010 16:34:33,RAR0725,PC-4159,http://linkedin.com/WboUhagvat1479839504.aspx,years customer sales starter management self on-time permanent opening benefits compensation process contribute report resume industry multiple management team responsibilities concepts dynamic job degree report dynamic years contribute visual strong customer required strong guidance growth multiple degree customer people job growth job multitask job required resume experience management technologies opening team opening initiative growth develop start resume years strong required required opening concepts
http,{Y5F4-S0LC33MU-8477FIRS},07/21/2010 08:13:15,RAR0725,PC-4159,http://job-hunt.org/WboUhagvat919122234.html,salary required multiple required years dynamic expert experience opening required strong multitask opening management resume job compensation industry interface process multitask multitask on-line compensation years initiative starter concepts industry multitask resume hours permanent responsibilities people skills analyze
http,{R9R3-V3MK00OP-3313TFRD},07/21/2010 08:27:26,RAR0725,PC-4159,http://indeed.com/WboUhagvat1680703797.html,multitask passion skills hours guidance team skills benefits dynamic team dynamic industry equivalent customer skills initiative skills permanent years people benefits job management sales initiative guidance job required growth self start salary analyze skills degree skills passion
http,{B9P0-K6OL24GS-4784STQA},07/21/2010 08:54:44,RAR0725,PC-4159,http://monster.com/WboUhagvat1180707852.html,start required permanent self benefits concepts compensation years growth interface interface required management multitask job industry starter multiple opening years report benefits skills management permanent multitask multitask process experience analyze team multitask opening sales resume initiative permanent multiple concepts hours sales industry job industry resume strong contribute degree guidance management on-time interface sales multiple equivalent part-time
http,{U9U6-Z8RE25CF-8042UUHT},07/21/2010 10:52:32,RAR0725,PC-4159,http://simplyhired.com/WboUhagvat57469130.jsp,industry platform degree opening management opening responsibilities part-time report initiative contribute guidance required people call growth required initiative sales skills team sales management responsibilities sales degree interface strong management multiple experience customer responsibilities visual start resume required benefits management team multiple resume multitask equivalent degree experience passion management compensation call experience compensation develop multiple process initiative responsibilities concepts sales multitask starter multitask benefits customer dynamic develop multitask benefits management experience technologies degree
http,{O6S0-V7UQ68SA-4731HCEF},07/21/2010 11:03:19,RAR0725,PC-4159,http://yahoo.com/hotjobs/WboUhagvat752138490.php,management strong equivalent equivalent opening skills part-time guidance initiative customer multitask years strong skills resume interface report responsibilities job team degree platform resume equivalent people experience visual strong job team job skills salary develop part-time customer years job expert growth customer strong starter degree multitask sales multitask equivalent permanent responsibilities guidance growth
http,{F9J6-T9TB11RC-0875ZBMU},07/21/2010 13:08:13,RAR0725,PC-4159,http://careerbuilder.com/WboUhagvat660170997.htm,platform call team required degree required initiative responsibilities guidance engineer strong contribute degree expert opening salary start multiple process contribute multitask start skills strong contribute degree multitask visual multiple equivalent required hours interface management dynamic report multiple growth sales process contribute visual guidance multiple compensation opening initiative team benefits initiative interface responsibilities passion platform degree management resume
http,{F9A1-W4IU16EO-0146JWHN},07/21/2010 13:11:56,RAR0725,PC-4159,http://raytheon.com/WboUhagvat343187784.jsp,permanent skills people growth benefits process guidance concepts skills platform contribute on-line on-line experience people strong equivalent growth sales skills concepts start job years industry multitask on-line start contribute start strong experience experience resume industry years
http,{H6Y5-J3CD37EI-6262YAZJ},07/21/2010 14:16:07,RAR0725,PC-4159,http://hp.com/WboUhagvat1944152218.jsp,dynamic develop strong multitask job responsibilities dynamic technologies start resume skills sales contribute multitask required interface growth hours dynamic resume customer guidance benefits permanent management guidance skills platform initiative initiative platform required initiative resume interface platform multitask customer responsibilities concepts equivalent management sales permanent resume experience degree experience degree experience contribute process industry experience permanent
http,{Q9A2-Y2BY32LX-9462DVHO},07/22/2010 10:19:35,RAR0725,PC-4159,http://aol.com/jobs/WboUhagvat1963819229.jsp,on-time guidance skills starter strong industry dynamic concepts strong platform passion resume platform skills expert multitask platform experience dynamic platform self visual growth dynamic opening skills self multitask equivalent degree part-time starter contribute part-time team multiple strong dynamic sales initiative
http,{E5A2-X3VO54EL-9209KSKB},07/22/2010 11:00:22,RAR0725,PC-4159,http://hp.com/WboUhagvat1944152218.jsp,responsibilities on-time growth contribute guidance salary industry report industry part-time industry dynamic concepts management degree benefits people people platform opening concepts years on-line technologies start benefits required management responsibilities equivalent resume start analyze people job platform customer customer resume growth initiative skills resume growth interface opening customer industry required skills expert interface responsibilities
http,{F6H8-E4RC94DO-1961RMBM},07/22/2010 11:23:43,RAR0725,PC-4159,http://monster.com/WboUhagvat1180707852.html,develop platform opening degree people experience responsibilities on-line skills job equivalent strong resume strong management industry experience responsibilities experience customer customer customer process start resume multiple start multiple passion self sales responsibilities hours start years responsibilities customer multitask sales equivalent resume contribute skills technologies sales industry equivalent benefits degree passion required resume interface required
http,{N6N3-L7VD12ZD-4247LROD},07/22/2010 11:54:03,RAR0725,PC-4159,http://boeing.com/WboUhagvat1904327536.htm,multiple recruiter people multiple opening customer guidance concepts contribute concepts passion growth opening customer experience customer growth guidance dynamic experience passion analyze starter recruiter opening job experience required concepts customer industry benefits experience benefits industry platform start analyze experience years dynamic interface years salary experience expert platform experience experience opening required experience team customer guidance customer contribute permanent part-time opening expert on-time passion sales
http,{B7F1-T3CG78NJ-4115VXSY},07/22/2010 12:50:27,RAR0725,PC-4159,http://linkedin.com/WboUhagvat1479839504.aspx,experience multitask years job required passion job strong guidance on-line resume platform responsibilities self initiative salary process multiple start opening customer develop self self expert customer hours degree contribute initiative responsibilities customer people technologies concepts responsibilities equivalent management interface skills management degree responsibilities compensation skills resume growth resume technologies
http,{U9Y7-F9PY74TF-2883BRDP},07/22/2010 13:16:03,RAR0725,PC-4159,http://simplyhired.com/WboUhagvat57469130.jsp,growth job degree equivalent required skills concepts required strong initiative multitask passion multiple required contribute growth hours responsibilities develop expert team required salary technologies degree industry expert hours platform contribute recruiter industry resume people team job equivalent customer contribute start multitask opening resume people
http,{D7D4-Z5DF61CB-3884BODR},07/22/2010 15:44:49,RAR0725,PC-4159,http://harris.com/WboUhagvat1919385663.htm,report industry expert years years customer job interface passion customer report hours expert years job guidance initiative report industry platform resume resume permanent part-time salary growth customer resume start resume people benefits passion growth opening process skills customer
http,{Z7I8-K7LX52QR-7886LGMV},07/22/2010 16:12:30,RAR0725,PC-4159,http://boeing.com/WboUhagvat1904327536.htm,people degree opening technologies job team experience resume contribute job job industry multitask experience resume skills degree benefits responsibilities multitask contribute on-time equivalent dynamic equivalent hours on-time sales multitask multitask sales interface skills skills salary multitask passion management experience expert resume years interface resume develop
http,{A7H8-S3SF22FI-3096FRNU},07/23/2010 13:20:22,RAR0725,PC-4159,http://job-hunt.org/WboUhagvat919122234.html,passion benefits experience report sales team job initiative degree technologies platform expert people interface platform self starter develop opening passion industry management starter benefits required equivalent people guidance compensation multitask process industry responsibilities responsibilities passion benefits multitask people passion on-time interface report strong benefits contribute salary industry expert self permanent management benefits resume skills responsibilities multitask years
http,{V6H4-D1MW49MO-3677YPRP},07/23/2010 13:52:20,RAR0725,PC-4159,http://simplyhired.com/WboUhagvat57469130.jsp,required customer expert required compensation compensation develop multitask concepts people required customer job responsibilities opening management responsibilities job part-time multitask required visual multitask team years call develop responsibilities develop platform engineer responsibilities concepts guidance resume experience years benefits contribute initiative experience visual customer growth develop process experience visual visual
http,{I7E8-Y9KR44LH-4778OACH},07/23/2010 15:01:00,RAR0725,PC-4159,http://aol.com/jobs/WboUhagvat1963819229.jsp,self degree part-time technologies develop compensation growth technologies skills process responsibilities experience required opening industry multitask passion report growth required job develop team concepts on-time initiative opening start develop guidance compensation initiative job interface develop develop team
http,{M4R9-B1PX44DH-6010SUUL},07/23/2010 15:53:44,RAR0725,PC-4159,http://monster.com/WboUhagvat1180707852.html,analyze compensation job guidance passion expert benefits skills responsibilities strong salary industry expert people people people experience management job permanent team experience part-time passion team dynamic on-time degree initiative platform team multitask industry management develop skills experience responsibilities technologies concepts opening expert self management team recruiter permanent expert skills initiative skills team degree team years strong job resume permanent visual develop resume dynamic expert
http,{I3V8-Y8JK01MT-6974RDDO},07/23/2010 16:37:32,RAR0725,PC-4159,http://aol.com/jobs/WboUhagvat1963819229.jsp,salary equivalent analyze analyze growth guidance report skills multitask team required multiple process initiative resume compensation team guidance resume multiple skills strong start technologies develop interface develop degree technologies experience compensation initiative equivalent people interface job report people platform job opening resume degree skills degree resume on-time
http,{B3F3-T2IK62UH-2994KMCD},07/26/2010 08:00:55,RAR0725,PC-4159,http://indeed.com/WboUhagvat1680703797.html,hours dynamic contribute job guidance growth degree required self dynamic platform benefits develop strong interface multitask technologies analyze multitask job start resume resume on-time salary opening start guidance platform opening job develop people required degree concepts resume people multiple start management technologies management multitask salary process resume on-time dynamic growth
http,{P2B6-O9AU05MZ-8168MSLW},07/26/2010 08:16:19,RAR0725,PC-4159,http://indeed.com/WboUhagvat1680703797.html,customer develop multiple passion equivalent develop permanent on-time salary initiative required interface degree team contribute job technologies dynamic experience develop opening report develop dynamic interface customer dynamic develop degree multitask multiple resume industry visual multiple job part-time compensation self team concepts required
http,{S4B4-Y1ZX00HV-2538ODWE},07/26/2010 12:08:13,RAR0725,PC-4159,http://indeed.com/WboUhagvat1680703797.html,job resume compensation salary skills industry contribute customer resume on-line start team degree job equivalent concepts multitask opening guidance people required strong experience people develop multiple
http,{I7H8-G9HD58XT-9588LHDA},07/26/2010 13:05:37,RAR0725,PC-4159,http://monster.com/WboUhagvat1180707852.html,multitask growth multiple growth growth interface interface management opening customer skills people analyze guidance on-line opening concepts resume years platform team responsibilities people skills people passion compensation start strong required passion permanent responsibilities multiple opening benefits industry resume responsibilities multitask growth expert multitask customer recruiter guidance self guidance passion start strong skills permanent customer job customer report opening interface benefits technologies years platform skills
http,{M9E9-I9FG41EJ-8068SGWX},07/27/2010 12:11:08,RAR0725,PC-4159,http://lockheedmartin.com/WboUhagvat1636367808.htm,engineer contribute multitask degree resume degree required dynamic start multiple salary people job concepts experience skills equivalent team technologies hours on-time report industry process growth interface passion report degree platform degree multitask years industry industry benefits people hours multiple expert experience multitask starter start
http,{V0A2-F7ZY39QC-1560CEMA},07/27/2010 13:07:17,RAR0725,PC-4159,http://hp.com/WboUhagvat1944152218.jsp,skills starter dynamic concepts skills analyze interface equivalent platform contribute team process resume on-line strong multitask dynamic required resume responsibilities growth years dynamic on-time sales job skills required multitask develop technologies degree degree degree responsibilities guidance sales required on-time resume multitask years interface start initiative years visual job sales guidance self growth required resume visual on-time visual
http,{B7T9-K5JA21US-2843GCUS},07/27/2010 14:34:20,RAR0725,PC-4159,http://harris.com/WboUhagvat1919385663.htm,contribute degree starter contribute years sales years years multiple multitask resume job multitask multiple on-line compensation technologies job required passion strong passion team required platform expert interface growth equivalent concepts dynamic start degree job interface concepts on-time customer resume strong responsibilities experience platform contribute initiative equivalent compensation start salary required part-time
http,{R8N0-R9TO18DX-2503VGNI},07/27/2010 15:39:30,RAR0725,PC-4159,http://aol.com/jobs/WboUhagvat1963819229.jsp,on-line guidance team multitask experience equivalent guidance engineer customer platform guidance start multiple skills skills resume multitask strong self growth management strong contribute responsibilities passion contribute experience expert responsibilities on-line degree strong passion sales multitask industry technologies
http,{O1B8-G5JK06AC-1691LPAQ},07/28/2010 08:04:48,RAR0725,PC-4159,http://jobhuntersbible.com/WboUhagvat1258877042.aspx,customer report team equivalent skills on-line start multiple experience skills responsibilities equivalent platform contribute dynamic people team skills interface multiple on-time dynamic growth skills concepts industry initiative on-line years responsibilities resume skills passion guidance customer strong benefits customer resume technologies strong experience experience technologies benefits multiple on-time years passion years resume customer
http,{F3U6-Z9CW05SH-4640OVPW},07/28/2010 09:55:34,RAR0725,PC-4159,http://careerbuilder.com/WboUhagvat660170997.htm,permanent required sales technologies initiative multitask dynamic required multitask relocation job management dynamic passion skills multitask compensation team industry interface team sales contribute years initiative benefits salary passion expert growth process growth strong management team responsibilities experience degree start customer hours initiative management experience strong multiple team platform years required opening experience develop
http,{R9T2-O7ZN57XP-8577DDYP},07/28/2010 10:27:39,RAR0725,PC-4159,http://linkedin.com/WboUhagvat1479839504.aspx,degree on-time team required opening responsibilities report dynamic job skills resume years years equivalent customer team platform required skills develop part-time multiple dynamic degree people start call expert guidance initiative resume contribute responsibilities develop part-time start multitask responsibilities multitask multitask experience permanent degree customer platform responsibilities industry skills technologies strong permanent benefits management concepts opening
http,{E3F7-T2GD23XH-8004JEFH},07/28/2010 12:24:51,RAR0725,PC-4159,http://indeed.com/WboUhagvat1680703797.html,required analyze skills on-time passion required initiative develop degree resume visual analyze permanent expert sales interface guidance responsibilities growth responsibilities multitask technologies resume years growth passion multitask technologies degree skills degree degree sales job team required process people skills contribute benefits job contribute team benefits opening passion passion benefits report opening salary skills customer team interface expert benefits growth concepts engineer team resume multitask expert
http,{N6P1-O1DQ39YQ-9200QQZI},07/28/2010 12:31:59,RAR0725,PC-4159,http://harris.com/WboUhagvat1919385663.htm,degree degree management multitask opening job opening responsibilities on-line responsibilities sales passion visual skills hours customer multiple contribute responsibilities years on-line interface self multitask starter industry skills concepts interface self salary team growth sales strong compensation equivalent multiple responsibilities part-time customer interface permanent on-line responsibilities platform
http,{Q4O7-J1XZ92NG-2080EKEZ},07/28/2010 12:36:57,RAR0725,PC-4159,http://indeed.com/WboUhagvat1680703797.html,concepts initiative job passion skills required multitask analyze opening strong experience permanent equivalent on-line passion skills required growth management strong responsibilities skills expert process technologies develop management part-time years job starter process responsibilities team interface multitask responsibilities years growth people passion resume interface
http,{P1C8-T8XG31TL-4688KQJV},07/28/2010 12:52:58,RAR0725,PC-4159,http://jobhuntersbible.com/WboUhagvat1258877042.aspx,people on-line develop develop resume people initiative job permanent interface start contribute degree concepts compensation responsibilities salary develop responsibilities opening multiple management customer on-time guidance sales develop dynamic customer concepts customer
http,{Z1Z8-S1DD56JT-7579UTXC},07/28/2010 12:54:06,RAR0725,PC-4159,http://boeing.com/WboUhagvat1904327536.htm,start recruiter skills benefits opening starter people equivalent dynamic equivalent team initiative required team platform responsibilities multitask skills growth growth analyze passion multitask management customer sales strong expert resume report opening sales growth required develop strong technologies equivalent skills growth on-time hours resume multitask opening multiple
http,{C6L0-X5JZ45VF-1820RFWL},07/28/2010 13:41:59,RAR0725,PC-4159,http://harris.com/WboUhagvat1919385663.htm,guidance management responsibilities contribute contribute responsibilities people strong sales salary people starter people dynamic team report hours team starter develop equivalent skills salary contribute develop skills start start management required degree self required benefits concepts initiative strong required team multiple required part-time degree initiative start on-time passion years team growth benefits concepts opening experience sales degree process experience expert responsibilities develop develop multitask
http,{K8B2-K3OS97WO-8309MUOC},07/28/2010 15:45:31,RAR0725,PC-4159,http://craigslist.org/WboUhagvat1105403916.aspx,engineer customer equivalent visual degree multiple strong develop technologies multitask platform expert sales interface sales initiative customer strong degree growth years management equivalent compensation guidance management multitask interface management expert customer multiple resume benefits develop contribute
http,{B2L3-D7ED87UD-1779OEQT},07/29/2010 12:22:28,RAR0725,PC-4159,http://aol.com/jobs/WboUhagvat1963819229.jsp,team benefits concepts platform responsibilities customer call equivalent initiative experience degree develop degree interface team people dynamic required responsibilities start experience resume develop experience customer resume responsibilities report part-time interface team management dynamic experience interface guidance call resume multitask resume required degree growth resume degree job opening multiple experience required years degree on-time required benefits part-time multitask people expert strong
http,{K0G0-K5OZ27ES-3206BMQL},07/30/2010 10:56:11,RAR0725,PC-4159,http://yahoo.com/hotjobs/WboUhagvat752138490.php,opening multitask strong hours self degree process contribute dynamic job initiative recruiter guidance management experience interface customer start equivalent experience opening on-line develop passion permanent degree experience customer start engineer growth strong report compensation years on-time people multitask team platform interface job experience job
http,{I7E9-O9JT79KM-4235LYWI},07/30/2010 11:38:06,RAR0725,PC-4159,http://aol.com/jobs/WboUhagvat1963819229.jsp,experience responsibilities self compensation job people compensation responsibilities resume responsibilities guidance compensation opening dynamic strong analyze years multitask permanent passion hours growth degree initiative start multiple equivalent experience platform interface
http,{V3I1-N2JF07QZ-6117SIHC},07/30/2010 16:24:19,RAR0725,PC-4159,http://raytheon.com/WboUhagvat343187784.jsp,salary benefits resume benefits years platform management job multitask permanent responsibilities interface report concepts hours platform management resume growth on-time platform growth people
http,{P3I8-O9MG06IE-8362FOEW},08/02/2010 08:27:40,RAR0725,PC-4159,http://indeed.com/WboUhagvat1680703797.html,dynamic responsibilities experience report responsibilities multitask contribute growth process management start platform years contribute resume job opening people technologies experience degree dynamic equivalent concepts customer contribute strong
http,{Q8C6-X2IR17TG-5136LNPC},08/02/2010 09:27:12,RAR0725,PC-4159,http://raytheon.com/WboUhagvat343187784.jsp,on-time job expert on-line multitask job analyze skills equivalent multitask benefits experience degree platform degree years part-time degree expert compensation develop expert initiative call equivalent years multiple process team on-line self strong equivalent equivalent customer expert customer part-time opening report concepts opening expert people years concepts starter report team
http,{R2M1-L4ZG07XU-8975SYIV},08/02/2010 11:39:43,RAR0725,PC-4159,http://aol.com/jobs/WboUhagvat1963819229.jsp,interface initiative multiple required customer visual permanent team start customer growth opening guidance team guidance report responsibilities contribute required contribute contribute job benefits equivalent start skills management multitask platform hours degree passion process team team hours customer report analyze permanent team multiple team starter opening responsibilities job technologies on-time management self passion management permanent process technologies recruiter permanent starter multitask
http,{J3X5-U8QN17LG-2241FNPE},08/02/2010 12:19:39,RAR0725,PC-4159,http://boeing.com/WboUhagvat1904327536.htm,skills resume degree recruiter recruiter multiple multiple multiple on-time job platform years salary people industry recruiter platform growth strong contribute industry growth guidance opening expert growth develop self benefits expert years sales multitask skills resume experience strong people passion technologies passion opening contribute industry
http,{Z9F6-Q8CJ00YL-0882BMRB},08/02/2010 13:38:09,RAR0725,PC-4159,http://linkedin.com/WboUhagvat1479839504.aspx,growth passion platform starter equivalent contribute start growth industry expert years years skills management equivalent technologies job equivalent technologies required people dynamic experience management degree multiple responsibilities growth contribute sales required skills degree platform salary contribute team required skills experience permanent degree visual industry platform concepts concepts years start dynamic self salary process develop skills multiple
http,{L9L6-B4OE75PB-9879OCYK},08/02/2010 14:26:06,RAR0725,PC-4159,http://job-hunt.org/WboUhagvat919122234.html,multiple team develop recruiter dynamic engineer opening permanent develop people process on-time skills skills people platform expert responsibilities initiative responsibilities engineer years customer on-time develop responsibilities degree job analyze team develop degree experience skills resume strong industry interface platform contribute strong self multitask responsibilities analyze required guidance interface strong develop equivalent growth job multitask technologies years strong degree experience interface starter initiative call resume opening resume team equivalent
http,{C8G0-L0GC74WR-3508PREM},08/02/2010 16:09:04,RAR0725,PC-4159,http://boeing.com/WboUhagvat1904327536.htm,skills team opening responsibilities equivalent develop benefits passion job job industry report required salary relocation sales resume required expert industry opening years platform platform benefits growth permanent multitask benefits develop customer start sales salary expert initiative
http,{Z4E8-V7ZM77JK-9679XYUH},08/03/2010 07:40:46,RAR0725,PC-4159,http://yahoo.com/hotjobs/WboUhagvat752138490.php,years recruiter opening platform growth responsibilities management degree skills equivalent benefits hours strong skills call management multitask initiative degree self degree engineer skills skills
http,{G1S5-A2KW83TE-9619AHGC},08/03/2010 10:14:27,RAR0725,PC-4159,http://harris.com/WboUhagvat1919385663.htm,develop team develop report industry process skills strong customer opening on-time visual customer team skills passion years sales interface on-time report start benefits sales contribute team develop platform platform years growth concepts experience team equivalent responsibilities passion multiple industry
http,{V7F8-C8ER85FW-7560SUFP},08/03/2010 11:17:36,RAR0725,PC-4159,http://careerbuilder.com/WboUhagvat660170997.htm,resume strong relocation concepts customer industry customer guidance customer recruiter multiple guidance technologies responsibilities call visual dynamic contribute job opening years degree customer degree growth degree contribute skills develop passion team expert multiple interface permanent required report experience people team passion report platform growth skills guidance contribute initiative on-time concepts on-time call
http,{Q3T0-O2EP78RN-8570PYIV},08/03/2010 13:20:18,RAR0725,PC-4159,http://indeed.com/WboUhagvat1680703797.html,interface initiative platform sales strong interface hours platform guidance benefits team management equivalent concepts develop sales on-line equivalent people process growth team team management equivalent job expert skills
http,{S7N7-M5CR39CF-1902GPYL},08/04/2010 09:17:19,RAR0725,PC-4159,http://indeed.com/WboUhagvat1680703797.html,self sales required responsibilities required industry start opening develop multiple required industry platform experience expert equivalent hours on-time start multiple hours growth equivalent passion degree degree platform analyze process permanent skills skills salary contribute resume concepts required growth job contribute salary platform initiative team resume multitask analyze people starter team concepts growth starter required required years engineer responsibilities
http,{C0Z0-F1GM17RR-9647ZIIP},08/04/2010 09:21:04,RAR0725,PC-4159,http://harris.com/WboUhagvat1919385663.htm,analyze concepts team multiple degree multiple job contribute analyze concepts part-time platform on-line initiative required responsibilities passion salary strong initiative required industry guidance team on-time required equivalent concepts years contribute multitask initiative initiative self degree management required start opening multiple platform benefits platform hours opening report people customer part-time
http,{U1M7-O1KK96YX-4117JGBL},08/04/2010 10:00:05,RAR0725,PC-4159,http://simplyhired.com/WboUhagvat57469130.jsp,multiple develop concepts dynamic skills dynamic people required hours dynamic start experience multiple growth engineer strong initiative benefits dynamic benefits contribute team on-time customer multiple analyze resume process opening responsibilities years platform expert management start call salary sales report job multitask experience multitask multitask
http,{W6D4-C5OS05GZ-5008YLHS},08/04/2010 12:37:31,RAR0725,PC-4159,http://simplyhired.com/WboUhagvat57469130.jsp,opening dynamic team initiative dynamic skills initiative opening multitask report responsibilities skills sales permanent hours team interface skills interface multiple experience initiative industry opening industry benefits start technologies degree hours starter skills strong platform start compensation management multiple contribute multiple management job guidance hours
http,{U2Z1-K8SZ37YZ-5607VIHM},08/04/2010 12:57:12,RAR0725,PC-4159,http://monster.com/WboUhagvat1180707852.html,experience industry team permanent people skills compensation required initiative starter sales analyze passion customer technologies on-time responsibilities strong technologies engineer management skills multiple passion initiative contribute develop engineer multiple initiative people experience multitask self benefits technologies degree contribute report initiative relocation opening growth skills interface growth dynamic passion required team team multitask
http,{B5F6-N6BB72GD-4082KIIW},08/04/2010 14:10:54,RAR0725,PC-4159,http://linkedin.com/WboUhagvat1479839504.aspx,management develop guidance benefits years benefits team platform report years years responsibilities degree required benefits team platform degree start permanent job job growth self growth starter interface resume management technologies permanent permanent customer growth develop industry team customer responsibilities self compensation passion passion relocation resume resume relocation management on-time process resume contribute resume years opening years report experience job contribute management years multitask resume
http,{B1G7-V2LK55RK-6564PJGW},08/04/2010 14:54:40,RAR0725,PC-4159,http://monster.com/WboUhagvat1180707852.html,years degree job platform skills responsibilities contribute experience customer platform equivalent customer multitask interface expert permanent initiative strong degree relocation multitask technologies customer develop job experience years starter sales resume self part-time report call technologies years multiple management experience opening interface opening skills skills concepts
http,{O5W2-N6GI35LI-9826UGIZ},08/04/2010 15:14:03,RAR0725,PC-4159,http://linkedin.com/WboUhagvat1479839504.aspx,technologies degree permanent equivalent on-line develop platform guidance concepts job customer initiative job multiple analyze on-time team contribute resume required experience develop expert team permanent experience recruiter responsibilities interface process interface call develop on-time resume skills interface customer passion multitask skills report part-time skills equivalent degree responsibilities compensation required expert years required report interface
http,{F6L2-T9GP17DI-3504FNLC},08/04/2010 15:33:29,RAR0725,PC-4159,http://monster.com/WboUhagvat1180707852.html,salary visual analyze start experience responsibilities responsibilities platform people management years growth initiative self report self responsibilities multitask part-time years contribute experience benefits sales team develop resume multiple opening report guidance skills strong process part-time responsibilities required interface strong strong dynamic engineer resume required benefits job guidance contribute on-time people report initiative sales customer multiple team contribute contribute skills required growth
http,{W5H1-M4AB73YL-0423SODA},08/04/2010 16:16:05,RAR0725,PC-4159,http://monster.com/WboUhagvat1180707852.html,team experience hours interface hours strong skills platform customer responsibilities resume sales interface growth start management industry multitask required years dynamic experience guidance contribute initiative contribute equivalent growth passion growth experience required start develop customer concepts guidance develop platform team
