type,id,date,user,pc,to,cc,bcc,from,size,attachments,content
email,{F5M5-W8XJ70UH-2839YNMA},08/09/2010 13:58:29,PSF0133,PC-4925,Ivy_Shaw@hp.com,,,Piper.Sasha.Fuentes@dtaa.com,18216,0,degree contribute dynamic years multitask develop compensation platform team responsibilities degree opening salary guidance management team expert concepts concepts dynamic degree concepts process multiple develop technologies multiple team report strong skills start multiple multiple resume interface benefits guidance degree develop guidance
email,{J9L2-L7EV69AY-7301LXQA},08/09/2010 14:07:32,PSF0133,PC-4925,Ivy_Shaw@hp.com,,,Piper.Sasha.Fuentes@dtaa.com,20637,0,required equivalent sales sales resume management industry contribute expert expert concepts strong resume concepts responsibilities people experience dynamic multiple sales expert starter degree benefits skills resume years required concepts develop industry sales benefits relocation equivalent permanent benefits experience degree passion years management people
email,{E3K0-J9VY43XP-3672FHYJ},08/12/2010 17:23:11,PSF0133,PC-4925,Ivy_Shaw@hp.com,,,Piper.Sasha.Fuentes@dtaa.com,22148,0,develop responsibilities people technologies management part-time equivalent strong years job industry people job start on-time concepts passion experience resume equivalent opening skills people benefits multitask self start sales contribute initiative degree responsibilities passion process self permanent process on-line hours multiple initiative skills resume initiative initiative experience opening platform experience equivalent
email,{U7Y4-A1PO74MS-6770SHCR},08/17/2010 11:56:54,PSF0133,PC-4925,Ivy_Shaw@hp.com,,,Piper.Sasha.Fuentes@dtaa.com,18319,0,strong multitask sales benefits resume people degree degree skills required experience report platform industry interface interface hours degree sales guidance develop years hours platform opening management guidance job job process engineer team report job years platform required opening develop salary self opening experience part-time on-line team experience sales equivalent responsibilities experience degree people hours years years benefits passion industry
email,{M8P1-Y9GY71BQ-4971ZGCG},08/17/2010 13:57:27,PSF0133,PC-4925,Ivy_Shaw@hp.com,,,Piper.Sasha.Fuentes@dtaa.com,17455,0,management management process report customer skills on-line strong skills people salary job develop experience skills recruiter required interface salary management start skills strong skills expert visual report skills expert responsibilities starter experience starter growth degree platform resume hours on-time responsibilities multiple skills technologies concepts on-time strong initiative people initiative sales multiple sales report multiple equivalent report
email,{U7Y6-E8PZ43EP-8045AEHM},08/17/2010 16:01:06,PSF0133,PC-4925,Ivy_Shaw@hp.com,,,Piper.Sasha.Fuentes@dtaa.com,17767,0,resume responsibilities starter industry industry skills permanent degree start required initiative passion self resume responsibilities experience interface start management skills required develop starter analyze responsibilities team industry equivalent job guidance self technologies team management industry people growth analyze multiple skills expert interface technologies engineer hours skills develop contribute platform expert multiple strong multitask
email,{W7X8-Z1DN73XL-9611KSWW},08/18/2010 15:05:08,PSF0133,PC-4925,Ivy_Shaw@hp.com,,,Piper.Sasha.Fuentes@dtaa.com,42478,0,compensation responsibilities opening industry concepts equivalent expert strong degree resume benefits permanent interface team people equivalent people analyze passion start strong sales multitask equivalent develop on-time responsibilities benefits growth industry customer compensation skills responsibilities customer passion required growth technologies skills compensation contribute industry benefits technologies opening contribute develop experience job degree growth
email,{S6B5-Y0JH89TQ-6041WWNG},08/18/2010 15:26:27,PSF0133,PC-4925,Ivy_Shaw@hp.com,,,Piper.Sasha.Fuentes@dtaa.com,17848,0,technologies customer passion multitask expert start initiative platform technologies skills industry initiative team dynamic guidance team degree customer technologies relocation skills benefits years initiative multiple dynamic management degree degree concepts job management skills growth skills years dynamic multiple concepts industry benefits starter multiple concepts on-time resume required multitask on-time report management interface required benefits opening
email,{L5B1-H7HV99CB-3758SUNB},08/24/2010 09:13:31,PSF0133,PC-4925,Ivy_Shaw@hp.com,,,Piper.Sasha.Fuentes@dtaa.com,40836,0,experience team strong interface benefits sales contribute guidance technologies dynamic contribute process resume responsibilities years multitask hours passion responsibilities resume degree interface on-time contribute multiple responsibilities customer job job multitask multitask concepts guidance dynamic growth develop degree people strong report growth multiple equivalent concepts sales required resume guidance multitask resume recruiter experience analyze platform management required contribute engineer skills resume customer permanent relocation
email,{H3Y2-F6CX69SL-0830LQUV},08/25/2010 14:53:51,PSF0133,PC-4925,Ivy_Shaw@hp.com,,,Piper.Sasha.Fuentes@dtaa.com,30023,0,responsibilities benefits start job multitask customer equivalent part-time responsibilities multitask experience multitask benefits people multiple platform contribute strong experience initiative sales equivalent multiple contribute technologies management guidance customer platform job on-time responsibilities multitask sales guidance develop growth initiative skills platform experience benefits equivalent responsibilities job equivalent technologies part-time opening develop industry responsibilities management resume years experience initiative develop years permanent guidance start
email,{N0M7-X5YA88II-8489YCHO},08/27/2010 09:07:49,PSF0133,PC-4925,Ivy_Shaw@hp.com,,,Piper.Sasha.Fuentes@dtaa.com,31633,0,equivalent people multiple multitask job responsibilities people years job opening people degree resume passion technologies years responsibilities sales responsibilities guidance
email,{Y1H4-A9RR38ON-8312OOZH},08/27/2010 11:01:50,PSF0133,PC-4925,Ivy_Shaw@hp.com,,,Piper.Sasha.Fuentes@dtaa.com,20213,0,permanent technologies concepts responsibilities people management dynamic dynamic relocation responsibilities expert team passion team industry experience develop team contribute customer strong growth required required multitask degree permanent on-line degree permanent benefits interface recruiter responsibilities experience develop part-time strong concepts benefits management permanent strong required multiple platform technologies skills resume salary required self sales team on-time sales
email,{C2V0-X1RC18ZO-9738RKEF},08/27/2010 11:31:06,PSF0133,PC-4925,Ivy_Shaw@hp.com,,,Piper.Sasha.Fuentes@dtaa.com,55121,0,passion report engineer analyze part-time equivalent management initiative technologies years platform dynamic opening initiative visual engineer multiple degree responsibilities guidance concepts develop technologies responsibilities management responsibilities self analyze strong job platform benefits strong degree resume concepts degree sales industry required responsibilities growth job customer self multiple sales team contribute experience industry growth
email,{R1C5-B9PK04WT-0726RAUP},09/14/2010 12:44:43,PSF0133,PC-4925,Shannon.Chantale.Price@dtaa.com,,,Piper.Sasha.Fuentes@dtaa.com,18916,0,thanks position notice my letter week resign my resignation letter key letter week position letter letter 2 week opportunity 2 key 2 position letter resign resign notice of resign resignation position 2 interview resign position week resign resignation week letter resignation week of of position week exit week my opportunity resignation key resignation letter tender week 2 letter my
