type,id,date,user,pc,to,cc,bcc,from,size,attachments,content
email,{S3K7-O5GM98ES-3958UVVT},12/30/2010 16:36:23,CCL0068,PC-7699,ANG91@harris.com,,,Camilla.Camille.Leach@dtaa.com,39369,0,resume growth initiative responsibilities sales initiative team process multitask multitask job call skills degree customer sales growth growth initiative technologies hours equivalent responsibilities responsibilities platform required dynamic job multiple responsibilities multiple years job initiative opening required experience degree growth permanent team part-time hours experience years starter develop equivalent report technologies equivalent compensation self contribute guidance resume growth years industry skills on-time start report opening concepts strong engineer develop growth develop develop skills opening people initiative
email,{N4R1-N2OB17ND-5374SICF},01/04/2011 11:39:48,CCL0068,PC-7699,ANG91@harris.com,,,Camilla.Camille.Leach@dtaa.com,35709,0,expert experience opening develop permanent resume benefits multitask contribute industry multitask technologies platform strong self years people required passion permanent team equivalent report growth industry analyze expert process multiple contribute dynamic people team compensation industry growth industry resume platform multitask develop start initiative sales passion benefits skills team resume skills initiative guidance process analyze expert customer start compensation
email,{P5D5-D7EY59QD-1882ESBI},01/04/2011 15:05:21,CCL0068,PC-7699,ANG91@harris.com,,,Camilla.Camille.Leach@dtaa.com,24291,0,benefits visual guidance job responsibilities process skills customer equivalent degree dynamic hours platform technologies team start multiple management sales strong initiative contribute opening required experience interface technologies multitask contribute expert multitask initiative required industry customer contribute salary self team responsibilities engineer report responsibilities skills customer industry contribute contribute skills passion report job part-time dynamic hours dynamic responsibilities resume people required hours part-time experience required part-time multiple growth responsibilities sales resume experience platform
email,{A6H1-I7RU88RJ-6260EIJC},01/07/2011 08:44:56,CCL0068,PC-7699,ANG91@harris.com,,,Camilla.Camille.Leach@dtaa.com,20184,0,interface management degree people industry platform process required opening develop on-line opening contribute permanent dynamic concepts platform skills responsibilities passion responsibilities job starter equivalent passion platform platform degree required on-time multiple hours interface responsibilities equivalent multitask industry interface multitask report sales develop multitask concepts part-time opening on-time initiative team process self team customer analyze multitask team guidance interface sales process permanent technologies experience degree
email,{L8R4-F1ZK69AA-6021VZCK},01/07/2011 15:56:30,CCL0068,PC-7699,ANG91@harris.com,,,Camilla.Camille.Leach@dtaa.com,60305,0,develop resume guidance resume job growth expert starter sales contribute salary degree equivalent expert analyze multitask years on-time growth growth equivalent responsibilities multitask platform experience part-time job team compensation contribute sales benefits
email,{E3K3-B8ZB62CQ-8979QVEN},01/11/2011 13:06:08,CCL0068,PC-7699,ANG91@harris.com,,,Camilla.Camille.Leach@dtaa.com,21431,0,dynamic engineer expert skills team interface strong compensation interface strong start responsibilities years salary years sales industry customer report required opening experience process report opening skills responsibilities starter expert degree customer industry customer sales multiple dynamic required initiative expert develop platform on-time technologies multitask opening people technologies salary responsibilities dynamic technologies resume team relocation permanent multitask contribute passion guidance team experience multitask process management initiative report required experience
email,{A0J0-K5CJ01SV-7622BTNQ},01/11/2011 15:13:53,CCL0068,PC-7699,ANG91@harris.com,,,Camilla.Camille.Leach@dtaa.com,35471,0,sales guidance self initiative technologies multitask concepts resume platform guidance opening starter passion salary visual concepts process compensation responsibilities years initiative years resume expert management expert team permanent experience contribute degree management self people compensation degree
email,{N3G9-J2YF23TW-8289IFVQ},01/11/2011 16:58:06,CCL0068,PC-7699,ANG91@harris.com,,,Camilla.Camille.Leach@dtaa.com,32594,0,interface dynamic team years skills required equivalent benefits required hours interface team opening start job years report expert expert people resume equivalent platform part-time self customer people degree technologies industry job responsibilities concepts required job job start initiative degree skills permanent equivalent skills dynamic platform opening degree customer multiple relocation equivalent
email,{K6O9-C7HG34UR-3858LBBG},01/13/2011 17:00:15,CCL0068,PC-7699,ANG91@harris.com,,,Camilla.Camille.Leach@dtaa.com,40667,0,team multitask salary develop platform contribute resume opening team team develop required equivalent start multitask contribute resume technologies job skills resume concepts develop multitask years interface process people compensation experience growth permanent customer salary process people concepts opening on-time skills salary strong platform interface technologies responsibilities responsibilities opening
email,{J5R9-U0WM89II-5292HXPX},01/13/2011 17:59:54,CCL0068,PC-7699,ANG91@harris.com,,,Camilla.Camille.Leach@dtaa.com,33144,0,platform visual guidance guidance platform guidance responsibilities develop contribute years multiple initiative opening expert years contribute hours passion sales sales job required resume required platform experience opening degree strong experience resume interface platform multiple process develop initiative sales skills responsibilities process interface customer technologies job multiple passion develop on-time years
email,{Q3S6-T9LT40XY-0802LAAZ},01/14/2011 14:51:29,CCL0068,PC-7699,ANG91@harris.com,,,Camilla.Camille.Leach@dtaa.com,40663,0,resume skills required dynamic people degree strong part-time sales job interface customer develop process engineer experience permanent responsibilities equivalent engineer platform responsibilities resume hours equivalent equivalent technologies required years customer initiative degree start initiative job permanent experience responsibilities multitask management process dynamic guidance permanent degree multitask management team industry growth platform interface starter passion multiple expert permanent on-time
email,{W2I4-K1RP43ZO-5794FNVJ},01/14/2011 16:37:12,CCL0068,PC-7699,ANG91@harris.com,,,Camilla.Camille.Leach@dtaa.com,11743,0,multitask dynamic people skills part-time dynamic customer responsibilities equivalent management customer permanent expert expert on-line initiative contribute develop on-time industry start resume years self equivalent start expert experience growth required concepts sales years on-time multiple sales team concepts strong initiative management technologies equivalent multitask resume management
email,{M9D2-E4GK61VG-7776XBHY},01/24/2011 14:10:30,CCL0068,PC-7699,ANG91@harris.com,,,Camilla.Camille.Leach@dtaa.com,36232,2,responsibilities management skills skills contribute start years salary report self permanent contribute job industry contribute on-time equivalent passion responsibilities concepts develop expert management strong salary team skills compensation concepts resume on-line self develop permanent
email,{F9J0-Y4XE19RF-7841MOIF},02/08/2011 12:33:59,CCL0068,PC-7699,Vance.Ira.Alston@dtaa.com,,,Camilla.Camille.Leach@dtaa.com,22142,0,resignation letter resign my interview key 2 interview interview notice my resign week resign resignation week resign resignation position my of week 2 of resignation notice of position week interview week position my letter letter 2 resign week position letter notice exit resignation my exit resignation opportunity resignation letter
