type,id,date,user,pc,to,cc,bcc,from,size,attachments,content
email,{K6L8-Y1VI92XO-8577GRAX},07/20/2010 10:12:12,MOS0047,PC-5820,Fiona.C.Parrish@lockheedmartin.com,,,Mariko.Olga.Snyder@dtaa.com,33681,0,contribute multiple start equivalent skills resume process start permanent benefits platform degree management experience required strong responsibilities experience analyze skills responsibilities hours start concepts start responsibilities skills part-time multitask self technologies permanent management resume report on-time multitask years industry multitask resume analyze opening contribute start guidance develop industry team develop dynamic develop initiative report skills dynamic
email,{L6R2-S8PM88CM-9144XPBS},07/20/2010 11:17:54,MOS0047,PC-5820,Fiona.C.Parrish@lockheedmartin.com,,,Mariko.Olga.Snyder@dtaa.com,30954,0,strong call experience experience industry experience sales expert industry skills start required multiple years experience industry start responsibilities required initiative guidance dynamic report degree platform multitask passion interface resume skills initiative management management required years management self engineer guidance on-time platform sales team report years responsibilities experience experience strong degree required team multiple expert required expert required resume
email,{H8V4-U0IU34HX-1739DOON},07/20/2010 13:55:25,MOS0047,PC-5820,Fiona.C.Parrish@lockheedmartin.com,,,Mariko.Olga.Snyder@dtaa.com,19479,3,customer skills concepts permanent hours responsibilities strong multiple opening hours skills concepts people multitask self passion management required team resume management interface years team resume multitask permanent customer benefits contribute benefits concepts team technologies
email,{F9L6-G7GK83BS-4715IXFP},07/28/2010 14:30:40,MOS0047,PC-5820,Fiona.C.Parrish@lockheedmartin.com,,,Mariko.Olga.Snyder@dtaa.com,29749,0,permanent multiple people on-line dynamic technologies customer degree permanent responsibilities strong experience required experience develop management on-line team opening management call responsibilities customer customer management job on-time job customer degree start resume report people benefits hours opening strong customer opening resume customer develop experience team strong opening required
email,{Y1Q4-C5WT65DC-0624NUPX},08/03/2010 08:17:51,MOS0047,PC-5820,Fiona.C.Parrish@lockheedmartin.com,,,Mariko.Olga.Snyder@dtaa.com,24331,4,growth develop industry permanent start report skills benefits required required contribute strong multitask develop contribute years salary on-time visual on-line report job benefits required dynamic multitask hours resume contribute resume develop team skills dynamic contribute opening resume equivalent technologies degree self skills job years passion start start experience equivalent multitask report multiple multitask team hours required experience management skills permanent benefits
email,{E6D1-W2EI06FK-0514VWIQ},08/03/2010 08:46:14,MOS0047,PC-5820,Fiona.C.Parrish@lockheedmartin.com,,,Mariko.Olga.Snyder@dtaa.com,23337,0,multiple resume start concepts process visual responsibilities call experience develop technologies strong multitask skills concepts develop industry benefits compensation hours platform multitask skills responsibilities multitask hours people benefits technologies contribute interface required visual concepts process growth opening management resume degree part-time sales concepts team management opening years guidance degree
email,{F4X8-K2OC66DJ-3397XLQH},08/04/2010 10:40:37,MOS0047,PC-5820,Fiona.C.Parrish@lockheedmartin.com,,,Mariko.Olga.Snyder@dtaa.com,22366,0,platform job skills team compensation platform degree passion develop team team starter customer permanent develop customer benefits on-line years required resume initiative strong degree opening skills multiple responsibilities customer develop responsibilities initiative team concepts experience experience concepts start platform concepts platform opening salary initiative benefits starter job strong resume
email,{P4Y3-Q6PH36WY-6435NMYI},08/04/2010 12:51:12,MOS0047,PC-5820,Fiona.C.Parrish@lockheedmartin.com,,,Mariko.Olga.Snyder@dtaa.com,33853,2,required management technologies develop multitask job process passion industry people guidance job permanent expert degree equivalent experience equivalent experience report develop multitask skills develop strong part-time industry passion opening contribute part-time initiative multitask skills skills contribute self benefits management degree technologies skills experience customer degree report on-time skills initiative growth self resume develop multiple multiple experience years responsibilities contribute
email,{E2B2-F9MT68CB-6469SJHG},08/06/2010 13:48:12,MOS0047,PC-5820,Fiona.C.Parrish@lockheedmartin.com,,,Mariko.Olga.Snyder@dtaa.com,21227,0,team experience multiple team job degree develop years sales analyze team people part-time years platform sales on-line required start relocation start multitask industry degree job benefits team equivalent experience
email,{A0W2-K9KX02DF-3484QWYI},08/13/2010 10:00:56,MOS0047,PC-5820,Fiona.C.Parrish@lockheedmartin.com,,,Mariko.Olga.Snyder@dtaa.com,33876,0,initiative platform start passion multiple sales degree contribute process sales customer experience required sales multitask dynamic multitask salary opening responsibilities industry contribute benefits technologies process part-time relocation develop permanent recruiter experience job passion team resume permanent platform develop technologies experience hours resume dynamic sales growth compensation dynamic platform platform degree experience equivalent contribute concepts multitask strong
email,{S9R1-M7RN95WG-9698HEKI},08/13/2010 13:54:44,MOS0047,PC-5820,Fiona.C.Parrish@lockheedmartin.com,,,Mariko.Olga.Snyder@dtaa.com,50859,1,develop management benefits required develop multiple start benefits experience hours compensation contribute concepts team responsibilities industry required degree job customer part-time report concepts permanent technologies team process resume customer growth growth engineer responsibilities platform team team multitask responsibilities guidance report on-line equivalent management hours equivalent on-time develop expert customer team salary technologies years
email,{W0Y1-U9IK49IR-0840QGKD},08/13/2010 14:56:39,MOS0047,PC-5820,Fiona.C.Parrish@lockheedmartin.com,,,Mariko.Olga.Snyder@dtaa.com,46540,1,required engineer self multiple responsibilities call equivalent benefits guidance strong required develop initiative opening opening guidance multiple initiative initiative required technologies multiple strong opening job contribute multiple interface interface passion benefits multitask years job analyze equivalent equivalent multitask responsibilities team on-time experience years process dynamic people develop multitask start
email,{W1F9-T1SA61DA-7202COVO},08/30/2010 13:55:42,MOS0047,PC-5820,Frances.Alisa.Wiggins@dtaa.com,,,Mariko.Olga.Snyder@dtaa.com,33576,0,exit tender 2 opportunity 2 2 key of notice letter resignation resignation key key opportunity my position notice 2 resign resign exit letter resign week notice my of exit 2 tender 2 resignation my week resign notice 2 notice of position 2 interview notice my
