type,id,date,user,pc,url,content
http,{W4X0-T0UR45WY-3260KHMN},07/15/2010 07:23:37,MOS0047,PC-5820,http://indeed.com/WboUhagvat1680703797.html,experience customer strong dynamic skills multitask multitask develop relocation passion responsibilities initiative start management on-time process contribute salary develop passion opening permanent contribute required self platform on-time visual report process call industry initiative permanent sales degree skills initiative years develop customer required team platform management develop degree contribute contribute benefits
http,{F4L0-U1JZ64WO-3863HVDV},07/15/2010 07:41:23,MOS0047,PC-5820,http://careerbuilder.com/WboUhagvat660170997.htm,multitask multitask process industry expert required skills job passion opening dynamic customer analyze process resume growth years develop resume experience develop multitask sales multitask starter benefits multitask job customer industry responsibilities equivalent contribute self technologies required
http,{C5O1-O5DJ70QC-2722DTYP},07/15/2010 08:27:20,MOS0047,PC-5820,http://hp.com/WboUhagvat1944152218.jsp,part-time customer resume experience dynamic customer required guidance resume initiative benefits resume initiative resume team on-time on-time required skills concepts multiple starter degree initiative resume technologies people growth job concepts concepts visual years contribute develop platform guidance experience management sales skills experience concepts opening
http,{X4M6-D1BK85ZV-9703VPEI},07/15/2010 08:56:38,MOS0047,PC-5820,http://careerbuilder.com/WboUhagvat660170997.htm,dynamic benefits technologies develop interface dynamic degree on-time platform required years people concepts report team start years start resume concepts team technologies permanent concepts passion strong self part-time benefits resume equivalent management expert guidance strong technologies compensation concepts industry relocation years skills sales people technologies permanent multitask interface on-time industry on-time technologies
http,{N9C6-P5CB59HD-4145ECPY},07/15/2010 09:24:03,MOS0047,PC-5820,http://monster.com/WboUhagvat1180707852.html,multiple develop engineer compensation management required initiative skills dynamic opening on-time multitask required passion develop resume multitask degree team job sales growth expert job years equivalent dynamic degree growth process dynamic degree start opening customer strong resume opening required equivalent benefits
http,{E8Z9-U0FG11VB-1145FRWJ},07/15/2010 14:59:40,MOS0047,PC-5820,http://job-hunt.org/WboUhagvat919122234.html,contribute opening platform expert report compensation people customer equivalent skills passion strong years guidance growth responsibilities part-time customer responsibilities report skills opening required degree required responsibilities expert passion industry customer initiative responsibilities skills self customer interface required resume dynamic on-time team starter interface strong guidance years concepts
http,{B8E8-M7BK95MI-3744XHSA},07/16/2010 07:30:17,MOS0047,PC-5820,http://linkedin.com/WboUhagvat1479839504.aspx,equivalent permanent degree equivalent skills team concepts technologies permanent platform resume start platform interface management job sales report experience industry industry contribute customer initiative skills compensation degree experience develop people responsibilities team develop required people growth
http,{P5B9-Y7LX31AG-6228YRLK},07/16/2010 07:34:40,MOS0047,PC-5820,http://linkedin.com/WboUhagvat1479839504.aspx,job technologies multiple customer contribute part-time benefits initiative platform technologies on-line start team growth years process responsibilities on-time on-time equivalent on-time equivalent starter resume industry management skills concepts concepts strong start develop passion multitask salary self experience management experience passion concepts visual on-time opening compensation develop industry starter process equivalent industry process years multiple report permanent strong
http,{W6C5-L5ZR71HW-2145BTMF},07/16/2010 08:14:13,MOS0047,PC-5820,http://jobhuntersbible.com/WboUhagvat1258877042.aspx,team equivalent required degree industry on-time concepts guidance sales guidance concepts dynamic opening years years growth industry relocation technologies team analyze equivalent customer growth develop growth skills multiple required degree on-line report sales customer years platform team industry self people resume salary customer relocation multitask skills degree compensation multitask technologies sales job growth
http,{M4B9-W5KL37UY-2908UJIL},07/16/2010 08:18:35,MOS0047,PC-5820,http://yahoo.com/hotjobs/WboUhagvat752138490.php,recruiter start interface degree contribute industry analyze customer customer job sales responsibilities degree resume equivalent visual salary industry opening skills resume multitask benefits team team multiple opening degree industry required opening multitask team part-time
http,{S8F0-Q2ID81JS-6959WHQC},07/16/2010 08:32:45,MOS0047,PC-5820,http://indeed.com/WboUhagvat1680703797.html,required dynamic customer team platform experience passion report required strong job benefits responsibilities opening interface years job on-line develop passion concepts degree permanent sales hours experience start strong self people strong expert management team multitask experience self compensation permanent
http,{G3T1-Z3WH09US-2692PMMY},07/16/2010 09:02:56,MOS0047,PC-5820,http://raytheon.com/WboUhagvat343187784.jsp,sales report report concepts initiative customer starter required customer industry initiative degree resume team management opening expert contribute responsibilities self concepts customer resume required customer engineer report strong management expert multiple benefits self analyze multitask responsibilities sales management equivalent passion growth
http,{B4M3-U0FO78ZQ-6858MGOK},07/16/2010 09:46:59,MOS0047,PC-5820,http://harris.com/WboUhagvat1919385663.htm,people team strong interface interface technologies concepts interface on-line starter passion degree on-time strong team responsibilities equivalent responsibilities opening equivalent passion resume multitask people team concepts industry equivalent skills skills self responsibilities on-time industry initiative part-time multiple equivalent process start start required self
http,{D2U6-Y3PN23DV-9194CCBM},07/16/2010 11:50:40,MOS0047,PC-5820,http://jobhuntersbible.com/WboUhagvat1258877042.aspx,required growth guidance degree passion opening industry self guidance customer benefits interface initiative on-time on-time multitask initiative start resume start customer customer responsibilities on-time growth technologies years years passion dynamic platform multiple start responsibilities people opening skills passion years passion process concepts platform years skills permanent customer skills on-time years part-time responsibilities job team degree sales engineer part-time sales
http,{E4J2-H4QZ82LF-1634UGLM},07/16/2010 14:44:09,MOS0047,PC-5820,http://monster.com/WboUhagvat1180707852.html,multiple multiple develop passion responsibilities degree compensation technologies dynamic resume passion growth guidance degree management skills industry management job job dynamic multiple opening strong initiative multiple strong people job strong benefits management dynamic people customer team initiative equivalent management permanent resume opening develop interface responsibilities resume
http,{R8T4-B3UX15UC-1330XGJH},07/19/2010 11:51:11,MOS0047,PC-5820,http://aol.com/jobs/WboUhagvat1963819229.jsp,on-line years resume required degree compensation customer degree starter skills relocation report degree expert skills visual compensation on-line starter people responsibilities job resume guidance years opening contribute permanent passion passion growth guidance growth required self multiple skills equivalent resume strong start dynamic interface years customer concepts multiple interface years develop years multiple analyze compensation
http,{L8O1-F7NE84MS-8659CCGO},07/19/2010 13:49:48,MOS0047,PC-5820,http://aol.com/jobs/WboUhagvat1963819229.jsp,skills platform concepts job years equivalent resume permanent experience management experience multiple analyze team initiative on-line multiple on-time skills industry start concepts compensation growth strong dynamic strong years initiative technologies process growth develop platform contribute years industry job resume starter degree self equivalent opening report
http,{A4J9-J8ME59CK-5244AAJD},07/20/2010 09:34:30,MOS0047,PC-5820,http://aol.com/jobs/WboUhagvat1963819229.jsp,platform opening hours skills concepts equivalent industry multiple experience on-time industry multitask experience experience contribute interface contribute contribute sales platform interface equivalent responsibilities sales industry customer years platform multiple part-time contribute multiple
http,{C7B9-Z8BF56TE-2033YFXI},07/20/2010 11:31:06,MOS0047,PC-5820,http://job-hunt.org/WboUhagvat919122234.html,required passion permanent required industry skills dynamic industry dynamic required on-line equivalent analyze process on-time dynamic self strong team skills responsibilities team years on-time hours management required technologies responsibilities develop expert industry compensation starter contribute job engineer interface sales expert concepts expert
http,{X9O2-S1ZR01XH-9542NRTP},07/20/2010 14:51:02,MOS0047,PC-5820,http://job-hunt.org/WboUhagvat919122234.html,compensation skills multitask technologies experience salary concepts resume contribute start visual starter guidance sales experience job degree industry experience multitask management on-time job experience concepts expert interface process passion growth required degree contribute multitask guidance customer resume degree analyze strong hours experience experience interface passion industry concepts compensation initiative customer part-time
http,{D8X4-Z0HG79VY-1624FZPI},07/20/2010 15:07:08,MOS0047,PC-5820,http://craigslist.org/WboUhagvat1105403916.aspx,degree concepts benefits equivalent report benefits job multitask passion years multitask equivalent responsibilities equivalent dynamic benefits platform people strong technologies skills multiple platform job interface job starter sales customer process team customer years management platform degree equivalent skills resume concepts growth dynamic resume experience contribute call team years growth required compensation contribute experience on-time
http,{H2P5-N1WE52JP-3393RGBS},07/20/2010 15:24:56,MOS0047,PC-5820,http://aol.com/jobs/WboUhagvat1963819229.jsp,sales start equivalent contribute required required technologies contribute customer management customer analyze multitask permanent expert resume passion degree hours initiative develop multitask experience degree years equivalent industry customer years permanent opening interface process start skills contribute guidance multiple multitask part-time guidance strong concepts years sales start permanent concepts multiple sales technologies resume sales management skills start required start years team equivalent dynamic
http,{J7C4-F9NM16MY-5106NVDI},07/21/2010 07:47:42,MOS0047,PC-5820,http://hp.com/WboUhagvat1944152218.jsp,multitask guidance call contribute interface platform strong multiple resume platform concepts contribute management start report sales technologies passion experience report experience
http,{K0O1-C3TP63WY-3600JVKH},07/21/2010 07:50:27,MOS0047,PC-5820,http://simplyhired.com/WboUhagvat57469130.jsp,interface responsibilities customer sales experience resume develop relocation strong visual team concepts multiple report management guidance technologies equivalent equivalent responsibilities resume resume sales growth sales experience skills initiative skills years industry growth equivalent multitask industry resume on-time years team on-time years people visual required passion opening sales resume start multitask
http,{J4P8-F2IS25ZN-8382NZTM},07/21/2010 10:00:38,MOS0047,PC-5820,http://hp.com/WboUhagvat1944152218.jsp,years dynamic analyze contribute opening growth required team contribute salary recruiter degree on-line resume team job customer self guidance guidance growth job expert guidance on-time technologies resume multitask management guidance permanent degree benefits years multiple experience process required process
http,{O4E2-C3OA10PN-9486XDZY},07/21/2010 13:28:21,MOS0047,PC-5820,http://craigslist.org/WboUhagvat1105403916.aspx,management benefits contribute hours dynamic degree experience job team equivalent required team skills degree start growth expert part-time develop start experience engineer multitask customer management multitask customer interface degree multiple strong multitask technologies team sales team process industry benefits platform visual guidance dynamic develop contribute engineer equivalent industry interface dynamic resume job
http,{F8R0-J1GL22AX-1655YDWF},07/21/2010 13:30:47,MOS0047,PC-5820,http://indeed.com/WboUhagvat1680703797.html,benefits industry visual degree hours sales strong dynamic experience platform analyze degree skills technologies concepts technologies dynamic benefits salary skills concepts report concepts resume benefits responsibilities years call management call benefits salary multiple responsibilities required starter opening multiple platform report initiative dynamic multitask strong report multiple resume multitask dynamic sales management growth
http,{V5S3-D3SX77SH-6970JOWA},07/22/2010 07:48:47,MOS0047,PC-5820,http://hp.com/WboUhagvat1944152218.jsp,permanent on-time resume equivalent permanent multiple equivalent start degree sales salary skills years on-line skills people starter degree required analyze resume engineer benefits required salary guidance visual multitask concepts
http,{U6U5-J6IG03CS-0971GFKW},07/22/2010 08:04:09,MOS0047,PC-5820,http://careerbuilder.com/WboUhagvat660170997.htm,skills technologies multiple salary start on-line required start industry industry self multitask degree expert develop initiative responsibilities dynamic multitask degree guidance experience initiative multitask develop skills on-line compensation years growth degree industry initiative initiative years growth passion required benefits develop team interface initiative degree experience years start opening technologies years management
http,{M6X8-G8IR17XY-9174MQWE},07/22/2010 08:40:44,MOS0047,PC-5820,http://jobhuntersbible.com/WboUhagvat1258877042.aspx,required skills multiple multitask start growth sales job hours on-time management concepts on-line self responsibilities strong self initiative compensation experience required experience team resume opening required people self required industry people starter concepts degree team responsibilities passion equivalent industry responsibilities skills multiple develop customer team degree concepts years responsibilities sales develop
http,{T9Z5-B7EJ12IE-1799QVJP},07/22/2010 08:50:00,MOS0047,PC-5820,http://harris.com/WboUhagvat1919385663.htm,guidance degree platform team strong compensation develop team passion benefits experience on-time job technologies concepts skills equivalent guidance contribute years equivalent contribute start dynamic report call interface interface degree multiple multitask degree industry passion report sales concepts team engineer initiative initiative benefits years strong self guidance
http,{D1A6-V1GX32EZ-2018WZEX},07/22/2010 09:10:01,MOS0047,PC-5820,http://lockheedmartin.com/WboUhagvat1636367808.htm,concepts guidance years report guidance technologies industry job passion platform initiative responsibilities develop equivalent experience multitask sales customer start team management develop opening growth experience degree interface customer strong benefits guidance equivalent experience experience interface industry passion skills experience dynamic sales equivalent resume customer permanent develop expert required platform team resume permanent permanent opening experience responsibilities
http,{S5C7-B1UY61SA-5456LTLA},07/23/2010 08:21:39,MOS0047,PC-5820,http://careerbuilder.com/WboUhagvat660170997.htm,dynamic dynamic job growth resume industry initiative multiple start industry opening opening responsibilities resume permanent degree experience resume passion degree customer sales multiple strong people skills platform people expert start platform self report part-time interface years industry skills report team skills degree expert permanent people resume job salary passion customer dynamic sales initiative strong people start
http,{A6A0-N7ND48XP-9936BOME},07/23/2010 11:25:44,MOS0047,PC-5820,http://indeed.com/WboUhagvat1680703797.html,job experience skills experience multiple salary growth required required part-time develop multiple multiple start recruiter skills years degree degree opening concepts people salary team customer on-time contribute contribute multiple team people interface multiple resume equivalent permanent permanent on-line platform resume on-time resume multiple interface strong contribute dynamic
http,{F2A1-W3TT55TB-3499IGNJ},07/23/2010 13:28:26,MOS0047,PC-5820,http://raytheon.com/WboUhagvat343187784.jsp,required customer degree industry responsibilities benefits concepts customer degree growth report benefits job people start self interface platform expert years skills responsibilities salary interface job resume years years multitask responsibilities develop skills industry passion equivalent opening experience hours people industry
http,{O6D8-B9GG54BY-1363LKDX},07/23/2010 15:29:30,MOS0047,PC-5820,http://lockheedmartin.com/WboUhagvat1636367808.htm,interface resume customer contribute years expert opening salary industry multiple customer compensation visual sales responsibilities industry develop analyze analyze industry equivalent self self equivalent industry sales experience degree multiple develop concepts multitask permanent job permanent skills job resume benefits multiple job team years start concepts responsibilities dynamic resume hours interface guidance required multitask
http,{T0G7-E2DK87YX-1234XLRN},07/26/2010 07:31:12,MOS0047,PC-5820,http://simplyhired.com/WboUhagvat57469130.jsp,dynamic dynamic required contribute customer required develop people start report platform sales industry responsibilities sales platform customer degree develop expert customer on-time expert on-time dynamic industry
http,{I8J5-K8UA44IE-4626DWDV},07/26/2010 08:59:43,MOS0047,PC-5820,http://lockheedmartin.com/WboUhagvat1636367808.htm,initiative benefits concepts industry team multiple resume start responsibilities skills growth engineer start multitask strong experience multitask report experience interface hours opening skills analyze contribute people opening report growth multitask years responsibilities degree passion passion starter skills equivalent years expert permanent strong platform responsibilities expert hours team experience benefits relocation responsibilities technologies job platform benefits passion expert part-time call responsibilities interface benefits years benefits responsibilities experience resume degree opening start concepts
http,{J2Z7-N0EA77KF-4935BHEP},07/26/2010 09:27:30,MOS0047,PC-5820,http://monster.com/WboUhagvat1180707852.html,contribute technologies contribute concepts responsibilities benefits technologies initiative permanent management required multiple develop team concepts required responsibilities self contribute people engineer initiative concepts multitask platform degree multitask multitask team industry technologies years years initiative skills people experience multitask guidance equivalent management equivalent experience multitask people
http,{E1Y1-E4FO80VK-3412LKFO},07/26/2010 09:43:14,MOS0047,PC-5820,http://monster.com/WboUhagvat1180707852.html,multiple customer contribute report responsibilities multiple benefits develop team years people part-time industry growth contribute multiple contribute concepts multitask required job salary degree experience job experience opening industry responsibilities years initiative industry responsibilities experience part-time
http,{O4G1-A6LO26OJ-7907YITU},07/26/2010 10:19:23,MOS0047,PC-5820,http://raytheon.com/WboUhagvat343187784.jsp,initiative salary on-line concepts initiative skills interface technologies sales develop passion responsibilities passion team job people starter multiple job part-time experience customer years team engineer self develop team part-time opening passion resume skills team job multitask analyze responsibilities multitask team expert required multiple job management on-time concepts multitask degree benefits required passion develop industry concepts
http,{Y3L0-Z6WD75TI-9266QGCD},07/26/2010 14:25:57,MOS0047,PC-5820,http://indeed.com/WboUhagvat1680703797.html,on-time responsibilities growth customer sales customer passion on-time technologies multitask team customer experience permanent report technologies team permanent team dynamic management multitask responsibilities develop opening salary compensation develop opening experience years platform degree management develop start required initiative management opening compensation team growth develop responsibilities sales report
http,{W1A0-D6BC75DW-1746DTVD},07/26/2010 14:36:31,MOS0047,PC-5820,http://indeed.com/WboUhagvat1680703797.html,engineer skills responsibilities resume multiple opening job technologies guidance customer guidance multiple team start hours equivalent years sales management multiple industry management multitask equivalent resume recruiter responsibilities years self skills hours required equivalent years opening start dynamic degree interface benefits develop opening interface multiple strong required technologies required concepts process strong platform passion strong multiple industry
http,{Q0B6-J7GB52KP-1263AIPS},07/26/2010 14:36:36,MOS0047,PC-5820,http://hp.com/WboUhagvat1944152218.jsp,relocation growth growth skills degree start experience job industry report degree dynamic management start passion equivalent years technologies degree multiple concepts report multiple benefits develop growth customer guidance required resume report start passion job team skills hours concepts contribute management develop
http,{C0H0-L7BI00LU-7698MSEU},07/26/2010 14:39:26,MOS0047,PC-5820,http://jobhuntersbible.com/WboUhagvat1258877042.aspx,start equivalent multiple required engineer skills guidance years equivalent skills required equivalent opening responsibilities experience required visual compensation degree relocation management degree contribute skills experience required skills skills engineer industry interface dynamic part-time people
http,{V4S9-A6BM55LW-8889ONQA},07/26/2010 14:46:27,MOS0047,PC-5820,http://boeing.com/WboUhagvat1904327536.htm,platform interface compensation permanent platform platform starter platform experience hours experience multiple people concepts job compensation industry required responsibilities experience benefits equivalent passion concepts self multitask contribute concepts report team engineer people process years customer team platform multiple team report multitask multitask responsibilities degree self team platform equivalent
http,{C1A5-Y1NV65ZY-6238LSHU},07/27/2010 11:59:10,MOS0047,PC-5820,http://raytheon.com/WboUhagvat343187784.jsp,starter responsibilities opening equivalent strong multiple self sales start years skills growth platform expert equivalent industry growth customer engineer hours multitask multiple multiple multiple years experience job equivalent guidance contribute growth multitask multitask salary process guidance experience management people equivalent skills required people required permanent skills strong concepts report sales technologies team contribute on-time required develop responsibilities on-time engineer resume benefits concepts experience
http,{D1O4-W0OK21QY-6388FXTB},07/27/2010 13:06:46,MOS0047,PC-5820,http://simplyhired.com/WboUhagvat57469130.jsp,benefits years multiple required concepts industry sales concepts develop analyze develop team process industry concepts years job growth sales platform years skills experience process salary customer contribute technologies customer develop contribute initiative resume strong start platform team customer compensation strong part-time concepts relocation years interface required interface
http,{X3W5-F4SV32QZ-8325CVYJ},07/27/2010 13:15:01,MOS0047,PC-5820,http://job-hunt.org/WboUhagvat919122234.html,permanent responsibilities customer guidance passion experience job sales customer multiple report growth customer engineer equivalent passion strong resume years passion salary develop engineer report skills opening platform call equivalent years passion required team guidance multiple interface contribute customer responsibilities expert team equivalent benefits concepts platform
http,{W1B3-F4HJ70HK-2799ISBJ},07/27/2010 13:46:23,MOS0047,PC-5820,http://boeing.com/WboUhagvat1904327536.htm,multitask customer guidance responsibilities years skills multitask resume on-line required skills passion benefits equivalent multiple strong responsibilities develop technologies expert job passion skills degree technologies degree multitask customer concepts process hours team contribute sales years people guidance technologies team people strong opening develop
http,{O1N1-A2EE63LL-8573KWPP},07/27/2010 13:51:31,MOS0047,PC-5820,http://lockheedmartin.com/WboUhagvat1636367808.htm,required start concepts salary job required years years report engineer multitask concepts opening self contribute contribute sales dynamic growth start on-time required skills management process skills start management skills responsibilities contribute process self experience required opening develop contribute people resume growth resume industry
http,{D5M0-H5OZ81MD-4425YWRI},07/27/2010 14:00:22,MOS0047,PC-5820,http://harris.com/WboUhagvat1919385663.htm,multitask resume experience responsibilities multitask industry sales develop permanent benefits self report initiative resume responsibilities concepts technologies report multiple experience starter report people management job technologies job industry equivalent opening growth starter experience analyze years multitask multitask customer years develop interface salary concepts degree interface management multiple years degree concepts contribute multitask contribute years industry concepts technologies develop guidance interface equivalent interface visual people multitask required resume
http,{X2P2-J8LR77LF-2775RFMC},07/27/2010 14:01:39,MOS0047,PC-5820,http://harris.com/WboUhagvat1919385663.htm,job initiative experience years develop management self degree industry growth team process concepts degree degree contribute platform degree growth multitask team management dynamic salary concepts contribute analyze initiative benefits develop expert growth technologies salary interface start passion technologies initiative
http,{R9F6-B0RU96BF-2812HXAE},07/27/2010 14:09:10,MOS0047,PC-5820,http://aol.com/jobs/WboUhagvat1963819229.jsp,people passion resume years start platform resume interface equivalent degree start equivalent part-time team dynamic opening sales interface strong people multitask contribute platform analyze benefits benefits concepts concepts strong part-time platform growth concepts required sales management multitask permanent process benefits required required multitask multitask multiple team sales multiple equivalent hours people team multitask experience permanent
http,{V1M5-N0UU89WM-5056EMHI},07/27/2010 15:04:01,MOS0047,PC-5820,http://lockheedmartin.com/WboUhagvat1636367808.htm,team degree start strong required permanent skills technologies sales contribute self visual on-time team resume passion skills responsibilities develop responsibilities customer degree strong part-time contribute strong strong degree strong interface passion benefits years management years experience degree required experience start multiple sales multitask multiple required team process job degree skills technologies management on-time multitask dynamic experience experience platform degree strong platform customer process customer contribute
http,{D2L0-T3NU23QV-9960JZPO},07/27/2010 15:05:59,MOS0047,PC-5820,http://harris.com/WboUhagvat1919385663.htm,benefits degree degree skills salary experience experience growth team industry degree compensation responsibilities dynamic permanent initiative people report strong report job customer equivalent contribute resume visual self guidance strong customer technologies industry customer engineer experience resume develop customer concepts permanent start customer initiative passion multiple years management team compensation degree years required develop responsibilities hours guidance
http,{S1R2-V3TS63HR-1702JXKH},07/28/2010 13:26:38,MOS0047,PC-5820,http://job-hunt.org/WboUhagvat919122234.html,develop multiple management growth team interface job part-time industry responsibilities equivalent equivalent skills on-time salary resume people contribute skills concepts start guidance multitask visual experience skills part-time analyze concepts start degree team team start starter salary on-time technologies dynamic job passion report degree job customer years call industry starter
http,{H4X9-Y7NK83OA-6601PVIE},07/28/2010 13:37:11,MOS0047,PC-5820,http://job-hunt.org/WboUhagvat919122234.html,contribute customer dynamic interface concepts resume growth team report job part-time salary job passion years salary on-time multitask initiative report benefits analyze job starter strong initiative passion analyze expert develop develop passion analyze degree equivalent degree job management experience multitask platform platform people experience growth passion
http,{S2O8-U5YD24FV-3535RMUB},07/28/2010 14:31:32,MOS0047,PC-5820,http://hp.com/WboUhagvat1944152218.jsp,initiative concepts start permanent management technologies contribute self guidance contribute people skills permanent multiple strong strong job growth equivalent multiple contribute develop salary management start develop start degree resume process skills initiative skills equivalent responsibilities initiative multiple process industry start degree equivalent team initiative experience skills self develop customer contribute responsibilities team multitask industry required industry start multitask technologies
http,{X1P7-X9ST73GY-4647VNHF},07/28/2010 14:34:23,MOS0047,PC-5820,http://job-hunt.org/WboUhagvat919122234.html,permanent dynamic experience concepts passion team start relocation multitask develop skills contribute start starter develop degree customer technologies interface permanent growth passion opening relocation visual on-line skills required relocation initiative degree initiative equivalent platform expert multiple equivalent process required
http,{C4Q4-V0OR17VF-3924RPTO},07/28/2010 14:51:00,MOS0047,PC-5820,http://northropgrumman.com/WboUhagvat572113271.aspx,concepts years report people responsibilities experience concepts process degree sales growth strong years multitask people people salary years required responsibilities starter self contribute compensation process growth compensation report on-line self contribute contribute team experience customer technologies experience multitask job degree platform responsibilities compensation part-time required initiative industry interface salary opening multiple multitask job opening interface growth analyze
http,{I3B9-L2FR11HU-2945VPFK},07/28/2010 14:52:55,MOS0047,PC-5820,http://linkedin.com/WboUhagvat1479839504.aspx,skills experience experience develop required benefits engineer years industry concepts benefits hours customer equivalent sales responsibilities technologies resume multiple passion years strong strong degree on-line hours passion degree initiative team analyze sales platform opening concepts industry equivalent years starter job relocation process multitask concepts platform industry team concepts on-time required develop
http,{A1V8-F8DC89VB-4504CIXE},07/28/2010 14:56:31,MOS0047,PC-5820,http://lockheedmartin.com/WboUhagvat1636367808.htm,hours experience visual degree multitask platform resume degree team job resume degree report skills degree platform contribute sales passion multitask develop degree part-time degree equivalent years passion sales team self growth skills people people guidance experience skills skills opening develop responsibilities platform contribute starter contribute skills
http,{L1Y5-K8JF30DN-7121LAPQ},07/29/2010 13:18:34,MOS0047,PC-5820,http://yahoo.com/hotjobs/WboUhagvat752138490.php,industry industry strong equivalent strong degree resume dynamic initiative resume required required equivalent people equivalent on-time self on-time platform engineer customer job years multiple responsibilities years permanent on-time customer multitask years growth growth concepts expert technologies start part-time platform degree
http,{U2O3-P3AO00FC-1625UYDQ},07/30/2010 07:47:51,MOS0047,PC-5820,http://lockheedmartin.com/WboUhagvat1636367808.htm,technologies on-time equivalent job resume people guidance salary benefits contribute salary skills sales visual degree concepts platform report guidance on-line multitask opening people sales passion experience required required customer multitask people interface guidance team experience on-time benefits multitask technologies benefits skills required develop
http,{N1V5-U4YZ81KB-3773PYTK},07/30/2010 09:39:31,MOS0047,PC-5820,http://northropgrumman.com/WboUhagvat572113271.aspx,experience team multitask self resume strong report years compensation responsibilities sales report multiple strong analyze degree passion multitask responsibilities industry report permanent develop benefits sales industry contribute permanent platform sales required salary skills multitask interface customer start develop degree start opening part-time required experience years strong process hours multiple benefits job hours starter customer compensation
http,{R0Q8-E5JX21YU-0817CZUF},08/02/2010 08:05:58,MOS0047,PC-5820,http://harris.com/WboUhagvat1919385663.htm,growth resume concepts equivalent initiative years equivalent multiple develop salary permanent technologies years dynamic initiative years job multiple sales multitask dynamic concepts initiative equivalent guidance sales permanent hours multitask people hours responsibilities team salary required customer guidance resume interface skills
http,{W5B3-F2JN73FL-0930AXZW},08/02/2010 12:05:26,MOS0047,PC-5820,http://monster.com/WboUhagvat1180707852.html,contribute responsibilities dynamic required required degree required compensation opening concepts required technologies platform initiative resume contribute on-time multitask starter multitask resume experience years contribute sales platform starter team develop years industry process expert start opening technologies hours on-line required
http,{L3Y3-I6NZ00YI-6816XLVR},08/02/2010 13:24:38,MOS0047,PC-5820,http://jobhuntersbible.com/WboUhagvat1258877042.aspx,sales analyze multiple skills process growth dynamic experience required years on-time permanent opening job equivalent compensation starter people engineer management process years compensation guidance develop benefits multitask resume skills years permanent customer people job opening start recruiter experience degree people skills contribute starter experience industry job self
http,{A5R0-T9CC78QL-7348IMER},08/02/2010 13:46:21,MOS0047,PC-5820,http://job-hunt.org/WboUhagvat919122234.html,required required part-time equivalent degree required develop engineer engineer team degree experience develop passion customer experience interface develop job analyze platform on-time dynamic industry start customer resume responsibilities customer compensation develop interface team
http,{J2K9-K7LC67DB-6745UFQD},08/02/2010 13:52:48,MOS0047,PC-5820,http://lockheedmartin.com/WboUhagvat1636367808.htm,platform management starter required strong analyze multitask growth process skills multiple equivalent required dynamic team process sales part-time passion years equivalent responsibilities hours multitask skills technologies contribute technologies analyze technologies start
http,{B2J0-A9UY85XO-6285ATFJ},08/03/2010 07:40:21,MOS0047,PC-5820,http://lockheedmartin.com/WboUhagvat1636367808.htm,opening skills growth responsibilities years permanent experience expert opening process experience team technologies responsibilities required technologies resume degree degree analyze resume starter starter report part-time platform develop opening initiative multitask hours required sales
http,{H2Q4-H5VF62JE-5604JSRZ},08/03/2010 07:45:51,MOS0047,PC-5820,http://job-hunt.org/WboUhagvat919122234.html,report management call expert report experience experience interface develop experience experience self responsibilities equivalent job start benefits experience part-time platform analyze management report report technologies sales degree start report platform industry recruiter responsibilities skills management sales industry customer benefits call sales permanent develop concepts management
http,{K0V5-S6BV95IJ-3960UPUZ},08/03/2010 07:58:53,MOS0047,PC-5820,http://linkedin.com/WboUhagvat1479839504.aspx,start skills experience platform management process analyze interface equivalent sales multitask platform self sales growth growth expert skills required strong hours part-time relocation job resume multiple part-time initiative permanent years years customer strong customer strong team required multiple contribute technologies sales management customer required multitask multiple strong platform
http,{P2V7-T9LJ12NY-8429TWFG},08/03/2010 08:11:52,MOS0047,PC-5820,http://craigslist.org/WboUhagvat1105403916.aspx,equivalent analyze skills start dynamic customer experience job customer skills platform process initiative equivalent interface on-time experience multiple growth technologies guidance growth develop management years degree strong multiple visual team
http,{U0G1-P1BS12CC-9632ANCQ},08/03/2010 08:19:23,MOS0047,PC-5820,http://job-hunt.org/WboUhagvat919122234.html,interface self skills dynamic job multiple equivalent contribute engineer report job on-line required guidance growth industry technologies concepts on-time technologies permanent equivalent guidance industry customer multiple years develop team start industry resume experience people customer starter report resume start required benefits job salary responsibilities customer job people initiative customer strong interface interface sales years skills equivalent on-time
http,{U3V9-F9FL08LK-5504MSUJ},08/03/2010 08:38:03,MOS0047,PC-5820,http://harris.com/WboUhagvat1919385663.htm,dynamic compensation resume analyze team initiative responsibilities permanent develop multiple develop team passion dynamic customer sales call degree opening sales initiative team passion degree skills benefits equivalent technologies strong benefits resume industry develop start customer degree customer benefits part-time starter engineer contribute responsibilities concepts interface industry resume develop experience equivalent permanent resume job initiative permanent guidance platform develop start skills industry visual platform concepts customer degree
http,{B1G6-O6CV83HF-5128LQNN},08/03/2010 08:56:16,MOS0047,PC-5820,http://monster.com/WboUhagvat1180707852.html,develop salary job years people contribute starter initiative concepts benefits equivalent contribute multitask engineer concepts passion required report skills growth start visual responsibilities strong experience contribute strong team start required team guidance resume opening technologies benefits resume opening benefits platform multitask analyze skills customer benefits management multiple
http,{L2B2-E5XH64LV-6309VUIN},08/03/2010 13:04:34,MOS0047,PC-5820,http://yahoo.com/hotjobs/WboUhagvat752138490.php,multiple people self benefits skills benefits job years guidance platform dynamic management opening concepts compensation salary analyze opening job contribute degree team contribute required technologies engineer sales required report dynamic develop people multiple required develop people guidance initiative contribute expert relocation permanent expert dynamic passion required equivalent multitask interface required salary job customer team
http,{O1D4-X3TW70VF-6927EZHA},08/03/2010 13:36:29,MOS0047,PC-5820,http://northropgrumman.com/WboUhagvat572113271.aspx,required report expert years sales management industry process team resume permanent concepts experience platform starter management self platform dynamic experience customer relocation customer resume dynamic skills management develop interface degree people self industry
http,{O7K7-L2IJ38UG-2337VDGX},08/03/2010 14:26:47,MOS0047,PC-5820,http://lockheedmartin.com/WboUhagvat1636367808.htm,industry call develop process team on-time multiple hours self growth customer multiple dynamic required guidance interface guidance management industry guidance analyze skills visual technologies skills process on-line multitask growth growth growth responsibilities guidance multitask initiative job expert team skills hours strong contribute experience salary strong contribute report permanent permanent report self technologies technologies on-line report required growth
http,{S1C7-G4JL27WS-8818YZLM},08/04/2010 08:46:22,MOS0047,PC-5820,http://monster.com/WboUhagvat1180707852.html,multitask growth analyze passion experience years industry multitask multiple develop resume industry self team benefits industry responsibilities multiple technologies platform guidance responsibilities engineer people develop multiple growth platform customer responsibilities sales experience self strong expert required years resume technologies benefits on-time passion process degree required resume permanent on-time expert growth experience equivalent years degree self sales equivalent dynamic job concepts resume dynamic on-line analyze dynamic report
http,{G3N8-J0XE86YF-1399QNAX},08/04/2010 09:42:44,MOS0047,PC-5820,http://indeed.com/WboUhagvat1680703797.html,passion develop management job team job initiative benefits growth responsibilities technologies multiple equivalent concepts resume on-time multiple job equivalent initiative resume required management responsibilities multitask interface visual team experience contribute develop customer strong required responsibilities opening degree salary team experience team people multiple sales passion growth resume team skills sales industry expert customer job opening guidance
http,{A1P6-I9DK07FI-3435RLQX},08/04/2010 10:14:40,MOS0047,PC-5820,http://harris.com/WboUhagvat1919385663.htm,people job strong self on-line responsibilities years required interface analyze interface years multiple degree multitask concepts resume develop growth technologies technologies job develop strong starter technologies process people degree self job multitask interface job expert required multiple concepts team
http,{T3S6-Y5TJ04KF-1868XVCT},08/04/2010 11:54:54,MOS0047,PC-5820,http://linkedin.com/WboUhagvat1479839504.aspx,multiple start multiple hours analyze industry interface skills strong platform multitask customer multitask years job concepts process growth resume required responsibilities team responsibilities salary interface report hours engineer customer experience people people equivalent guidance on-time part-time job responsibilities customer team team sales benefits years platform hours permanent degree permanent industry hours management responsibilities required responsibilities responsibilities on-time salary growth report benefits
http,{D4W6-Y2VP71IX-9976BLEW},08/04/2010 12:28:29,MOS0047,PC-5820,http://linkedin.com/WboUhagvat1479839504.aspx,required skills sales part-time experience required responsibilities team management team industry self recruiter skills concepts contribute compensation report permanent self required team sales management resume experience on-time customer contribute skills platform opening interface platform recruiter strong salary interface years required multitask
http,{X2O9-X7VC52FH-8999BZKC},08/04/2010 12:29:45,MOS0047,PC-5820,http://northropgrumman.com/WboUhagvat572113271.aspx,responsibilities responsibilities platform interface responsibilities customer analyze passion technologies benefits degree compensation management resume people hours degree self interface multiple team customer job job equivalent skills permanent initiative responsibilities people start relocation years responsibilities technologies interface skills multiple dynamic growth concepts multitask initiative resume growth on-time benefits degree
http,{K6F9-I0NU14IX-4700ZQKB},08/04/2010 12:36:27,MOS0047,PC-5820,http://yahoo.com/hotjobs/WboUhagvat752138490.php,contribute permanent initiative concepts people multiple degree self strong passion contribute dynamic contribute responsibilities people people management skills sales start sales compensation dynamic contribute multiple equivalent required dynamic starter experience responsibilities initiative degree report customer years job process multiple dynamic multiple develop technologies guidance responsibilities contribute team concepts multitask sales
http,{Q5O7-L4UU44KL-3492BTZH},08/04/2010 13:33:16,MOS0047,PC-5820,http://boeing.com/WboUhagvat1904327536.htm,growth resume concepts initiative team guidance degree team dynamic start permanent degree passion strong skills resume passion multiple guidance self guidance develop hours resume team permanent on-time required multiple people start engineer multiple experience compensation experience industry technologies equivalent responsibilities multitask compensation dynamic contribute required resume sales dynamic experience responsibilities equivalent self
http,{U7X2-W7HX61BG-3277YXGS},08/05/2010 13:49:04,MOS0047,PC-5820,http://lockheedmartin.com/WboUhagvat1636367808.htm,passion guidance opening multitask resume concepts technologies process interface customer hours required starter management guidance guidance years interface opening multiple management platform report report years opening interface platform customer start hours starter required experience skills develop
http,{I7E3-V6IA02ZA-6810AUTU},08/05/2010 14:25:07,MOS0047,PC-5820,http://linkedin.com/WboUhagvat1479839504.aspx,customer benefits develop management starter salary responsibilities required develop required responsibilities customer opening passion responsibilities expert start equivalent team initiative resume dynamic degree on-time people report degree people skills years on-time concepts engineer people resume experience part-time resume contribute permanent years interface guidance opening concepts report team develop report benefits concepts industry years permanent experience hours guidance analyze growth salary years
http,{Z5V1-W5GL33HL-2250KIGW},08/06/2010 08:09:42,MOS0047,PC-5820,http://aol.com/jobs/WboUhagvat1963819229.jsp,multiple equivalent degree contribute job interface equivalent dynamic experience hours strong degree multitask part-time job skills opening technologies resume responsibilities required opening job skills dynamic platform experience equivalent people multitask relocation management multiple compensation passion job guidance benefits industry salary permanent on-line start multitask experience contribute customer team equivalent skills
http,{V1G3-J7SS19CR-5152LMIQ},08/06/2010 14:07:01,MOS0047,PC-5820,http://raytheon.com/WboUhagvat343187784.jsp,degree contribute skills people years platform multiple industry degree years multitask customer resume opening develop experience team sales experience platform salary skills part-time platform start permanent permanent technologies contribute skills hours strong industry degree contribute analyze resume skills part-time team customer permanent report visual team contribute people start start people industry technologies responsibilities develop report resume technologies
http,{Q2K8-V2HH93AR-8456NICI},08/09/2010 08:27:58,MOS0047,PC-5820,http://raytheon.com/WboUhagvat343187784.jsp,management job industry opening responsibilities start years skills responsibilities on-time benefits platform expert concepts responsibilities develop sales resume dynamic engineer platform management customer contribute resume growth analyze team team concepts industry hours resume concepts platform opening passion team benefits required growth report sales years contribute customer benefits industry initiative multitask industry sales salary develop sales opening multitask degree growth on-time degree growth
http,{C1L9-H6HX79BU-3599AVKQ},08/09/2010 09:30:49,MOS0047,PC-5820,http://simplyhired.com/WboUhagvat57469130.jsp,concepts initiative required compensation degree develop team interface develop report strong hours interface customer report degree contribute develop concepts opening skills process permanent skills degree compensation initiative start passion customer experience required dynamic responsibilities industry guidance job opening initiative years
http,{Z5B0-J5WX55HZ-8925QLLW},08/09/2010 10:20:35,MOS0047,PC-5820,http://careerbuilder.com/WboUhagvat660170997.htm,industry strong resume industry experience team required start expert opening responsibilities contribute on-time years resume customer experience degree passion contribute multiple people dynamic skills multiple responsibilities growth contribute experience resume resume multitask skills develop experience platform permanent management years skills resume platform growth management initiative experience growth responsibilities interface resume sales
http,{V1P9-Z0IT06II-1670FWDS},08/09/2010 12:09:00,MOS0047,PC-5820,http://jobhuntersbible.com/WboUhagvat1258877042.aspx,years initiative sales degree industry management management degree experience growth multiple hours platform experience platform self benefits on-time develop on-time customer concepts required resume engineer compensation equivalent benefits multitask equivalent develop experience analyze multitask equivalent experience interface expert customer contribute equivalent visual management experience job starter starter skills platform multiple benefits industry compensation
http,{N6Y2-C8KT10HC-1443DVWO},08/09/2010 13:52:53,MOS0047,PC-5820,http://jobhuntersbible.com/WboUhagvat1258877042.aspx,visual required growth required passion customer years interface growth customer skills multiple strong multiple industry platform sales part-time required contribute salary equivalent start concepts benefits platform degree dynamic required growth equivalent contribute job permanent years expert responsibilities skills team opening equivalent passion part-time years experience sales visual years platform sales people responsibilities resume customer resume skills start sales report compensation on-line job compensation passion technologies multitask team
http,{O5U1-L7OX22FK-7842BNDW},08/09/2010 15:29:08,MOS0047,PC-5820,http://hp.com/WboUhagvat1944152218.jsp,initiative team skills benefits responsibilities team management people sales growth benefits degree strong responsibilities process skills dynamic report benefits hours job interface equivalent required experience management resume process management management start dynamic dynamic benefits multitask strong platform resume responsibilities team sales report analyze team management multitask interface compensation
http,{P9B8-L4XC57PV-8271ZTPK},08/10/2010 13:45:52,MOS0047,PC-5820,http://hp.com/WboUhagvat1944152218.jsp,permanent initiative job benefits relocation multitask multitask industry contribute skills engineer develop develop skills passion passion experience salary management concepts multitask benefits permanent initiative required resume benefits part-time technologies customer strong recruiter resume degree call
http,{S4M7-N7VK60PZ-3058KRWB},08/10/2010 13:56:58,MOS0047,PC-5820,http://monster.com/WboUhagvat1180707852.html,growth opening technologies multiple required passion analyze develop develop customer self compensation responsibilities team required responsibilities dynamic job skills people expert equivalent interface platform growth opening years growth self multiple recruiter job resume resume growth growth passion responsibilities dynamic benefits contribute hours opening guidance starter report call contribute industry resume customer years years passion
http,{W0N9-B1PJ23KO-5402UICY},08/10/2010 14:02:30,MOS0047,PC-5820,http://simplyhired.com/WboUhagvat57469130.jsp,resume skills responsibilities skills platform hours management interface initiative team experience customer job people job skills team experience dynamic team self degree compensation strong resume benefits benefits years self management equivalent resume interface years resume opening multitask interface strong multitask develop skills permanent skills on-time self team experience required job job develop platform develop start
http,{L3D3-G9IZ53SP-8055DJIL},08/10/2010 14:14:13,MOS0047,PC-5820,http://northropgrumman.com/WboUhagvat572113271.aspx,starter report contribute passion develop years guidance call years multitask responsibilities sales start years growth growth customer passion permanent strong guidance job on-time equivalent expert platform analyze equivalent multiple job on-line develop skills initiative contribute customer years interface strong initiative management people
http,{O7J3-G3WG69CL-1261AHFB},08/10/2010 14:17:55,MOS0047,PC-5820,http://lockheedmartin.com/WboUhagvat1636367808.htm,team resume interface team required contribute starter analyze report resume expert develop multiple interface self people contribute multitask report customer sales job people platform growth multitask job passion start equivalent multiple team sales team customer strong degree relocation expert contribute experience growth responsibilities growth job required opening recruiter experience permanent process industry degree strong
http,{T1F9-L3ZN28UB-3590BIJK},08/10/2010 14:34:43,MOS0047,PC-5820,http://hp.com/WboUhagvat1944152218.jsp,permanent resume years on-line degree responsibilities responsibilities multitask self permanent develop passion responsibilities sales relocation develop responsibilities multiple analyze industry platform people equivalent dynamic develop dynamic experience initiative multiple required initiative benefits multiple growth starter compensation resume resume team passion
http,{Z2H0-X1HR64AR-1798WTHE},08/10/2010 15:06:42,MOS0047,PC-5820,http://craigslist.org/WboUhagvat1105403916.aspx,on-time sales customer management benefits platform benefits call growth start customer industry strong people dynamic permanent resume expert opening benefits multiple multiple multitask relocation responsibilities interface initiative experience develop team required years required resume report self years dynamic skills management team compensation job skills develop visual on-time people years experience hours experience contribute multiple permanent multitask starter
http,{C9R0-N0HM87WP-0615SGMK},08/11/2010 07:42:17,MOS0047,PC-5820,http://harris.com/WboUhagvat1919385663.htm,resume platform engineer experience team equivalent customer start engineer sales customer equivalent responsibilities permanent guidance team management required responsibilities analyze skills opening permanent start passion years growth guidance concepts responsibilities self degree dynamic management degree initiative multiple guidance contribute team platform customer team recruiter resume on-line multiple on-line platform concepts opening benefits starter analyze
http,{H6M6-C0TE23SV-8403IZJY},08/11/2010 07:54:29,MOS0047,PC-5820,http://raytheon.com/WboUhagvat343187784.jsp,contribute equivalent people platform guidance responsibilities self contribute experience multitask relocation years on-time contribute start develop required relocation industry sales report experience contribute people passion process analyze report engineer develop develop analyze team benefits team concepts passion growth experience experience process concepts resume growth report multitask develop hours degree develop team years equivalent experience guidance team
http,{G5P4-S7JQ90JM-4769RZVA},08/11/2010 08:00:48,MOS0047,PC-5820,http://simplyhired.com/WboUhagvat57469130.jsp,salary engineer visual resume industry recruiter years team concepts sales multiple benefits analyze interface develop on-time job management develop platform passion benefits customer initiative team initiative salary required resume job start skills responsibilities team multitask analyze experience start contribute years develop technologies platform process
http,{M5M2-N8IY93MV-1089LFDX},08/11/2010 09:08:31,MOS0047,PC-5820,http://simplyhired.com/WboUhagvat57469130.jsp,concepts self technologies resume resume dynamic benefits benefits contribute people customer permanent dynamic starter opening develop customer growth multiple responsibilities opening degree part-time responsibilities concepts responsibilities sales part-time multiple management technologies multiple develop passion people experience degree management initiative required experience expert self multiple experience job initiative on-line experience required guidance resume on-line years people dynamic team
http,{I1L5-T9OM32QX-1731MOIZ},08/11/2010 09:49:48,MOS0047,PC-5820,http://simplyhired.com/WboUhagvat57469130.jsp,platform customer skills industry multiple interface concepts concepts interface years skills benefits on-time degree customer guidance technologies multitask on-time responsibilities required strong engineer initiative start interface self customer resume responsibilities resume concepts initiative concepts sales multiple sales salary skills contribute multiple passion team sales management
http,{T3D8-T4XX97UH-5559JXSC},08/11/2010 10:24:41,MOS0047,PC-5820,http://craigslist.org/WboUhagvat1105403916.aspx,years on-time people people required expert opening on-time concepts initiative strong opening years guidance guidance benefits experience management hours resume sales expert years resume process responsibilities interface skills part-time management industry multitask required concepts contribute equivalent responsibilities benefits required strong degree expert sales benefits contribute
http,{X5A2-X5NH66UF-4794IDAB},08/11/2010 10:32:21,MOS0047,PC-5820,http://indeed.com/WboUhagvat1680703797.html,develop develop experience experience expert engineer years on-line multitask years report on-time experience resume people dynamic passion compensation technologies team industry salary people start self years expert skills guidance required responsibilities resume management call interface on-line years benefits concepts technologies equivalent passion years degree required multitask analyze platform concepts multitask interface expert permanent
http,{V0Z7-A2HU98HY-1356CBIQ},08/11/2010 10:43:27,MOS0047,PC-5820,http://simplyhired.com/WboUhagvat57469130.jsp,people sales benefits on-time required interface team industry customer equivalent guidance multiple growth skills job contribute multiple technologies job opening develop relocation team sales experience people opening multiple dynamic concepts responsibilities multitask opening sales salary job platform report report initiative management industry strong team growth expert platform initiative experience team job benefits degree hours opening industry opening interface
http,{M3Q9-L8SU65MI-8494ZJRB},08/11/2010 15:22:01,MOS0047,PC-5820,http://northropgrumman.com/WboUhagvat572113271.aspx,start contribute on-time visual opening recruiter experience salary skills resume job job contribute interface responsibilities dynamic develop multitask visual salary develop skills equivalent contribute industry resume industry technologies platform experience experience technologies develop experience years benefits experience multiple management customer
http,{E6U2-E0NG40LA-3578SPWU},08/12/2010 07:56:59,MOS0047,PC-5820,http://job-hunt.org/WboUhagvat919122234.html,experience start starter sales resume team on-time resume growth degree benefits management resume multitask permanent strong people interface platform skills on-time multiple years strong resume skills team growth required sales sales hours passion analyze multitask salary expert passion responsibilities growth team opening start dynamic required passion multitask
http,{F4X3-I4GC47UQ-7506VTXJ},08/12/2010 08:32:57,MOS0047,PC-5820,http://harris.com/WboUhagvat1919385663.htm,strong visual management years customer platform skills relocation degree visual degree report degree responsibilities compensation skills on-time guidance resume report people job resume permanent people degree growth on-time resume years growth interface multitask job experience team responsibilities platform analyze customer report years sales industry opening technologies years strong opening required self develop benefits skills guidance customer process sales on-time platform concepts dynamic opening salary benefits
http,{D6S2-T2DM67KM-9846HKGE},08/12/2010 09:18:50,MOS0047,PC-5820,http://simplyhired.com/WboUhagvat57469130.jsp,job report people technologies develop equivalent contribute guidance management required process passion permanent call responsibilities growth opening dynamic equivalent concepts platform analyze responsibilities experience start on-line team equivalent responsibilities multiple years multiple multiple initiative self people degree contribute experience
http,{U8R8-F7TY37XJ-0266BHNU},08/12/2010 09:43:17,MOS0047,PC-5820,http://craigslist.org/WboUhagvat1105403916.aspx,on-time concepts contribute report platform degree platform passion starter required concepts opening management degree degree multiple industry responsibilities expert industry job multitask report degree years degree permanent process start passion growth dynamic customer compensation contribute experience growth required contribute people customer required platform industry on-line part-time start job multitask multiple team technologies
http,{D0P7-J2FK40ZR-0572NHFF},08/12/2010 09:50:09,MOS0047,PC-5820,http://yahoo.com/hotjobs/WboUhagvat752138490.php,initiative dynamic dynamic compensation customer strong resume growth required passion skills platform strong people platform engineer management degree opening opening platform years required responsibilities required skills hours concepts multitask benefits experience on-time
http,{K4F6-M2TW14GS-7073XKTG},08/12/2010 10:01:09,MOS0047,PC-5820,http://craigslist.org/WboUhagvat1105403916.aspx,multitask strong experience on-time years expert multitask required hours process expert strong report interface technologies growth sales benefits multitask responsibilities contribute contribute compensation required technologies equivalent recruiter responsibilities sales initiative years passion process contribute passion sales start job resume permanent develop growth skills passion management
http,{F2O9-Z8NB53DN-7840ZGTT},08/12/2010 10:25:10,MOS0047,PC-5820,http://harris.com/WboUhagvat1919385663.htm,resume multiple multitask permanent on-time people engineer passion people customer sales sales experience dynamic equivalent salary multitask guidance resume opening interface years permanent guidance on-time strong call benefits skills multiple job dynamic initiative develop customer self management resume contribute concepts opening management multitask skills degree resume compensation passion initiative strong on-time technologies equivalent experience benefits interface
http,{M4Z3-Q9MU95GP-7620STDC},08/12/2010 12:36:40,MOS0047,PC-5820,http://linkedin.com/WboUhagvat1479839504.aspx,degree people customer platform experience resume opening report multitask equivalent start management start self skills passion degree report engineer platform responsibilities team passion relocation responsibilities starter technologies required start technologies report opening concepts benefits passion platform develop years customer people experience growth years required industry report team skills responsibilities passion people growth recruiter strong benefits compensation resume
http,{P2Q0-J1KX35BF-4231AOMB},08/12/2010 15:22:06,MOS0047,PC-5820,http://hp.com/WboUhagvat1944152218.jsp,customer equivalent equivalent skills multiple industry growth skills benefits team analyze concepts platform customer responsibilities interface required years job skills interface skills years growth skills years resume sales start develop salary customer multiple responsibilities concepts years multitask on-time initiative permanent
http,{Q0D2-O7YP44KL-5661EUZU},08/13/2010 08:52:10,MOS0047,PC-5820,http://harris.com/WboUhagvat1919385663.htm,multiple concepts skills years required salary customer dynamic equivalent people resume platform permanent job equivalent multitask growth required required sales contribute management customer years contribute develop contribute hours equivalent responsibilities job process report years opening on-time multitask hours industry sales people on-time sales sales growth growth multiple required growth opening customer industry platform team customer years part-time sales sales experience develop experience skills on-time
http,{V7I8-M6GN89VC-4932ASYA},08/13/2010 09:14:14,MOS0047,PC-5820,http://aol.com/jobs/WboUhagvat1963819229.jsp,report years required self expert required on-time self develop responsibilities contribute team guidance develop growth opening multitask equivalent passion equivalent job permanent salary passion passion required opening sales compensation initiative required initiative strong technologies industry strong interface starter management on-time salary guidance team visual process concepts equivalent skills management experience relocation passion degree industry growth analyze permanent
http,{H8O4-S0AX83ZB-1611NQJV},08/13/2010 12:07:27,MOS0047,PC-5820,http://indeed.com/WboUhagvat1680703797.html,process contribute multitask growth multiple skills concepts sales opening compensation salary management contribute develop industry on-time platform concepts initiative process develop degree passion required contribute self customer team industry concepts industry equivalent years equivalent initiative people process industry team process experience develop develop experience years interface required initiative
http,{M1D3-J3SO01AI-9905FFTQ},08/13/2010 12:31:05,MOS0047,PC-5820,http://boeing.com/WboUhagvat1904327536.htm,permanent team process hours starter equivalent opening permanent industry management salary years required benefits resume resume analyze team contribute permanent develop starter team opening passion years contribute self equivalent experience skills contribute degree responsibilities industry resume dynamic report management equivalent platform interface opening required develop report opening expert industry dynamic analyze multiple equivalent job passion contribute required
http,{L3U6-O1OZ84EZ-8560WPQD},08/13/2010 13:52:11,MOS0047,PC-5820,http://raytheon.com/WboUhagvat343187784.jsp,engineer passion skills engineer people process analyze equivalent equivalent concepts industry guidance dynamic resume start opening management job opening salary growth skills hours skills customer strong platform equivalent part-time visual skills responsibilities permanent equivalent customer process degree skills required
