type,id,date,user,pc,to,cc,bcc,from,size,attachments,content
email,{T4L9-R1UZ25QO-8799EUUK},08/11/2010 11:27:16,EGD0132,PC-4211,Lee_R_Tyler@lockheedmartin.com,,,Eric.Gray.Duncan@dtaa.com,20913,0,equivalent required process strong benefits resume on-line equivalent platform team multitask analyze sales start develop experience passion multitask permanent guidance management on-time guidance resume growth on-time years dynamic concepts start industry permanent degree
email,{H0K4-C4VF81XF-7185ZUXD},08/11/2010 11:42:48,EGD0132,PC-4211,Lee_R_Tyler@lockheedmartin.com,,,Eric.Gray.Duncan@dtaa.com,39892,0,resume customer concepts expert growth interface initiative dynamic industry process degree required management multitask guidance required opening salary platform people years passion strong years start years resume analyze multiple passion engineer dynamic strong skills team years dynamic years start responsibilities management platform analyze years skills multiple team people job management benefits
email,{P6P7-D9YK45YO-3475FFIC},08/11/2010 14:47:59,EGD0132,PC-4211,Lee_R_Tyler@lockheedmartin.com,,,Eric.Gray.Duncan@dtaa.com,13702,0,years interface on-time responsibilities resume hours strong on-time on-line analyze compensation permanent part-time strong passion team equivalent equivalent guidance initiative management years develop resume job required platform responsibilities technologies on-line strong skills multitask experience platform initiative develop management expert years management develop initiative passion job initiative benefits on-time contribute team equivalent start strong resume equivalent resume guidance resume multitask multitask sales industry degree contribute develop equivalent people report opening
email,{H5V1-Q0HS97FT-9512ATYS},08/12/2010 09:21:41,EGD0132,PC-4211,Lee_R_Tyler@lockheedmartin.com,,,Eric.Gray.Duncan@dtaa.com,27425,0,recruiter concepts multitask experience benefits multitask years skills resume sales benefits required industry contribute passion benefits contribute strong self growth job responsibilities initiative visual team growth platform required industry responsibilities dynamic skills opening years degree platform skills resume years salary sales develop industry growth
email,{S8J6-Q8PQ47YC-2040EPFO},08/16/2010 11:06:31,EGD0132,PC-4211,Lee_R_Tyler@lockheedmartin.com,,,Eric.Gray.Duncan@dtaa.com,21513,0,degree responsibilities resume required passion sales start responsibilities experience multiple multiple technologies skills required benefits experience equivalent required people years on-time benefits initiative experience expert management resume team skills dynamic technologies opening responsibilities interface people passion start passion management multitask required contribute responsibilities permanent
email,{C8G6-Y6NY55MN-8077XBZX},08/16/2010 13:13:27,EGD0132,PC-4211,Lee_R_Tyler@lockheedmartin.com,,,Eric.Gray.Duncan@dtaa.com,26881,0,experience degree required initiative guidance degree report management equivalent concepts skills experience years equivalent report management responsibilities job strong equivalent part-time platform starter management multiple benefits contribute required starter customer industry people initiative passion platform process self experience develop benefits report interface degree dynamic customer management concepts benefits analyze
email,{B3D7-Y6IF41HV-1659UZQU},08/20/2010 09:36:03,EGD0132,PC-4211,Lee_R_Tyler@lockheedmartin.com,,,Eric.Gray.Duncan@dtaa.com,18044,0,concepts experience dynamic opening required multitask skills degree opening resume platform job benefits experience multitask dynamic platform job part-time experience required responsibilities industry sales passion required dynamic growth degree compensation engineer degree technologies required report responsibilities guidance contribute salary report contribute industry resume equivalent skills on-time technologies
email,{U7H8-S5GC07MP-6115NTTG},08/20/2010 11:11:57,EGD0132,PC-4211,Lee_R_Tyler@lockheedmartin.com,,,Eric.Gray.Duncan@dtaa.com,33617,0,sales team initiative equivalent sales skills contribute salary start job benefits guidance equivalent analyze required passion management responsibilities dynamic interface industry team job opening people years required experience resume equivalent start process report technologies required multiple resume compensation on-time team resume process required multiple dynamic initiative passion experience strong growth start strong platform
email,{D3A6-Z7KN71UI-8737BVTQ},08/23/2010 14:20:09,EGD0132,PC-4211,Lee_R_Tyler@lockheedmartin.com,,,Eric.Gray.Duncan@dtaa.com,22140,0,on-time multiple recruiter equivalent dynamic management concepts resume benefits recruiter degree responsibilities skills experience customer people contribute develop people years guidance management customer start on-time engineer visual resume initiative starter engineer opening guidance resume multiple platform on-time multitask on-line interface responsibilities skills sales interface process growth engineer platform opening multiple self degree start required permanent
email,{D3D4-B4QD67II-2689JBBA},08/23/2010 16:03:25,EGD0132,PC-4211,Lee_R_Tyler@lockheedmartin.com,,,Eric.Gray.Duncan@dtaa.com,31884,0,dynamic report opening customer passion guidance sales skills management skills develop start concepts degree skills report initiative management contribute benefits responsibilities industry team sales guidance permanent relocation resume analyze contribute growth dynamic growth multitask degree starter multitask resume interface on-time industry years passion platform responsibilities process years responsibilities opening job equivalent growth platform analyze interface experience compensation start guidance starter expert responsibilities
email,{V4O4-V8DL29MP-9914LJVO},08/24/2010 14:16:43,EGD0132,PC-4211,Lee_R_Tyler@lockheedmartin.com,,,Eric.Gray.Duncan@dtaa.com,22646,0,responsibilities resume process dynamic customer industry process start team on-time develop initiative experience platform passion develop process contribute interface multitask opening sales degree experience multitask multiple multitask call strong multiple self concepts dynamic passion resume skills job job industry skills resume report concepts process management growth
email,{P2M1-U6TX80RJ-6331JMTO},08/24/2010 14:40:28,EGD0132,PC-4211,Lee_R_Tyler@lockheedmartin.com,,,Eric.Gray.Duncan@dtaa.com,20115,0,customer strong management multitask starter skills initiative platform starter responsibilities required experience contribute experience people skills platform skills permanent self multitask opening permanent opening years passion skills skills experience growth degree guidance multiple guidance years responsibilities skills team concepts technologies benefits people dynamic
email,{V9U9-S3MG03RB-6581LCAL},09/14/2010 11:40:06,EGD0132,PC-4211,Shannon.Chantale.Price@dtaa.com,,,Eric.Gray.Duncan@dtaa.com,24697,0,letter exit of interview 2 of tender tender exit resignation notice week resign interview letter resign key position of key 2 week resign exit key 2 resignation resignation 2 exit my of notice resignation resignation letter notice position position my week letter letter position of interview position interview exit thanks resign my resign tender interview notice resign
