type,id,date,user,pc,url,content
http,{U3F3-D9XM51XL-6234KNFZ},08/02/2010 10:01:20,EGD0132,PC-4211,http://job-hunt.org/WboUhagvat919122234.html,develop skills opening guidance people report years on-time resume develop responsibilities passion team hours technologies customer salary industry contribute technologies industry hours skills contribute platform equivalent degree management benefits customer years people customer process compensation job customer technologies contribute benefits passion degree on-time concepts degree interface on-time equivalent expert experience team sales start permanent skills platform compensation
http,{Z1V6-T8YS91QN-7704NBWF},08/02/2010 11:56:51,EGD0132,PC-4211,http://yahoo.com/hotjobs/WboUhagvat752138490.php,team degree team industry multitask years responsibilities sales guidance passion technologies people technologies on-time people on-line skills job opening management concepts platform report passion recruiter part-time technologies dynamic hours multitask compensation multiple benefits analyze contribute develop contribute interface opening initiative initiative salary contribute customer growth dynamic multitask
http,{M7R5-S4YG16DK-9182UCXY},08/02/2010 13:23:01,EGD0132,PC-4211,http://simplyhired.com/WboUhagvat57469130.jsp,interface responsibilities responsibilities permanent on-line degree contribute customer skills skills customer permanent job report resume customer compensation multiple initiative contribute process resume platform interface years on-time compensation develop responsibilities management multitask years passion develop experience process platform passion experience years passion on-time sales initiative salary technologies team years
http,{O6N3-Q3ZW09MY-4114AMQU},08/02/2010 15:50:09,EGD0132,PC-4211,http://lockheedmartin.com/WboUhagvat1636367808.htm,recruiter customer report strong degree management permanent contribute multiple growth growth process experience skills team resume guidance degree hours resume concepts required contribute multiple contribute management customer start job benefits interface concepts technologies process develop degree guidance management industry sales
http,{T0J9-F0YE26NX-9042TUZM},08/02/2010 17:27:20,EGD0132,PC-4211,http://job-hunt.org/WboUhagvat919122234.html,resume multitask multiple on-time management skills degree strong people guidance required interface contribute growth start contribute equivalent customer process develop degree report visual responsibilities degree multitask passion skills passion contribute initiative customer on-time skills technologies self required dynamic growth resume hours report job technologies industry opening degree start benefits process responsibilities job growth technologies strong resume
http,{Z1Z6-J9IM13TG-6886RDRV},08/02/2010 17:55:27,EGD0132,PC-4211,http://raytheon.com/WboUhagvat343187784.jsp,on-line benefits platform passion equivalent interface starter strong experience degree industry team skills report opening initiative sales guidance analyze contribute growth years passion concepts resume years starter multitask sales technologies passion opening multitask dynamic experience permanent expert resume required compensation on-time dynamic industry on-line contribute responsibilities passion start responsibilities management
http,{P3A3-G1XT33AX-0522UBPC},08/03/2010 11:00:25,EGD0132,PC-4211,http://craigslist.org/WboUhagvat1105403916.aspx,resume contribute customer multiple on-line degree multiple multitask team technologies multiple dynamic skills visual responsibilities multiple process guidance process required equivalent start hours hours equivalent on-time experience degree engineer platform people interface dynamic multitask benefits team initiative technologies process contribute years degree permanent skills years team growth
http,{A4K8-A3GK95HN-7011NZQD},08/03/2010 11:12:51,EGD0132,PC-4211,http://hp.com/WboUhagvat1944152218.jsp,job permanent years dynamic industry on-time benefits guidance management people experience growth resume dynamic experience platform multiple team part-time contribute degree report salary customer initiative guidance job resume growth skills visual industry call job opening growth people customer visual part-time on-time process skills experience responsibilities platform analyze benefits multiple visual interface technologies team on-line permanent platform industry resume degree growth call customer passion
http,{C8M6-F0AV68YG-7400RNYA},08/03/2010 11:16:56,EGD0132,PC-4211,http://boeing.com/WboUhagvat1904327536.htm,passion experience expert multiple on-time skills dynamic customer part-time job required dynamic on-time platform report on-time sales industry relocation team skills team resume report initiative start management experience job people start responsibilities passion initiative degree relocation responsibilities benefits multitask equivalent sales skills permanent report multiple guidance multitask management job passion concepts required hours opening degree job platform degree experience on-line self
http,{U6M1-X7VA21RQ-7797ZULN},08/03/2010 12:16:59,EGD0132,PC-4211,http://job-hunt.org/WboUhagvat919122234.html,skills multitask resume dynamic degree technologies responsibilities growth experience visual skills multitask concepts degree permanent responsibilities management years people job responsibilities dynamic guidance management interface develop hours concepts compensation self resume concepts years required guidance management hours strong equivalent multitask required degree multiple hours start platform initiative required permanent develop
http,{N6R6-K5TX75JV-3683KVCT},08/03/2010 13:35:02,EGD0132,PC-4211,http://monster.com/WboUhagvat1180707852.html,expert sales benefits on-line multiple multiple technologies permanent multitask skills initiative skills degree experience salary management concepts start skills growth on-time process required management multiple degree dynamic opening benefits passion self multitask growth equivalent team develop platform starter required strong platform interface call guidance strong process equivalent interface start develop
http,{J6Y6-U8FD04UR-1162BQGE},08/03/2010 15:09:52,EGD0132,PC-4211,http://yahoo.com/hotjobs/WboUhagvat752138490.php,benefits technologies salary contribute permanent opening equivalent on-time customer permanent years benefits benefits responsibilities develop opening strong experience opening contribute expert strong multitask required management sales passion initiative team multitask technologies hours resume passion customer self dynamic degree platform multitask years develop growth
http,{H6B0-C6XO50IZ-0831WHPK},08/03/2010 15:24:03,EGD0132,PC-4211,http://yahoo.com/hotjobs/WboUhagvat752138490.php,initiative engineer equivalent on-time team growth expert platform technologies salary customer passion relocation multitask team customer sales start resume visual self responsibilities guidance resume required visual experience develop experience growth required management responsibilities technologies job on-time growth responsibilities passion sales multiple passion passion sales multitask resume part-time equivalent technologies interface opening expert process management contribute experience multiple degree years multitask technologies
http,{Q3G4-F8IE01GR-7454OQIU},08/03/2010 15:50:29,EGD0132,PC-4211,http://raytheon.com/WboUhagvat343187784.jsp,analyze experience part-time technologies platform experience process opening resume experience industry responsibilities strong skills strong opening growth compensation team multitask required customer concepts sales industry years skills passion platform growth customer on-time
http,{Z9P5-M5JT02EZ-0068AKLO},08/03/2010 16:12:49,EGD0132,PC-4211,http://jobhuntersbible.com/WboUhagvat1258877042.aspx,equivalent people strong develop develop opening management analyze platform equivalent strong customer growth strong on-line years responsibilities job resume multitask technologies report people responsibilities on-line guidance start experience multiple initiative people job report technologies team industry start report interface technologies passion experience multiple experience report guidance platform self on-line interface salary engineer skills job initiative industry years responsibilities initiative platform skills
http,{C6T4-B7IB04HV-8485DEXA},08/03/2010 17:30:12,EGD0132,PC-4211,http://monster.com/WboUhagvat1180707852.html,contribute interface initiative part-time interface growth experience growth initiative experience benefits analyze benefits technologies degree degree strong part-time self passion dynamic strong responsibilities skills passion develop experience team required start experience
http,{H8B7-B5XW44LM-9495ADWM},08/04/2010 11:53:12,EGD0132,PC-4211,http://linkedin.com/WboUhagvat1479839504.aspx,hours responsibilities on-line responsibilities customer report dynamic responsibilities concepts management resume on-time contribute initiative benefits industry experience expert required experience process start job platform responsibilities required contribute report experience on-line concepts years initiative passion initiative sales benefits contribute multitask strong resume part-time
http,{C4M4-P1GY91WS-3582FGAU},08/04/2010 12:06:40,EGD0132,PC-4211,http://job-hunt.org/WboUhagvat919122234.html,team on-time dynamic sales sales required experience multitask resume benefits contribute team resume starter start years initiative contribute resume initiative analyze benefits industry develop passion experience contribute concepts industry resume permanent industry team multiple job permanent expert concepts equivalent interface skills required technologies industry process industry
http,{C7N9-W6OM38CM-9086IYXJ},08/04/2010 12:42:00,EGD0132,PC-4211,http://yahoo.com/hotjobs/WboUhagvat752138490.php,skills resume responsibilities sales team resume resume skills develop experience resume permanent customer experience years equivalent job multitask management platform experience resume required technologies multitask start multitask resume equivalent sales contribute responsibilities hours customer job customer concepts expert skills expert develop skills benefits salary on-line self people self team start passion hours concepts permanent equivalent guidance responsibilities develop customer degree sales contribute contribute experience permanent growth strong on-time experience start report responsibilities customer industry industry multitask
http,{J9Z3-Q2FJ74RI-9281WTRB},08/04/2010 13:56:52,EGD0132,PC-4211,http://hp.com/WboUhagvat1944152218.jsp,multitask benefits part-time permanent sales start experience responsibilities contribute responsibilities on-line resume contribute part-time equivalent management job sales guidance people analyze self resume years growth initiative multitask opening dynamic initiative experience compensation growth sales management job contribute benefits years part-time starter starter job
http,{U5H8-N0BD26PI-6309MWVL},08/04/2010 14:51:24,EGD0132,PC-4211,http://hp.com/WboUhagvat1944152218.jsp,equivalent dynamic customer customer strong on-time starter technologies start call responsibilities call growth opening required dynamic engineer required platform strong multitask process passion industry initiative team team multiple skills management job job visual platform contribute part-time analyze permanent equivalent concepts people concepts compensation management management multiple process starter initiative sales responsibilities platform resume on-time industry starter equivalent passion salary dynamic experience benefits contribute multiple benefits benefits dynamic customer
http,{A6H1-L6DD35UX-0639YAFX},08/04/2010 14:54:13,EGD0132,PC-4211,http://careerbuilder.com/WboUhagvat660170997.htm,develop people analyze concepts multiple people required recruiter team skills sales industry concepts platform degree compensation customer skills job interface multiple experience compensation develop strong degree strong degree benefits degree team process degree multitask analyze responsibilities salary equivalent job required initiative team hours industry relocation platform develop resume dynamic resume experience part-time analyze multiple interface years years years experience job
http,{G0X6-Z7RZ05ZB-2755BMBQ},08/04/2010 15:55:28,EGD0132,PC-4211,http://boeing.com/WboUhagvat1904327536.htm,report guidance job analyze self self years start expert dynamic multitask job passion skills sales engineer management hours platform years interface sales initiative initiative experience develop multitask customer engineer job guidance benefits equivalent sales required team experience report opening engineer resume interface industry starter on-time starter strong interface visual required report multitask required visual contribute process responsibilities skills required growth
http,{K8S1-A9MR31XP-2945YJCZ},08/04/2010 17:20:10,EGD0132,PC-4211,http://aol.com/jobs/WboUhagvat1963819229.jsp,required benefits people growth interface resume self passion analyze skills develop years process start management passion on-time on-time team skills report passion degree engineer on-time experience concepts job concepts passion management permanent industry responsibilities dynamic team technologies multitask salary people resume degree contribute skills job
http,{T9B7-V2ZM36KF-7538TODM},08/04/2010 17:27:15,EGD0132,PC-4211,http://aol.com/jobs/WboUhagvat1963819229.jsp,resume resume customer job years report degree platform initiative responsibilities years opening growth passion benefits report contribute expert technologies dynamic job process permanent equivalent starter call sales multiple degree resume initiative permanent dynamic technologies multiple responsibilities multitask degree initiative report multitask equivalent process strong years starter sales people develop responsibilities degree concepts growth contribute develop degree sales resume technologies growth
http,{R9V4-Z5CO97NC-9450FVHH},08/04/2010 17:48:22,EGD0132,PC-4211,http://indeed.com/WboUhagvat1680703797.html,multiple skills platform required initiative start passion start required team analyze compensation self growth skills passion skills self opening degree growth resume develop team multiple management report sales people technologies responsibilities management dynamic customer team resume industry strong process years hours sales concepts hours growth permanent multiple experience on-time skills multitask industry
http,{Y4A7-S8EA49OS-9235SJLB},08/05/2010 08:52:19,EGD0132,PC-4211,http://linkedin.com/WboUhagvat1479839504.aspx,sales required technologies years years starter multiple equivalent contribute start growth develop team on-time expert job years develop platform dynamic develop platform contribute required years initiative interface resume salary concepts degree salary salary analyze multitask
http,{F5Z9-K9JR49BJ-4234DORI},08/05/2010 09:28:29,EGD0132,PC-4211,http://careerbuilder.com/WboUhagvat660170997.htm,team strong years on-line customer people passion customer part-time team analyze years industry salary growth responsibilities resume self experience interface benefits passion process experience team degree resume strong benefits job degree multitask benefits strong contribute develop management passion customer
http,{F8G3-H2KC08JX-6267EUQZ},08/05/2010 11:11:40,EGD0132,PC-4211,http://harris.com/WboUhagvat1919385663.htm,start equivalent job sales platform resume opening strong industry contribute strong degree on-time experience initiative experience process on-time degree benefits multitask team job passion multitask guidance required permanent resume team technologies people dynamic resume guidance interface responsibilities growth permanent relocation multiple part-time skills growth resume platform required interface
http,{A7Z1-D0TC82WZ-6440UUKG},08/05/2010 12:52:11,EGD0132,PC-4211,http://hp.com/WboUhagvat1944152218.jsp,expert customer concepts engineer strong strong develop multiple years management permanent required skills opening degree part-time develop on-time expert experience team job team strong equivalent concepts growth initiative process visual people equivalent equivalent growth resume resume industry on-time job multitask interface multitask degree degree compensation experience management resume degree industry
http,{N6B1-B2SU87LR-4329IJYW},08/05/2010 13:48:49,EGD0132,PC-4211,http://linkedin.com/WboUhagvat1479839504.aspx,required sales multitask multitask team contribute multiple on-time guidance multitask contribute benefits industry start self initiative experience relocation team people recruiter degree concepts report visual management job opening develop multiple initiative platform job opening years growth industry salary industry technologies expert experience job interface strong passion responsibilities opening industry skills initiative guidance equivalent growth
http,{X8N3-H7ZZ31MP-7411EUAI},08/05/2010 14:47:25,EGD0132,PC-4211,http://hp.com/WboUhagvat1944152218.jsp,interface technologies responsibilities people experience multiple multiple equivalent years on-line resume passion skills years equivalent growth interface resume opening expert initiative skills team passion multitask multiple industry skills growth passion sales management strong engineer experience initiative develop hours customer report growth job growth skills develop multitask interface benefits management permanent opening industry develop experience process
http,{M5N1-X5YH45VK-1328CGSN},08/05/2010 17:31:20,EGD0132,PC-4211,http://aol.com/jobs/WboUhagvat1963819229.jsp,equivalent strong report experience skills passion skills technologies hours concepts people job equivalent strong contribute contribute contribute develop platform multitask team on-line visual compensation opening industry on-line passion visual responsibilities equivalent technologies start customer skills team multitask process responsibilities experience team passion permanent skills starter start management contribute on-line platform interface resume required management report salary benefits concepts hours job
http,{M1V1-Y5MU28VQ-9697GWVM},08/06/2010 09:11:39,EGD0132,PC-4211,http://harris.com/WboUhagvat1919385663.htm,contribute experience years responsibilities management on-line skills equivalent start multiple part-time contribute recruiter contribute relocation analyze people develop multiple people responsibilities customer responsibilities passion team permanent passion responsibilities develop self report degree interface equivalent strong platform develop interface relocation team required people required start passion management industry growth analyze industry management passion
http,{N4Y2-F7UF05BB-5399IGFE},08/06/2010 09:47:46,EGD0132,PC-4211,http://lockheedmartin.com/WboUhagvat1636367808.htm,job required permanent multitask required job initiative permanent customer industry on-time degree start dynamic permanent interface people start multiple develop start opening management customer initiative permanent customer opening benefits required management resume people report passion technologies process start engineer team concepts people sales responsibilities equivalent passion interface report dynamic resume on-time sales degree start sales strong
http,{O5B4-R0JG11EP-1597CPMY},08/06/2010 11:00:10,EGD0132,PC-4211,http://aol.com/jobs/WboUhagvat1963819229.jsp,strong report opening on-time contribute initiative concepts initiative responsibilities start develop hours interface compensation develop degree technologies skills strong resume required skills multitask resume expert job concepts analyze sales resume skills develop expert team required starter permanent team relocation opening industry degree team required hours contribute platform
http,{V9X2-B2OI27GN-4596BGFZ},08/06/2010 11:02:21,EGD0132,PC-4211,http://harris.com/WboUhagvat1919385663.htm,contribute hours job interface growth dynamic degree responsibilities develop customer resume passion start industry growth job skills report skills contribute guidance analyze hours resume develop resume industry required initiative passion required guidance growth analyze concepts equivalent skills benefits compensation resume dynamic team
http,{V9C6-Y4QO75VD-1864KVEQ},08/06/2010 11:20:54,EGD0132,PC-4211,http://simplyhired.com/WboUhagvat57469130.jsp,skills growth required customer team concepts expert management opening concepts concepts process guidance resume permanent job equivalent start self start dynamic guidance customer sales growth permanent hours strong required initiative job equivalent equivalent people multiple responsibilities visual initiative call on-time expert resume customer required salary job customer sales skills on-time multiple multitask
http,{I7B6-I2IR27ZH-5254IKEK},08/06/2010 12:44:33,EGD0132,PC-4211,http://harris.com/WboUhagvat1919385663.htm,hours required responsibilities opening degree interface expert process customer growth experience team multitask contribute degree platform job develop develop develop sales engineer passion multiple customer equivalent team benefits resume concepts customer multitask team interface concepts years required resume contribute industry contribute growth years benefits hours self years develop interface management multitask skills skills
http,{L4H6-O5FC98YL-8746HBWX},08/06/2010 12:52:53,EGD0132,PC-4211,http://yahoo.com/hotjobs/WboUhagvat752138490.php,starter degree required required self part-time initiative on-line benefits salary people growth benefits skills starter resume hours job platform report multitask resume analyze part-time industry years concepts growth required skills industry degree contribute strong passion contribute dynamic skills industry years platform on-time passion on-time responsibilities job sales salary required responsibilities start degree initiative technologies years sales required degree start growth self report strong resume visual benefits growth concepts years opening
http,{S5G5-S7RB05FW-4646XUIS},08/06/2010 14:08:25,EGD0132,PC-4211,http://yahoo.com/hotjobs/WboUhagvat752138490.php,technologies strong permanent contribute recruiter visual dynamic multitask people management resume skills platform resume sales opening degree customer multitask multitask dynamic contribute growth resume experience process benefits degree people compensation strong required process skills start experience management equivalent part-time passion responsibilities management required job experience responsibilities skills experience
http,{Y3P2-A2UT07FL-7378IPED},08/06/2010 16:48:26,EGD0132,PC-4211,http://harris.com/WboUhagvat1919385663.htm,initiative job customer multiple salary resume interface resume growth contribute resume technologies multiple develop salary required equivalent opening self sales degree contribute strong develop compensation job degree skills hours experience equivalent required visual sales initiative responsibilities concepts responsibilities dynamic multitask resume customer responsibilities responsibilities growth experience sales develop starter job develop permanent team multitask initiative report skills platform interface industry
http,{P2K1-B6JF39YX-5923BYVM},08/09/2010 09:19:41,EGD0132,PC-4211,http://harris.com/WboUhagvat1919385663.htm,sales job industry opening process contribute initiative develop passion on-line skills team sales start concepts strong strong management industry team benefits technologies multitask interface degree guidance benefits opening on-line dynamic on-line start job
http,{K1V4-J9YG59BH-6965QMBW},08/09/2010 09:44:53,EGD0132,PC-4211,http://monster.com/WboUhagvat1180707852.html,team benefits visual platform years multiple required strong opening resume initiative industry people customer platform self required guidance technologies platform passion industry management required process equivalent industry growth management engineer skills guidance team opening permanent self multitask growth report opening salary interface skills multitask
http,{I6P7-S7TZ82TG-7475ISYX},08/09/2010 10:18:19,EGD0132,PC-4211,http://boeing.com/WboUhagvat1904327536.htm,years strong start interface resume initiative years required industry degree dynamic team passion analyze required strong develop people experience management sales team interface initiative resume resume multitask team
http,{V5G4-M0VJ04EF-8475PCNZ},08/09/2010 12:42:36,EGD0132,PC-4211,http://simplyhired.com/WboUhagvat57469130.jsp,sales skills interface multiple team job starter analyze years develop multiple platform team on-time customer interface benefits multiple develop sales opening multiple concepts industry customer on-time multitask industry multiple degree contribute experience multiple responsibilities opening team multitask expert skills start strong hours required industry
http,{C2I1-N7MY57VL-7649NQCB},08/09/2010 14:30:48,EGD0132,PC-4211,http://raytheon.com/WboUhagvat343187784.jsp,initiative experience industry concepts growth team report skills required required degree concepts report customer multitask people responsibilities concepts opening years passion initiative customer industry industry degree responsibilities hours experience technologies concepts customer years multitask multiple compensation initiative hours people growth strong passion starter contribute equivalent passion required resume develop permanent required interface multiple degree analyze contribute on-line
http,{D6L2-Q8KU45RS-2403ZDCA},08/09/2010 14:33:00,EGD0132,PC-4211,http://monster.com/WboUhagvat1180707852.html,years sales develop years growth dynamic opening team technologies compensation on-time resume opening sales required contribute years visual platform growth years compensation resume management job experience permanent multitask equivalent compensation report years degree responsibilities industry initiative on-time dynamic passion resume people years resume multitask visual
http,{K2H6-T7DQ12PN-2250COLG},08/09/2010 15:58:05,EGD0132,PC-4211,http://craigslist.org/WboUhagvat1105403916.aspx,team develop expert opening industry platform skills develop on-time starter opening multitask resume job opening contribute management starter management opening team compensation interface analyze report guidance benefits sales equivalent strong platform people technologies develop part-time start develop passion technologies equivalent develop multiple interface degree customer guidance degree concepts resume process initiative required degree analyze responsibilities experience skills years starter dynamic people concepts team opening recruiter engineer report passion sales responsibilities on-time visual team management on-time compensation guidance report degree multiple
http,{Q2M9-Z0LT01VV-9416INUF},08/09/2010 16:23:21,EGD0132,PC-4211,http://aol.com/jobs/WboUhagvat1963819229.jsp,resume starter job equivalent management dynamic salary develop starter start industry technologies experience customer permanent experience years strong team customer on-time passion hours industry permanent experience growth develop people guidance process degree skills degree hours analyze growth team start salary relocation industry experience concepts technologies growth guidance on-time people analyze degree start report sales multiple years process resume job guidance
http,{I0M1-C1RF80RO-1198KPLW},08/09/2010 16:45:05,EGD0132,PC-4211,http://linkedin.com/WboUhagvat1479839504.aspx,responsibilities multitask guidance sales management dynamic platform analyze strong interface multiple team resume interface concepts strong responsibilities multiple expert management expert dynamic expert management contribute experience team
http,{D2E5-W4OD18RX-6102CXAX},08/10/2010 09:43:42,EGD0132,PC-4211,http://indeed.com/WboUhagvat1680703797.html,responsibilities start degree growth interface passion management interface multitask years required skills dynamic customer benefits on-time customer management people guidance team experience technologies opening team multitask passion start resume report required strong job compensation multiple permanent expert part-time interface equivalent starter growth multiple benefits multiple starter skills passion responsibilities permanent strong
http,{N3X8-K1FO38YP-3264RKMA},08/10/2010 11:36:03,EGD0132,PC-4211,http://jobhuntersbible.com/WboUhagvat1258877042.aspx,guidance management report opening degree responsibilities customer dynamic customer strong skills management industry benefits visual multiple develop team initiative experience multiple platform report equivalent compensation experience start compensation technologies multitask start concepts equivalent multitask contribute experience responsibilities develop skills multiple experience job interface interface technologies responsibilities concepts customer start degree multitask opening required experience degree multitask passion experience platform technologies guidance hours technologies degree self
http,{Z9O4-T3UT47BG-7040DZDK},08/10/2010 12:50:49,EGD0132,PC-4211,http://monster.com/WboUhagvat1180707852.html,degree industry part-time responsibilities customer customer multitask process analyze resume multitask hours benefits years job degree equivalent equivalent multitask resume concepts call years industry skills concepts platform part-time strong experience customer expert on-time experience
http,{H5A4-O6TV02XK-3620MGUG},08/10/2010 12:53:28,EGD0132,PC-4211,http://simplyhired.com/WboUhagvat57469130.jsp,compensation benefits responsibilities salary guidance starter resume contribute initiative report engineer resume required equivalent customer responsibilities engineer growth platform job contribute opening part-time degree responsibilities growth strong job required years industry passion management process salary interface multitask industry passion growth dynamic degree initiative skills dynamic
http,{P1P3-K1ED54TF-5134HTCM},08/10/2010 13:04:35,EGD0132,PC-4211,http://job-hunt.org/WboUhagvat919122234.html,management permanent dynamic platform technologies strong hours salary guidance passion opening on-time multiple industry multiple multiple dynamic sales develop report multiple develop customer concepts permanent report resume sales team skills multiple experience opening years team growth permanent dynamic benefits skills resume team job dynamic skills passion dynamic process customer technologies job multiple interface degree starter job strong growth technologies benefits strong growth
http,{A7L4-K7CE49HR-8194QFGI},08/10/2010 13:21:01,EGD0132,PC-4211,http://northropgrumman.com/WboUhagvat572113271.aspx,platform skills start job growth passion growth years multitask compensation on-time strong job experience experience job resume initiative opening responsibilities required platform team permanent responsibilities industry resume part-time analyze engineer dynamic resume interface growth job multiple process concepts equivalent strong team hours platform sales strong report multitask required customer starter sales resume skills
http,{O6F4-J9MP35OE-3237EREJ},08/10/2010 13:39:43,EGD0132,PC-4211,http://boeing.com/WboUhagvat1904327536.htm,expert skills required report skills guidance compensation concepts guidance skills on-time process contribute concepts develop experience team job experience contribute contribute platform skills responsibilities concepts sales benefits team team skills passion visual report multiple multiple people years analyze start resume strong concepts job sales multitask job technologies visual team passion start strong years permanent team call develop start equivalent experience
http,{S6Z1-I9WA92YB-8324WRWP},08/10/2010 15:02:02,EGD0132,PC-4211,http://lockheedmartin.com/WboUhagvat1636367808.htm,degree years industry call technologies passion team multitask passion experience technologies contribute team multiple self people multitask years on-time resume equivalent develop people equivalent equivalent contribute responsibilities hours degree customer years multitask concepts guidance on-line responsibilities multitask team hours management technologies expert team call years contribute management platform skills platform expert report start industry industry
http,{L7P0-A0XO43YG-4362UNTF},08/10/2010 15:31:04,EGD0132,PC-4211,http://northropgrumman.com/WboUhagvat572113271.aspx,platform required degree salary management initiative skills multiple multiple team multitask develop permanent start benefits starter resume industry experience required initiative responsibilities resume years people interface passion job develop customer develop resume part-time report interface benefits management skills interface team team interface guidance initiative opening management management strong guidance technologies analyze skills call compensation skills contribute responsibilities multitask initiative responsibilities
http,{C0U7-M5WE76ZT-7438DRXV},08/10/2010 16:43:23,EGD0132,PC-4211,http://craigslist.org/WboUhagvat1105403916.aspx,technologies compensation responsibilities salary resume skills report multiple start skills platform skills job process starter interface skills equivalent sales multitask sales management years customer customer strong visual resume concepts develop experience experience experience team part-time degree responsibilities degree guidance benefits guidance growth start required initiative visual initiative
http,{P1X5-Q0TD88FP-3421UGLV},08/11/2010 10:01:49,EGD0132,PC-4211,http://yahoo.com/hotjobs/WboUhagvat752138490.php,management job growth on-time growth team growth customer sales develop interface start required multitask required report equivalent engineer start sales management initiative team team strong management industry customer degree years experience interface self opening multiple multitask compensation self process required strong responsibilities dynamic multiple customer benefits resume multitask growth multiple dynamic
http,{M5J1-L2HN73ZJ-5451SVHV},08/11/2010 10:15:39,EGD0132,PC-4211,http://harris.com/WboUhagvat1919385663.htm,dynamic skills experience guidance interface equivalent interface required part-time required technologies required resume concepts degree experience technologies degree dynamic management on-line technologies people guidance compensation on-time develop responsibilities skills team years platform degree strong required opening guidance interface develop responsibilities industry develop required customer people initiative multitask customer resume
http,{U1D8-W8WD68PV-8142FIZG},08/11/2010 10:18:44,EGD0132,PC-4211,http://jobhuntersbible.com/WboUhagvat1258877042.aspx,skills develop initiative hours visual industry job people permanent team strong years initiative sales job years team multiple responsibilities initiative multiple industry growth growth team report responsibilities multiple sales platform contribute resume customer start concepts on-time responsibilities
http,{U5L7-B1QA84GY-5379IMVO},08/11/2010 11:01:54,EGD0132,PC-4211,http://job-hunt.org/WboUhagvat919122234.html,years technologies equivalent experience contribute develop job multiple responsibilities passion skills on-time required report responsibilities permanent degree process management dynamic opening passion technologies management concepts on-time management experience experience skills skills team report sales degree benefits expert strong start opening equivalent experience opening growth team growth experience part-time report people platform guidance degree multiple resume develop guidance permanent resume technologies self job guidance relocation multiple job strong develop
http,{K7J3-W9EB40MB-8990TRPA},08/11/2010 12:19:12,EGD0132,PC-4211,http://craigslist.org/WboUhagvat1105403916.aspx,multiple degree industry customer concepts multiple interface opening contribute sales start start benefits equivalent team report salary resume expert starter equivalent job experience people interface platform skills years guidance part-time customer platform industry multitask job platform resume required multiple growth multitask industry interface contribute salary
http,{G4U3-T6ZI43OK-8430TLEO},08/11/2010 12:30:59,EGD0132,PC-4211,http://jobhuntersbible.com/WboUhagvat1258877042.aspx,responsibilities customer growth job team platform responsibilities technologies interface analyze engineer team interface industry initiative multiple equivalent management engineer industry job on-line degree process resume multitask responsibilities management report interface interface people equivalent strong customer start customer industry multitask multitask skills dynamic benefits required platform hours equivalent contribute responsibilities multiple opening interface expert start years permanent responsibilities
http,{U3Y1-V2PD67GJ-2380AXQL},08/11/2010 14:49:23,EGD0132,PC-4211,http://yahoo.com/hotjobs/WboUhagvat752138490.php,required management years equivalent management degree opening management call benefits team contribute growth expert benefits responsibilities equivalent job benefits concepts job experience responsibilities report analyze resume required degree resume multiple experience sales degree concepts multiple years management required initiative team experience salary start platform job on-line part-time analyze equivalent multitask responsibilities job analyze part-time initiative years responsibilities multiple technologies on-time required experience contribute degree customer equivalent initiative on-line multitask experience management equivalent strong
http,{N6B5-W0OP28QH-5583FWLL},08/11/2010 14:58:43,EGD0132,PC-4211,http://jobhuntersbible.com/WboUhagvat1258877042.aspx,permanent technologies start responsibilities opening part-time dynamic report process technologies resume customer contribute experience salary years required salary skills on-time opening start report on-time resume degree customer customer job growth starter management on-time years start multitask self job years required on-time strong multiple years benefits on-time strong industry concepts resume benefits permanent growth years compensation team on-time contribute permanent
http,{H8Z3-K4DE37RN-8613EPJB},08/12/2010 09:11:06,EGD0132,PC-4211,http://craigslist.org/WboUhagvat1105403916.aspx,develop permanent initiative equivalent relocation customer opening degree benefits management hours compensation dynamic technologies process job multitask platform visual customer job hours platform expert contribute interface process guidance customer platform industry opening analyze interface passion required develop industry call required required resume degree opening guidance people dynamic
http,{J3G6-N3TG29KP-8466UOTI},08/12/2010 11:58:18,EGD0132,PC-4211,http://job-hunt.org/WboUhagvat919122234.html,develop dynamic job concepts management team responsibilities job resume visual team initiative growth multiple self resume starter develop job engineer on-time develop job resume degree responsibilities sales strong develop start benefits industry multitask team resume sales interface start start analyze resume contribute expert strong analyze permanent skills process required required management passion multiple report part-time initiative passion develop contribute
http,{I0Y8-H2JW58BX-2775IGSC},08/12/2010 15:14:37,EGD0132,PC-4211,http://boeing.com/WboUhagvat1904327536.htm,experience interface industry benefits sales platform technologies dynamic visual team equivalent job skills on-time recruiter experience industry technologies compensation passion benefits skills multiple required contribute required years on-line responsibilities resume degree concepts interface sales expert growth degree required
http,{C5N5-C2GX93US-6036OSDB},08/13/2010 11:01:10,EGD0132,PC-4211,http://simplyhired.com/WboUhagvat57469130.jsp,resume start technologies equivalent concepts skills experience industry multiple responsibilities sales multiple guidance report salary years permanent on-time passion skills industry guidance strong passion interface management interface responsibilities initiative multitask team benefits develop customer multitask hours required relocation resume starter concepts job platform engineer degree industry strong responsibilities
http,{Y1I0-L0NU61YI-2642KHJC},08/13/2010 14:33:09,EGD0132,PC-4211,http://harris.com/WboUhagvat1919385663.htm,hours team platform start years opening concepts contribute platform experience permanent equivalent dynamic people customer skills strong develop starter skills responsibilities develop benefits permanent degree resume years equivalent platform strong required analyze report job degree platform guidance multitask years on-time interface industry multitask multiple people dynamic strong contribute on-time compensation process permanent passion people initiative required multiple responsibilities
http,{C4D2-Q9YO07DH-5391USTM},08/13/2010 15:17:57,EGD0132,PC-4211,http://monster.com/WboUhagvat1180707852.html,equivalent guidance management experience customer expert sales expert opening people growth degree experience develop technologies responsibilities team industry management responsibilities resume sales call sales report experience responsibilities benefits multiple part-time opening equivalent benefits salary degree job initiative experience customer experience self hours analyze passion sales experience develop equivalent experience report opening initiative dynamic
http,{D5E2-P6DT53XQ-8546TRWS},08/13/2010 16:58:45,EGD0132,PC-4211,http://boeing.com/WboUhagvat1904327536.htm,responsibilities multitask opening team resume responsibilities concepts on-time responsibilities contribute expert multitask multiple required resume platform analyze degree develop analyze contribute expert on-time concepts opening guidance resume growth years compensation initiative concepts people analyze interface salary degree management job develop resume compensation experience report industry part-time self responsibilities platform guidance dynamic engineer concepts process skills years resume contribute people opening multitask customer growth
http,{S3S9-B1HL29SW-9107QYJL},08/16/2010 09:08:41,EGD0132,PC-4211,http://craigslist.org/WboUhagvat1105403916.aspx,growth starter team interface start resume degree experience industry multiple contribute on-time job self experience customer industry platform multitask resume guidance contribute multiple analyze sales sales sales contribute engineer analyze guidance permanent contribute team sales multiple technologies contribute part-time expert benefits relocation responsibilities
http,{F7Z0-F0LR01CG-0542NJWI},08/16/2010 09:54:00,EGD0132,PC-4211,http://harris.com/WboUhagvat1919385663.htm,guidance self contribute report passion responsibilities multitask start growth compensation on-line expert salary on-time technologies customer degree degree sales guidance self industry permanent multiple job responsibilities process required years job benefits equivalent people concepts required people customer skills responsibilities salary responsibilities team management sales industry skills dynamic call people experience industry years
http,{N3R6-R6BF47FF-0167JKTO},08/16/2010 13:09:58,EGD0132,PC-4211,http://job-hunt.org/WboUhagvat919122234.html,required job start team years sales degree resume job interface start responsibilities guidance team develop people process contribute experience industry expert degree years industry equivalent multiple concepts experience team guidance customer guidance expert equivalent multitask multitask required visual sales passion skills salary interface permanent multitask sales report start self expert multiple relocation team job expert people salary strong equivalent develop strong sales compensation degree interface job part-time
http,{M2W9-R4FM45YR-5764YGJJ},08/16/2010 15:22:23,EGD0132,PC-4211,http://simplyhired.com/WboUhagvat57469130.jsp,job skills management customer team process industry concepts job responsibilities concepts skills sales responsibilities initiative equivalent technologies part-time passion platform years degree contribute equivalent start people degree hours contribute on-line passion sales part-time initiative self part-time starter salary experience degree required multiple team develop self expert customer years passion
http,{K0H9-Y9RY52HR-0286WHDK},08/17/2010 10:14:39,EGD0132,PC-4211,http://linkedin.com/WboUhagvat1479839504.aspx,multiple permanent equivalent permanent hours on-time team equivalent responsibilities team contribute skills start start equivalent customer develop interface job skills passion guidance analyze initiative growth growth sales years on-time expert dynamic on-line degree sales resume experience multiple years responsibilities part-time required relocation equivalent people multitask strong analyze experience skills benefits contribute required
http,{J7L1-T7JM59GL-1917UPNN},08/17/2010 13:57:00,EGD0132,PC-4211,http://lockheedmartin.com/WboUhagvat1636367808.htm,sales initiative concepts degree on-time required interface concepts guidance start benefits interface customer multitask benefits contribute on-time passion dynamic start develop sales develop starter visual skills visual initiative required contribute people resume analyze technologies people management job opening report degree required visual job initiative contribute industry guidance technologies experience start platform growth self dynamic multitask sales multitask required develop industry technologies technologies sales platform resume multitask skills growth responsibilities concepts degree degree process
http,{U5V5-T9SO40BQ-6564ZRBF},08/18/2010 14:55:59,EGD0132,PC-4211,http://indeed.com/WboUhagvat1680703797.html,interface salary engineer concepts technologies degree strong initiative concepts platform on-time resume develop interface starter hours team multitask on-time degree technologies platform people interface report expert responsibilities growth management dynamic develop passion visual strong guidance team required responsibilities self required multiple self team expert degree responsibilities initiative compensation skills skills dynamic
http,{D5Q6-U1AQ28RK-7982ZIQB},08/18/2010 16:40:56,EGD0132,PC-4211,http://aol.com/jobs/WboUhagvat1963819229.jsp,years multitask develop years people develop responsibilities experience growth start initiative platform multitask dynamic benefits concepts starter industry strong initiative years equivalent years hours resume management on-time equivalent skills concepts platform concepts management permanent degree people responsibilities industry
http,{V5Q8-M4IU10HL-3421LJZG},08/19/2010 08:51:32,EGD0132,PC-4211,http://raytheon.com/WboUhagvat343187784.jsp,initiative self experience responsibilities team customer develop process equivalent multitask resume team compensation industry skills degree responsibilities strong skills industry contribute engineer responsibilities expert call resume experience guidance analyze experience analyze technologies self passion growth interface develop
http,{T1X2-S8PD31PS-9596EBNI},08/19/2010 10:36:49,EGD0132,PC-4211,http://northropgrumman.com/WboUhagvat572113271.aspx,required people analyze multiple required growth guidance strong process starter job required customer benefits start contribute required concepts self job interface start equivalent resume years team contribute responsibilities opening interface management years experience years hours multiple team team technologies equivalent customer hours required engineer report develop sales start strong resume experience strong resume opening multiple opening people start degree job job equivalent growth on-time
http,{B6I4-A0SV30XS-5216DVRE},08/19/2010 12:23:30,EGD0132,PC-4211,http://linkedin.com/WboUhagvat1479839504.aspx,team growth responsibilities experience resume required industry multitask degree contribute degree job management job on-time responsibilities interface growth customer passion years concepts growth degree relocation equivalent contribute benefits required on-time sales expert skills expert benefits experience guidance on-time customer people platform growth team degree strong multitask job experience benefits responsibilities job start multitask passion technologies hours job process permanent customer platform interface team
http,{K4S2-X3RR64RN-1134JJXO},08/19/2010 12:50:27,EGD0132,PC-4211,http://boeing.com/WboUhagvat1904327536.htm,team management recruiter technologies on-line platform develop required required multiple multiple job resume benefits initiative growth multitask experience multitask contribute develop management responsibilities guidance concepts required salary develop develop technologies contribute benefits strong required benefits start required process experience required industry platform management team benefits platform skills team passion self degree technologies team dynamic responsibilities equivalent develop start sales multiple concepts contribute people degree initiative equivalent management
http,{P4O2-O9UY95BR-0698GGVG},08/19/2010 13:45:34,EGD0132,PC-4211,http://hp.com/WboUhagvat1944152218.jsp,process technologies multiple report responsibilities process equivalent growth equivalent management start process concepts required report team growth platform multitask opening equivalent industry team team people degree responsibilities on-line years relocation years responsibilities salary required permanent passion skills on-time analyze on-line develop
http,{L0F6-N2RO25DO-5400VLGW},08/19/2010 16:29:08,EGD0132,PC-4211,http://aol.com/jobs/WboUhagvat1963819229.jsp,opening contribute permanent experience experience team start opening skills develop growth develop concepts contribute permanent platform concepts people degree technologies starter initiative team required skills passion customer multiple self hours compensation technologies dynamic contribute concepts passion required degree job initiative experience job equivalent contribute technologies required
http,{L8Q4-R7WA10OX-8451JDYJ},08/19/2010 18:06:03,EGD0132,PC-4211,http://boeing.com/WboUhagvat1904327536.htm,management equivalent passion platform management expert multitask platform opening concepts interface responsibilities management call develop resume expert start growth compensation opening degree develop interface industry multiple experience on-time years degree experience technologies on-time strong initiative hours opening people experience team experience platform process required guidance resume initiative multitask start initiative technologies skills on-time
http,{Z4R1-Z3PP09LA-4029JWDU},08/19/2010 18:10:35,EGD0132,PC-4211,http://simplyhired.com/WboUhagvat57469130.jsp,multiple equivalent passion on-time develop permanent people years people management team contribute skills experience develop opening team resume contribute sales concepts experience customer resume strong technologies permanent team report people team sales multitask interface people degree platform equivalent sales sales customer team dynamic experience benefits analyze report responsibilities technologies required concepts years develop
http,{E5O0-R9WF07PG-4113KLZT},08/20/2010 09:15:48,EGD0132,PC-4211,http://craigslist.org/WboUhagvat1105403916.aspx,years equivalent equivalent sales equivalent years multiple degree analyze people resume report salary compensation years responsibilities analyze required equivalent resume technologies skills responsibilities start degree benefits responsibilities permanent report degree contribute report customer strong resume
http,{Q3M2-K7NJ85YJ-9311UCWA},08/20/2010 10:16:18,EGD0132,PC-4211,http://linkedin.com/WboUhagvat1479839504.aspx,guidance multiple responsibilities resume team initiative growth contribute experience salary initiative customer multitask guidance permanent process develop strong skills start platform platform customer years benefits required job customer benefits customer develop multitask equivalent multitask people sales concepts team self job multitask hours opening years passion years part-time process compensation customer report
http,{F6P3-T2OW77SY-5374KVEX},08/20/2010 13:24:39,EGD0132,PC-4211,http://craigslist.org/WboUhagvat1105403916.aspx,interface salary analyze platform equivalent growth dynamic strong report responsibilities process start platform multitask years contribute required passion team initiative skills concepts multitask management equivalent start management skills self skills report equivalent technologies salary part-time skills experience resume expert management platform guidance start responsibilities start expert
http,{G3E3-A7QH35TT-6624MVZM},08/20/2010 13:45:48,EGD0132,PC-4211,http://craigslist.org/WboUhagvat1105403916.aspx,opening expert concepts degree industry on-time years skills expert expert growth benefits part-time contribute team platform technologies opening team industry required experience starter permanent analyze management team people team initiative multiple concepts resume people interface industry multitask industry technologies experience customer customer experience platform multitask contribute growth multitask sales
http,{M3B6-R9LJ26RW-9507WWJP},08/20/2010 15:02:44,EGD0132,PC-4211,http://indeed.com/WboUhagvat1680703797.html,required benefits multiple multiple multitask opening dynamic concepts job sales growth job management sales multitask years opening team job analyze compensation degree people management sales team growth on-time degree management responsibilities people initiative opening concepts starter management report expert dynamic years degree self contribute skills salary multitask on-time permanent sales experience platform technologies permanent people strong management opening degree dynamic required resume multitask responsibilities sales multiple starter
http,{F6Z2-M3OU14AT-8956IGYY},08/20/2010 15:48:37,EGD0132,PC-4211,http://hp.com/WboUhagvat1944152218.jsp,degree analyze develop relocation skills customer initiative resume multiple job team benefits required responsibilities benefits call multitask experience compensation experience required part-time multitask benefits required customer multitask multitask contribute start team team sales growth sales dynamic responsibilities dynamic industry people skills contribute required experience customer
http,{P2H9-U3FL61TQ-1377XCCL},08/20/2010 16:08:03,EGD0132,PC-4211,http://harris.com/WboUhagvat1919385663.htm,start contribute hours report benefits on-time on-time develop skills skills multiple years initiative concepts growth technologies sales required process resume sales opening analyze engineer management benefits responsibilities sales multitask start multitask engineer experience platform self self call industry resume people people industry starter analyze growth people start growth permanent customer concepts team resume benefits multiple guidance
http,{Z4I0-A0GG90KK-9629VBJZ},08/20/2010 16:58:27,EGD0132,PC-4211,http://northropgrumman.com/WboUhagvat572113271.aspx,skills team technologies report management opening degree resume strong management industry equivalent degree multiple multiple start interface people degree process develop multitask engineer required required responsibilities team passion years multitask guidance experience customer
http,{W7Q6-I7SE41PI-2815OQBJ},08/20/2010 17:47:51,EGD0132,PC-4211,http://careerbuilder.com/WboUhagvat660170997.htm,start strong concepts strong multitask contribute degree initiative start multiple management team benefits management resume sales on-time growth benefits strong analyze sales multitask multiple resume resume opening interface develop benefits guidance experience analyze concepts resume multiple multitask on-time required permanent equivalent years dynamic on-line expert guidance degree process customer customer passion benefits degree multitask experience platform job team technologies self equivalent visual
http,{Q1E8-R9WE25MM-7814ZITK},08/23/2010 14:56:52,EGD0132,PC-4211,http://harris.com/WboUhagvat1919385663.htm,responsibilities process develop engineer opening experience interface people sales initiative skills multiple contribute passion equivalent recruiter compensation interface interface strong guidance dynamic hours platform concepts platform skills experience opening sales resume compensation required expert dynamic benefits opening part-time management interface permanent job guidance industry sales growth benefits multitask responsibilities skills permanent
http,{B0R9-E3GK29YT-7507EZJA},08/23/2010 15:01:38,EGD0132,PC-4211,http://boeing.com/WboUhagvat1904327536.htm,equivalent growth dynamic expert report responsibilities hours customer equivalent customer interface develop self benefits multitask required on-time passion people on-time multitask industry experience sales permanent passion required interface required on-time strong customer years benefits multitask growth permanent contribute platform guidance resume
http,{D6T0-V2PF57BR-6984QRHV},08/23/2010 15:59:07,EGD0132,PC-4211,http://job-hunt.org/WboUhagvat919122234.html,customer customer team management permanent equivalent start compensation passion opening experience people guidance degree management sales concepts skills platform years on-time initiative opening benefits years contribute customer strong resume job responsibilities contribute responsibilities develop passion years required responsibilities start job job management
http,{U6V5-F7EJ68HH-4356IOSE},08/23/2010 17:56:17,EGD0132,PC-4211,http://careerbuilder.com/WboUhagvat660170997.htm,team management expert hours degree visual team strong process customer guidance strong opening management responsibilities dynamic initiative team multiple industry technologies multitask skills multitask on-time strong team resume develop multitask industry expert sales develop management multitask required permanent team skills passion engineer process salary years experience benefits resume start sales experience report compensation expert on-line degree resume experience on-time
http,{H1D2-Y2PS35DW-2977XMIB},08/24/2010 09:08:28,EGD0132,PC-4211,http://hp.com/WboUhagvat1944152218.jsp,contribute responsibilities expert people develop responsibilities salary dynamic multiple permanent dynamic experience analyze develop platform relocation platform multitask report customer customer benefits customer analyze benefits passion technologies develop multitask initiative platform dynamic skills multiple develop opening skills visual years engineer experience
http,{Y6T8-U5ZS10VX-1306MQFV},08/24/2010 09:12:15,EGD0132,PC-4211,http://aol.com/jobs/WboUhagvat1963819229.jsp,team opening benefits required technologies develop contribute benefits opening on-time skills responsibilities multitask responsibilities on-time hours equivalent customer multitask opening resume platform equivalent years equivalent initiative develop resume benefits job degree sales salary team process skills management
http,{I9U8-J0XJ29NK-0372QXWK},08/24/2010 09:35:52,EGD0132,PC-4211,http://lockheedmartin.com/WboUhagvat1636367808.htm,strong compensation initiative required required concepts years interface concepts multitask years interface contribute job visual multiple skills passion initiative visual resume team concepts equivalent sales passion required skills on-time years platform develop initiative experience industry resume job multitask analyze resume expert passion start growth growth people team
http,{J9S6-L7XV66OV-6241RUOW},08/24/2010 10:45:24,EGD0132,PC-4211,http://job-hunt.org/WboUhagvat919122234.html,salary customer resume skills experience customer contribute equivalent dynamic visual degree experience concepts technologies interface management resume expert degree develop industry concepts skills sales process starter management hours guidance start resume degree management technologies starter resume permanent concepts job contribute multiple engineer years passion degree industry on-line starter technologies starter
http,{T7H5-B5SN70EG-5682SHGJ},08/24/2010 10:51:56,EGD0132,PC-4211,http://linkedin.com/WboUhagvat1479839504.aspx,industry strong part-time guidance skills strong responsibilities required passion start years sales expert concepts people industry team growth develop interface develop experience multitask experience concepts team growth opening experience multiple team multiple responsibilities dynamic process start platform responsibilities benefits expert platform growth guidance engineer experience skills multitask permanent process salary benefits resume permanent customer responsibilities contribute customer benefits years on-time interface platform multitask technologies expert sales on-line analyze equivalent permanent
http,{I0K9-G9WY58IC-3354XYIO},08/24/2010 17:22:00,EGD0132,PC-4211,http://northropgrumman.com/WboUhagvat572113271.aspx,dynamic report interface compensation people dynamic contribute customer people concepts people team responsibilities customer skills on-line sales engineer develop platform job industry industry equivalent customer required team dynamic team platform skills
http,{W4Z2-L6NQ85OH-4686IOCS},08/25/2010 09:21:50,EGD0132,PC-4211,http://yahoo.com/hotjobs/WboUhagvat752138490.php,required people strong contribute growth on-line growth management platform equivalent management industry passion experience multiple develop management sales resume hours technologies concepts start develop customer sales skills interface passion dynamic platform part-time degree compensation responsibilities interface on-time experience develop skills team required sales responsibilities
http,{B4U0-A8HL17AX-4226URRO},08/25/2010 09:55:31,EGD0132,PC-4211,http://linkedin.com/WboUhagvat1479839504.aspx,benefits technologies passion contribute equivalent customer interface multiple benefits growth required on-line dynamic relocation growth required management years develop compensation permanent equivalent
http,{L6C2-J8AM67LZ-6168LUHL},08/25/2010 10:23:22,EGD0132,PC-4211,http://northropgrumman.com/WboUhagvat572113271.aspx,contribute customer required develop management multitask start industry process starter people develop on-time develop degree multitask passion growth skills guidance concepts skills industry engineer management years responsibilities technologies required permanent self job responsibilities hours team passion responsibilities experience sales experience report experience technologies opening dynamic equivalent interface
http,{K5P5-U7UI89JC-7759EJJY},08/25/2010 10:24:55,EGD0132,PC-4211,http://jobhuntersbible.com/WboUhagvat1258877042.aspx,resume management initiative degree required opening on-line strong years contribute develop sales interface on-time management expert initiative experience contribute initiative develop platform develop resume start industry industry technologies sales team on-time part-time recruiter equivalent passion experience experience report technologies customer customer opening initiative industry analyze develop start analyze team on-time resume job technologies dynamic multitask start
http,{K8J8-B4RV54XJ-7971IEWE},08/25/2010 11:46:55,EGD0132,PC-4211,http://simplyhired.com/WboUhagvat57469130.jsp,job experience experience initiative dynamic degree responsibilities passion industry management contribute responsibilities benefits engineer on-time permanent growth report job analyze process dynamic strong degree on-time hours management initiative degree skills growth interface interface customer team skills job required dynamic report equivalent skills skills responsibilities required contribute growth skills hours team industry equivalent salary team interface multiple platform responsibilities start
http,{G3X4-K4MY52PY-9794IQQO},08/25/2010 12:18:44,EGD0132,PC-4211,http://yahoo.com/hotjobs/WboUhagvat752138490.php,experience growth dynamic team hours multitask platform technologies management growth team required resume visual self dynamic starter job part-time multitask skills skills relocation sales industry multiple develop on-line skills dynamic years skills responsibilities benefits platform part-time compensation guidance industry resume required sales resume sales passion
http,{A0N8-A4JD06XA-2876MURO},08/25/2010 13:19:42,EGD0132,PC-4211,http://aol.com/jobs/WboUhagvat1963819229.jsp,growth relocation industry initiative multiple management industry platform multitask platform concepts part-time technologies report job job job expert equivalent multiple permanent team concepts engineer management skills skills equivalent resume growth concepts dynamic customer multitask multiple experience years growth people hours multitask years report dynamic contribute self
http,{M5O3-I4KT62ZR-2696EWOQ},08/25/2010 14:10:02,EGD0132,PC-4211,http://raytheon.com/WboUhagvat343187784.jsp,initiative initiative process skills people required multiple industry skills concepts required experience team people multitask people analyze responsibilities multiple people benefits contribute management interface benefits experience concepts experience skills experience responsibilities on-line equivalent years team resume industry interface passion strong technologies opening years
http,{B5Z6-L8XN25BS-3525OGNA},08/25/2010 14:51:47,EGD0132,PC-4211,http://hp.com/WboUhagvat1944152218.jsp,responsibilities technologies responsibilities resume process passion sales develop contribute multiple technologies concepts contribute years sales job people report job degree skills multitask multitask required guidance salary management required expert degree responsibilities industry contribute permanent expert equivalent concepts experience interface customer benefits responsibilities engineer benefits strong multitask required
http,{I1E9-H0EN26SK-1232UHEI},08/25/2010 15:44:50,EGD0132,PC-4211,http://craigslist.org/WboUhagvat1105403916.aspx,analyze technologies people required required passion sales strong equivalent customer opening years degree team resume develop job skills responsibilities degree resume dynamic concepts concepts guidance resume technologies contribute develop dynamic start people on-time industry multiple passion
http,{G2V5-E3FD07SI-3905SWVK},08/26/2010 09:02:16,EGD0132,PC-4211,http://northropgrumman.com/WboUhagvat572113271.aspx,people develop concepts management growth years on-time resume growth years compensation interface initiative expert responsibilities concepts part-time benefits on-time salary analyze guidance concepts concepts skills starter process degree multitask years expert skills multiple job responsibilities skills concepts interface dynamic resume dynamic expert dynamic degree concepts customer years strong required industry years skills equivalent multitask hours contribute interface expert
http,{S9L1-Q8BP49AC-4255MNDP},08/26/2010 09:45:47,EGD0132,PC-4211,http://hp.com/WboUhagvat1944152218.jsp,self benefits permanent analyze job equivalent required resume technologies resume start guidance benefits permanent technologies passion relocation contribute dynamic opening people interface experience concepts compensation job develop team passion years experience responsibilities skills growth dynamic contribute experience start part-time degree resume concepts platform years opening starter responsibilities concepts management
http,{S4E3-G4TH38BO-8994MNIX},08/26/2010 11:01:53,EGD0132,PC-4211,http://jobhuntersbible.com/WboUhagvat1258877042.aspx,degree multitask process resume interface skills people responsibilities hours part-time skills degree multitask years required resume job multitask platform responsibilities interface management equivalent team resume technologies resume management develop equivalent analyze management equivalent sales management visual team hours people expert
http,{J5O2-F8CT66NG-6497MISJ},08/26/2010 12:01:41,EGD0132,PC-4211,http://harris.com/WboUhagvat1919385663.htm,starter engineer call permanent opening management strong years industry degree responsibilities industry on-time degree degree self process degree develop resume on-time equivalent dynamic job starter equivalent equivalent years on-line multiple passion call multiple multitask job industry team
http,{C4K0-H6UH18AB-6378FTIW},08/26/2010 15:12:26,EGD0132,PC-4211,http://craigslist.org/WboUhagvat1105403916.aspx,hours degree permanent hours required start technologies on-time required growth develop equivalent initiative resume degree required multitask responsibilities years sales equivalent people responsibilities part-time self management on-time experience analyze team on-time on-time multitask contribute equivalent platform part-time multiple management equivalent expert resume industry dynamic required initiative develop self degree opening customer call contribute people interface expert hours initiative contribute technologies
http,{B2C1-Q4TO50UJ-8093QPTN},08/26/2010 16:01:13,EGD0132,PC-4211,http://boeing.com/WboUhagvat1904327536.htm,resume experience required contribute growth start technologies job contribute growth passion experience technologies skills develop job part-time years resume experience passion multitask benefits required customer interface responsibilities skills multiple salary responsibilities years technologies responsibilities management customer multiple self sales passion process part-time relocation develop job
http,{V7E7-C5QO30ZU-8987IFJH},08/26/2010 16:05:28,EGD0132,PC-4211,http://northropgrumman.com/WboUhagvat572113271.aspx,industry people strong on-time start growth permanent contribute start expert concepts compensation resume develop required analyze report opening engineer management salary resume job start process interface process responsibilities job passion initiative experience growth experience industry skills expert process analyze industry opening on-time years management on-time relocation multitask visual develop analyze skills interface multitask
http,{Q7N3-S3QV58TT-5023EHPK},08/26/2010 17:09:57,EGD0132,PC-4211,http://lockheedmartin.com/WboUhagvat1636367808.htm,concepts job required platform interface multiple job growth initiative skills job start platform sales resume required resume contribute hours resume responsibilities experience contribute start required initiative job sales management job people develop job people benefits develop skills degree multiple team passion benefits team strong responsibilities technologies
http,{Z0A5-J5XV79XB-7037XAGN},08/27/2010 10:02:30,EGD0132,PC-4211,http://indeed.com/WboUhagvat1680703797.html,responsibilities customer on-time years resume growth passion permanent responsibilities call analyze part-time resume dynamic sales compensation responsibilities permanent customer degree multitask call responsibilities years responsibilities hours sales process team skills technologies growth start on-time team passion multitask skills opening required hours multiple opening strong benefits responsibilities benefits team interface sales years team permanent responsibilities years people guidance skills
http,{I0W2-X8JE78KE-8589QQLL},08/27/2010 13:10:14,EGD0132,PC-4211,http://yahoo.com/hotjobs/WboUhagvat752138490.php,hours part-time people strong people opening platform self start customer benefits sales resume skills job multitask compensation customer multitask skills dynamic salary multitask degree develop dynamic job permanent years guidance sales contribute process sales required
http,{E9R5-G5YN89AR-5011BQJL},08/27/2010 13:25:37,EGD0132,PC-4211,http://craigslist.org/WboUhagvat1105403916.aspx,develop skills multitask customer on-time people process skills start years growth resume recruiter customer customer responsibilities equivalent develop team responsibilities degree benefits permanent resume starter expert platform experience customer industry compensation team opening years customer sales technologies team skills interface interface dynamic industry develop
http,{D8Y2-Z0QG37AM-7131PAYQ},08/27/2010 14:54:17,EGD0132,PC-4211,http://craigslist.org/WboUhagvat1105403916.aspx,equivalent team growth develop resume equivalent experience responsibilities technologies multitask team resume expert benefits degree required strong team industry team start customer equivalent part-time years people customer multitask customer dynamic opening multitask multiple platform technologies team sales degree responsibilities benefits skills multitask degree contribute develop strong strong permanent industry multitask
http,{B7U3-Z5OF95CV-0422NFZF},08/27/2010 16:32:52,EGD0132,PC-4211,http://indeed.com/WboUhagvat1680703797.html,people permanent job dynamic required hours passion resume skills industry degree develop multitask starter multitask resume permanent concepts report multiple expert strong platform responsibilities resume responsibilities passion management customer opening develop strong guidance concepts start contribute interface years on-time compensation opening opening equivalent start starter
http,{Z5N8-A8PQ92NW-9455QVNQ},08/27/2010 17:12:43,EGD0132,PC-4211,http://hp.com/WboUhagvat1944152218.jsp,required passion years interface required sales on-time process start contribute years equivalent responsibilities initiative multitask years growth experience experience job develop degree strong sales industry guidance people starter technologies develop degree guidance equivalent starter starter report benefits expert multitask contribute benefits develop report sales job industry concepts growth equivalent equivalent equivalent degree multitask initiative
http,{K4E1-S7VP39SY-0888XBCH},08/27/2010 17:28:47,EGD0132,PC-4211,http://northropgrumman.com/WboUhagvat572113271.aspx,process responsibilities platform people job analyze years experience equivalent develop experience degree start skills multitask concepts required growth interface team team concepts experience dynamic report required management job platform initiative people skills develop people process equivalent concepts growth multiple starter strong visual benefits skills industry growth industry self contribute customer contribute multitask self compensation platform degree on-line sales interface salary responsibilities customer strong responsibilities
http,{C9S2-A3XV51YN-7853MQQU},08/27/2010 17:44:46,EGD0132,PC-4211,http://craigslist.org/WboUhagvat1105403916.aspx,report part-time team initiative experience degree initiative job resume contribute develop opening years multitask resume permanent on-line platform growth dynamic sales resume contribute experience technologies sales permanent multitask degree growth people resume experience management required multitask degree passion contribute job
http,{U4Z7-F1FA16XK-1711IAVW},08/30/2010 10:03:07,EGD0132,PC-4211,http://yahoo.com/hotjobs/WboUhagvat752138490.php,years responsibilities passion equivalent degree required concepts skills initiative hours resume responsibilities multitask salary equivalent team resume on-time platform interface contribute expert skills industry required hours experience on-line people initiative expert dynamic on-time responsibilities process contribute opening permanent visual interface engineer resume degree technologies opening permanent industry responsibilities team permanent industry experience job experience opening initiative growth growth
http,{N0T4-P6JR02TA-5528DQVY},08/30/2010 11:15:37,EGD0132,PC-4211,http://simplyhired.com/WboUhagvat57469130.jsp,guidance responsibilities experience experience degree people industry opening start initiative report required on-time contribute expert strong contribute guidance responsibilities interface starter passion dynamic degree multiple years benefits degree customer dynamic dynamic concepts responsibilities team management
http,{A1P3-Z1SA28LG-3173CNGX},08/30/2010 12:17:29,EGD0132,PC-4211,http://boeing.com/WboUhagvat1904327536.htm,passion management permanent dynamic job starter start platform strong guidance management growth multitask develop report team passion sales experience opening sales required multiple responsibilities permanent engineer start job job required experience interface team self permanent contribute opening initiative multitask self contribute relocation dynamic
http,{M5D7-D7HC26QO-7130YFCA},08/30/2010 13:06:40,EGD0132,PC-4211,http://careerbuilder.com/WboUhagvat660170997.htm,recruiter industry job skills sales develop guidance experience required report part-time platform process multitask contribute years job dynamic sales self responsibilities experience experience job concepts customer degree team dynamic platform benefits experience salary hours customer skills sales hours job develop customer team experience multiple benefits job permanent initiative concepts interface growth permanent multiple degree people multitask platform passion call start dynamic concepts guidance initiative job years starter multiple benefits responsibilities platform multitask multitask
http,{G6O7-T1AS24UA-0735IUKR},08/30/2010 13:54:42,EGD0132,PC-4211,http://raytheon.com/WboUhagvat343187784.jsp,customer interface develop start report people customer growth responsibilities growth strong experience industry benefits contribute benefits platform opening customer responsibilities years contribute management multitask concepts dynamic compensation people sales develop customer
http,{J6A6-H8NE03UU-0343PUEF},08/30/2010 14:03:45,EGD0132,PC-4211,http://linkedin.com/WboUhagvat1479839504.aspx,customer management customer part-time multiple degree strong technologies process interface initiative sales team contribute team concepts passion responsibilities growth years guidance on-line multiple people concepts initiative degree management degree skills passion experience responsibilities develop develop visual analyze technologies part-time customer self management permanent job expert develop experience
http,{P7N0-V5ZA83OC-8164KYZP},08/30/2010 15:04:06,EGD0132,PC-4211,http://linkedin.com/WboUhagvat1479839504.aspx,degree sales process sales skills sales equivalent multitask years responsibilities degree contribute opening dynamic guidance platform multiple technologies job years multiple sales people dynamic concepts customer strong expert years opening develop compensation skills years technologies initiative hours degree part-time growth platform responsibilities self strong job opening
http,{N2U6-T0LZ71OV-3992ASQS},08/30/2010 15:55:28,EGD0132,PC-4211,http://harris.com/WboUhagvat1919385663.htm,develop sales degree resume concepts dynamic multiple industry develop multitask degree experience job dynamic platform customer compensation responsibilities customer people customer people starter degree guidance guidance degree platform required multiple job opening interface skills platform years analyze growth responsibilities required passion on-time dynamic
http,{X0K1-S3ZL72CP-2829ZCLC},08/30/2010 16:14:57,EGD0132,PC-4211,http://yahoo.com/hotjobs/WboUhagvat752138490.php,platform management resume benefits develop required required start team passion opening resume technologies years engineer expert industry responsibilities permanent responsibilities management guidance guidance experience passion passion required experience platform interface job people industry equivalent contribute experience multiple growth part-time permanent report call dynamic compensation dynamic benefits on-line part-time
http,{C3D5-T7EM18MS-4645GSYX},08/31/2010 12:35:42,EGD0132,PC-4211,http://boeing.com/WboUhagvat1904327536.htm,platform equivalent team passion concepts management responsibilities report team passion part-time job responsibilities experience initiative people growth strong required multiple customer team job customer multitask initiative dynamic technologies permanent industry management team platform report guidance starter visual strong years on-time sales interface multitask opening skills job equivalent equivalent technologies compensation contribute analyze sales
