type,id,date,user,pc,activity
device,{D3H9-R9XQ42UM-3120NPSS},09/08/2010 09:18:35,XHW0498,PC-9840,Connect
device,{B5D8-O0UE10NX-5792EDNX},09/08/2010 09:20:59,XHW0498,PC-9840,Disconnect
device,{M7K9-I4NP24EB-9892ITGZ},09/08/2010 11:04:32,XHW0498,PC-9840,Connect
device,{R9J2-T8XD93QM-2263YIAW},09/08/2010 11:14:43,XHW0498,PC-9840,Disconnect
device,{E1D2-C5RW09FE-2365ZGFV},09/08/2010 12:15:35,XHW0498,PC-9840,Connect
device,{J3G2-X6BN32RX-0208QTSX},09/08/2010 12:28:26,XHW0498,PC-9840,Disconnect
device,{A1A0-Y8BU02RS-3814VMRJ},09/08/2010 13:01:36,XHW0498,PC-9840,Connect
device,{Y1V6-T9GQ05SP-5056BTVX},09/08/2010 13:16:37,XHW0498,PC-9840,Disconnect
device,{Q0Q1-E2HL96ZW-5188OLCT},09/08/2010 14:02:54,XHW0498,PC-9840,Connect
device,{A4U0-T9RM26YJ-1933TVEB},09/08/2010 14:05:22,XHW0498,PC-9840,Disconnect
device,{Z5U6-T1XV84PH-5428SPWD},09/08/2010 16:05:01,XHW0498,PC-9840,Connect
device,{B8P3-M1LO45US-0191HARE},09/08/2010 16:17:42,XHW0498,PC-9840,Disconnect
device,{X4V3-T0BI95ER-6929XPQF},09/10/2010 08:18:31,XHW0498,PC-9840,Connect
device,{Z7D6-N6EN40NI-3486AJYQ},09/10/2010 08:43:45,XHW0498,PC-9840,Disconnect
device,{W0H1-X4RB20OV-3370DJPE},09/10/2010 12:44:58,XHW0498,PC-9840,Connect
device,{V6D4-M6RF15NC-4506WVHQ},09/10/2010 13:10:06,XHW0498,PC-9840,Disconnect
device,{Z6V4-W9SP21YM-4655SKMG},09/10/2010 13:58:16,XHW0498,PC-9840,Connect
device,{S6P1-M4OE84HU-8547JWFO},09/10/2010 14:03:31,XHW0498,PC-9840,Disconnect
device,{P8K9-D0XE50LS-0990CMOO},09/10/2010 14:40:46,XHW0498,PC-9840,Connect
device,{A5Z7-Q6OC91SY-9142GODE},09/10/2010 14:44:57,XHW0498,PC-9840,Disconnect
device,{L1E3-R4AM18CQ-9693VLIW},09/10/2010 15:44:26,XHW0498,PC-9840,Connect
device,{I5O2-W4SH65HX-5748PHUQ},09/10/2010 15:45:13,XHW0498,PC-9840,Disconnect
device,{P6A4-I8MG95VQ-0651YYBW},09/10/2010 16:09:14,XHW0498,PC-9840,Connect
device,{C0E5-X8ER98BH-6362CANQ},09/10/2010 16:58:27,XHW0498,PC-9840,Disconnect
device,{Q7B3-W4XM58NO-6513DXCX},09/13/2010 11:17:05,XHW0498,PC-9840,Connect
device,{L5O4-Z7DA63BH-4832BUSY},09/13/2010 11:19:44,XHW0498,PC-9840,Disconnect
device,{Q7X0-B5KH66VA-6933WAGS},09/13/2010 11:29:26,XHW0498,PC-9840,Connect
device,{I5Z5-I7PX11PV-4021VLVT},09/13/2010 11:44:02,XHW0498,PC-9840,Disconnect
device,{N4S4-G7YT80VL-4930ZBED},09/13/2010 11:44:49,XHW0498,PC-9840,Connect
device,{Y2O7-B9TS87EM-9244MRDT},09/13/2010 11:45:26,XHW0498,PC-9840,Disconnect
device,{Z9D2-Z6HQ12RO-5328TKLG},09/13/2010 12:04:21,XHW0498,PC-9840,Connect
device,{I6P5-B8YF13YC-2438PARA},09/13/2010 12:12:28,XHW0498,PC-9840,Disconnect
device,{K1V1-V8UW71BE-1996DRDE},09/13/2010 12:28:51,XHW0498,PC-9840,Connect
device,{Y9H2-K3SN02ZL-5050IOQJ},09/13/2010 12:33:34,XHW0498,PC-9840,Disconnect
device,{T5N2-I0GA75TC-9454NWHW},09/13/2010 12:39:21,XHW0498,PC-9840,Connect
device,{H5E4-O8MX86YA-4926TYDZ},09/13/2010 12:40:10,XHW0498,PC-9840,Disconnect
device,{X0T0-I2YJ64NE-2411LDYQ},09/14/2010 09:36:54,XHW0498,PC-9840,Connect
device,{G7K5-U3DZ69IU-9566XIDH},09/14/2010 09:40:12,XHW0498,PC-9840,Disconnect
device,{N5G8-A5KQ27NL-5034ZQVZ},09/14/2010 12:03:54,XHW0498,PC-9840,Connect
device,{O0B7-Q2VD79UG-9099HLQN},09/14/2010 12:48:28,XHW0498,PC-9840,Disconnect
device,{G7K8-E6DY01XR-7274RFXW},09/14/2010 13:16:52,XHW0498,PC-9840,Connect
device,{M4M7-C6JE75NR-1043RZIR},09/14/2010 13:23:09,XHW0498,PC-9840,Disconnect
device,{P1M9-V6HP39QS-3071ZYVM},09/14/2010 14:21:29,XHW0498,PC-9840,Connect
device,{F1W5-U3BH07XQ-0469LCYQ},09/14/2010 14:25:38,XHW0498,PC-9840,Disconnect
device,{R8I3-I8OZ07RM-9298HEMZ},09/14/2010 14:40:37,XHW0498,PC-9840,Connect
device,{W0E9-D1XX72VU-4863KLTT},09/14/2010 14:43:34,XHW0498,PC-9840,Disconnect
device,{E3O8-G2UM98FJ-8115MKPS},09/14/2010 15:24:29,XHW0498,PC-9840,Connect
device,{L6B2-C3AJ65SH-5307JNJE},09/14/2010 15:48:03,XHW0498,PC-9840,Disconnect
device,{R4A7-A7NL84UK-8287LOUP},09/16/2010 09:32:55,XHW0498,PC-9840,Connect
device,{Z9V2-Y0OG36XU-5548ZBYC},09/16/2010 09:35:43,XHW0498,PC-9840,Disconnect
device,{T3F9-K1IC35KA-1554WDVN},09/16/2010 11:08:45,XHW0498,PC-9840,Connect
device,{M3D6-O9PO91IR-3239XJRL},09/16/2010 11:27:50,XHW0498,PC-9840,Disconnect
device,{C9C0-Z7EV26LD-5448MOXM},09/16/2010 12:45:33,XHW0498,PC-9840,Connect
device,{F2R8-Y9GN13LM-2066SSTG},09/16/2010 13:31:22,XHW0498,PC-9840,Disconnect
device,{A1A5-A0QC61YC-3139KJPK},09/16/2010 13:49:51,XHW0498,PC-9840,Connect
device,{O6X5-F9AN57AK-3416ECIR},09/16/2010 14:23:23,XHW0498,PC-9840,Disconnect
device,{X6V3-Y4QV94KV-9525VMJH},09/16/2010 14:57:17,XHW0498,PC-9840,Connect
device,{B3M8-J8TT02QX-8768XVFG},09/16/2010 15:01:11,XHW0498,PC-9840,Disconnect
device,{U1W7-M9YX82JV-4524YSUT},09/16/2010 15:04:45,XHW0498,PC-9840,Connect
device,{M6F9-X5DD99QN-3161JHES},09/16/2010 16:44:30,XHW0498,PC-9840,Disconnect
device,{R6Q1-S3QR54TJ-3216HRTA},09/23/2010 10:35:46,XHW0498,PC-9840,Connect
device,{L5T2-W2NC44JM-1766TBGB},09/23/2010 11:03:10,XHW0498,PC-9840,Disconnect
device,{K9Q9-Y6XF16HF-5362SEHI},09/23/2010 11:48:31,XHW0498,PC-9840,Connect
device,{L2K8-M1QK63HI-5383VLMN},09/23/2010 12:54:19,XHW0498,PC-9840,Disconnect
device,{L5I9-Q6VB52DF-7433LLRF},09/23/2010 13:14:42,XHW0498,PC-9840,Connect
device,{X8V5-Y4DS82QM-3144YGLZ},09/23/2010 13:17:46,XHW0498,PC-9840,Disconnect
device,{P4Q9-W5DC25RW-8142JCUF},09/23/2010 14:52:12,XHW0498,PC-9840,Connect
device,{B7Z7-Y1IM58EJ-6926FNHM},09/23/2010 15:49:39,XHW0498,PC-9840,Disconnect
device,{E5T5-J7CZ35LF-4032LGPO},09/23/2010 15:56:11,XHW0498,PC-9840,Connect
device,{R5M0-F1ND67KY-7997IOZM},09/23/2010 15:57:58,XHW0498,PC-9840,Disconnect
device,{D6O3-J2ON87SS-6473RJRS},10/06/2010 10:33:25,XHW0498,PC-9840,Connect
device,{K1G6-T6AI16GD-9529GIVE},10/06/2010 10:45:15,XHW0498,PC-9840,Disconnect
device,{U2I9-U5MK22ZA-2922NHSQ},10/06/2010 12:02:07,XHW0498,PC-9840,Connect
device,{K8T6-X9CW16GM-9338KDNT},10/06/2010 12:45:39,XHW0498,PC-9840,Disconnect
device,{X9B4-Q6YN83AF-9869ENSI},10/06/2010 13:37:57,XHW0498,PC-9840,Connect
device,{M5P4-G4XF94NM-5869PACG},10/06/2010 14:10:04,XHW0498,PC-9840,Disconnect
device,{U7M5-K9NH19LR-3905XDYL},10/06/2010 15:35:36,XHW0498,PC-9840,Connect
device,{V5R7-K5AS68UC-4032FQZP},10/06/2010 15:38:59,XHW0498,PC-9840,Disconnect
device,{W3S2-K3ZP46PA-7501SUNL},10/06/2010 15:47:46,XHW0498,PC-9840,Connect
device,{N1T9-T0PI06BO-9585ETAU},10/06/2010 16:05:32,XHW0498,PC-9840,Disconnect
