type,id,date,user,pc,activity
device,{N7J9-I7GG46QH-5022MPKI},09/03/2010 10:51:22,DIB0285,PC-1268,Connect
device,{Q1V4-X8JY66QX-1736HMIA},09/03/2010 11:09:38,DIB0285,PC-1268,Disconnect
device,{K1O6-V0BH93TN-4357ZAHR},09/03/2010 11:21:27,DIB0285,PC-1268,Connect
device,{P9T8-R1GS38DV-6538KPDU},09/03/2010 11:28:51,DIB0285,PC-1268,Disconnect
device,{U3V3-N1ID54DA-5316YMKP},09/03/2010 12:17:57,DIB0285,PC-1268,Connect
device,{A2V3-J5BG57MZ-8510HJDN},09/03/2010 12:34:05,DIB0285,PC-1268,Disconnect
device,{J8S8-C1IP97NR-8612XVOJ},09/03/2010 13:43:07,DIB0285,PC-1268,Connect
device,{W9X6-T4IR24HJ-3868HMVX},09/03/2010 13:58:04,DIB0285,PC-1268,Disconnect
device,{D3R2-L0WC42OT-0428SJIO},09/03/2010 14:22:06,DIB0285,PC-1268,Connect
device,{I2F1-Y6LV29NT-8236PBYM},09/03/2010 14:30:35,DIB0285,PC-1268,Disconnect
device,{F4G7-C6QL77WT-7737VEAD},09/07/2010 09:12:26,DIB0285,PC-1268,Connect
device,{F2H6-X8IL18QX-7402FMWC},09/07/2010 09:31:09,DIB0285,PC-1268,Disconnect
device,{I7W3-N8DO98MW-6545LKRF},09/07/2010 11:19:20,DIB0285,PC-1268,Connect
device,{B5P3-Y3FW46FJ-4651AYFO},09/07/2010 11:23:39,DIB0285,PC-1268,Disconnect
device,{K2U8-I0TF25NK-3504YXPZ},09/07/2010 11:59:30,DIB0285,PC-1268,Connect
device,{R7K2-R9TC65ML-9365GZLR},09/07/2010 11:59:36,DIB0285,PC-1268,Disconnect
device,{B3R4-T7OF61SN-6564PTSK},09/07/2010 12:57:49,DIB0285,PC-1268,Connect
device,{A4L9-K1ZT27YP-2477BKXU},09/07/2010 13:10:00,DIB0285,PC-1268,Disconnect
device,{G5Z1-Y1ZV51FT-2317MXCN},09/07/2010 13:33:37,DIB0285,PC-1268,Connect
device,{O1J2-Q8CS69XP-1447VIUT},09/07/2010 13:42:57,DIB0285,PC-1268,Disconnect
device,{E3J2-X4PA21QU-0292PJAN},09/07/2010 14:46:30,DIB0285,PC-1268,Connect
device,{Q0V0-R8RN57EM-7021MACL},09/07/2010 15:14:47,DIB0285,PC-1268,Disconnect
device,{J0J9-J1HN52ZW-9646ZOLV},09/07/2010 15:47:00,DIB0285,PC-1268,Connect
device,{E6S9-D0NL84WG-5702ZGPE},09/07/2010 15:51:59,DIB0285,PC-1268,Disconnect
device,{K8G7-K2PH87QX-9948QFEX},09/07/2010 17:39:30,DIB0285,PC-1268,Connect
device,{D9D9-X7BX17PA-9395CGGJ},09/07/2010 18:00:38,DIB0285,PC-1268,Disconnect
device,{B6R5-G2JP25DS-1076EXOP},09/08/2010 10:17:14,DIB0285,PC-1268,Connect
device,{A8Q7-W6EA64VZ-7396ETDP},09/08/2010 10:30:10,DIB0285,PC-1268,Disconnect
device,{S1G7-V2WK66MF-2483WLEC},09/08/2010 11:51:14,DIB0285,PC-1268,Connect
device,{E6I9-O8WH45UX-8824IDNH},09/08/2010 12:06:40,DIB0285,PC-1268,Disconnect
device,{V2C4-E8VP36PW-2095RTUE},09/08/2010 12:50:00,DIB0285,PC-1268,Connect
device,{Q7B8-O3PL04PA-5235HSYT},09/08/2010 12:54:26,DIB0285,PC-1268,Disconnect
device,{D4B7-J3XW82AY-0921NETJ},09/08/2010 14:22:57,DIB0285,PC-1268,Connect
device,{E6U1-R7KU78MG-1983YODA},09/08/2010 14:33:15,DIB0285,PC-1268,Disconnect
device,{L3Q4-O6SY58VQ-4924BXSH},09/08/2010 17:23:48,DIB0285,PC-1268,Connect
device,{A6H7-X4IX70HA-7631OLRY},09/08/2010 17:49:33,DIB0285,PC-1268,Disconnect
device,{K2A7-E3ZC31MH-2298BTWH},09/10/2010 11:16:16,DIB0285,PC-1268,Connect
device,{Z7K3-R1SB43IK-1242EPIP},09/10/2010 11:53:10,DIB0285,PC-1268,Disconnect
device,{X5H6-M7KK42JN-2609SVDY},09/10/2010 12:10:40,DIB0285,PC-1268,Connect
device,{B0L5-B3QK20SW-6127TTVT},09/10/2010 12:41:15,DIB0285,PC-1268,Disconnect
device,{A3N2-F2AC14OC-7282FKJY},09/10/2010 14:58:07,DIB0285,PC-1268,Connect
device,{J6D1-F1RY98FH-1242SYNQ},09/10/2010 16:30:44,DIB0285,PC-1268,Disconnect
device,{J5B6-U2QD18XO-5491UWRF},09/10/2010 16:46:38,DIB0285,PC-1268,Connect
device,{P4V1-Z4CL21BJ-3386DICI},09/10/2010 17:08:51,DIB0285,PC-1268,Disconnect
device,{N1K6-L9NJ93HN-6724ZWYP},09/10/2010 17:24:35,DIB0285,PC-1268,Connect
device,{O4M5-J7LA36CT-6979YNLG},09/10/2010 17:49:11,DIB0285,PC-1268,Disconnect
device,{C9I4-E3MK43PH-1001VGQG},09/13/2010 11:03:09,DIB0285,PC-1268,Connect
device,{B5I0-Y6QD65KO-3897UPCM},09/13/2010 11:25:55,DIB0285,PC-1268,Disconnect
device,{Q2Q1-P0KX20MU-4172CNUA},09/13/2010 11:44:17,DIB0285,PC-1268,Connect
device,{Q7E8-K8UP87RY-7049RCFB},09/13/2010 12:16:28,DIB0285,PC-1268,Disconnect
device,{L6N4-P9DO90OH-4770FOLH},09/13/2010 12:16:47,DIB0285,PC-1268,Connect
device,{F3H0-F6DB47IE-3739WJMR},09/13/2010 12:23:51,DIB0285,PC-1268,Disconnect
device,{M2F2-D1ET34CO-9665RHEZ},09/13/2010 13:26:30,DIB0285,PC-1268,Connect
device,{J2I3-J8HN77ZJ-0044MQJG},09/13/2010 13:37:55,DIB0285,PC-1268,Disconnect
device,{M9G4-T5SL58HO-7397KKVK},09/13/2010 17:04:02,DIB0285,PC-1268,Connect
device,{O0T6-W2IF23QP-7019KDSK},09/13/2010 17:13:29,DIB0285,PC-1268,Disconnect
