type,id,date,user,pc,activity
device,{U3O8-U4FQ25MC-7736LHDL},07/21/2010 10:33:01,LCC0819,PC-8192,Connect
device,{K0F6-V5RL28QJ-2465ABGR},07/21/2010 10:49:33,LCC0819,PC-8192,Disconnect
device,{J5D4-L7CJ16LG-2761VPZA},07/21/2010 12:55:32,LCC0819,PC-8192,Connect
device,{H9O7-C2TN74ZE-3386YJEC},07/21/2010 13:17:10,LCC0819,PC-8192,Disconnect
device,{T9O4-R9MR71GW-9685JPGA},07/21/2010 14:43:50,LCC0819,PC-8192,Connect
device,{B9N8-U3YW53EK-0721MPRH},07/21/2010 15:50:47,LCC0819,PC-8192,Disconnect
device,{I2W0-C0LY50OY-9899YHXB},07/21/2010 16:23:10,LCC0819,PC-8192,Connect
device,{C3W4-Z3HO75DI-1640GHNH},07/21/2010 16:41:38,LCC0819,PC-8192,Disconnect
device,{D6L3-X2HQ79AD-7259CYPT},07/21/2010 18:32:55,LCC0819,PC-8192,Connect
device,{F0M8-X9NM20UD-3599CCQL},07/21/2010 18:55:58,LCC0819,PC-8192,Disconnect
device,{M3K5-N0OY03LJ-2756OFZV},07/26/2010 08:47:16,LCC0819,PC-8192,Connect
device,{O6O2-P7DY08NE-3093UTEN},07/26/2010 09:35:41,LCC0819,PC-8192,Disconnect
device,{P2G9-S6ML52EK-8692TBKS},07/26/2010 10:10:23,LCC0819,PC-8192,Connect
device,{E5S9-I8BO19RK-6661NIGJ},07/26/2010 10:29:23,LCC0819,PC-8192,Disconnect
device,{G1A2-S5EQ63OO-1747CXDT},07/26/2010 10:58:39,LCC0819,PC-8192,Connect
device,{N4R3-Y9SH69GT-6684HTWJ},07/26/2010 11:00:09,LCC0819,PC-8192,Disconnect
device,{W4O8-I1GR93XY-8893LFLW},07/26/2010 11:19:57,LCC0819,PC-8192,Connect
device,{R6J6-Y3OS45NX-1928ATLK},07/26/2010 11:47:04,LCC0819,PC-8192,Disconnect
device,{Q1R3-Q0FM56EO-5720KCFT},07/26/2010 16:08:37,LCC0819,PC-8192,Connect
device,{I1O1-D6DR50PT-2988NWBG},07/26/2010 16:35:27,LCC0819,PC-8192,Disconnect
device,{F6T6-O2MG72DL-1891YTJX},07/26/2010 17:18:10,LCC0819,PC-8192,Connect
device,{S8M8-M3VJ42IF-1046PXXF},07/26/2010 17:19:43,LCC0819,PC-8192,Disconnect
device,{V8V3-H7BN97MZ-4264RXZJ},07/28/2010 11:33:08,LCC0819,PC-8192,Connect
device,{R7G5-E8EM18VA-6207HQEC},07/28/2010 11:51:40,LCC0819,PC-8192,Disconnect
device,{W7M6-H3VW29VJ-3107NOEK},07/28/2010 11:57:03,LCC0819,PC-8192,Connect
device,{J4T9-P7NT75MP-1300YZWB},07/28/2010 12:42:32,LCC0819,PC-8192,Disconnect
device,{X0P9-S6HV61VK-8004UGXW},07/28/2010 12:45:19,LCC0819,PC-8192,Connect
device,{U2L8-Y1RO46TJ-0605MUNB},07/28/2010 12:54:25,LCC0819,PC-8192,Disconnect
device,{V4G0-B2MO20MJ-9872GADV},07/28/2010 15:46:12,LCC0819,PC-8192,Connect
device,{M5S1-A4SL82MJ-8246RIYM},07/28/2010 16:15:32,LCC0819,PC-8192,Disconnect
device,{S0Z3-T2BH46LZ-9949NGLP},07/28/2010 16:37:56,LCC0819,PC-8192,Connect
device,{A0C5-W2SR88TZ-2952RPTU},07/28/2010 17:06:44,LCC0819,PC-8192,Disconnect
device,{V0Z8-F1CG34DL-8706BQSD},07/28/2010 17:22:00,LCC0819,PC-8192,Connect
device,{L7U5-I3LL85EJ-9122WJAQ},07/28/2010 17:22:17,LCC0819,PC-8192,Disconnect
device,{T9X9-T3JO84LN-8139HVCT},07/28/2010 18:54:44,LCC0819,PC-8192,Connect
device,{N2Z7-E3CY54LB-4492FNIT},07/28/2010 19:14:57,LCC0819,PC-8192,Disconnect
device,{P4H8-O6WB65BF-2202ZHOA},07/28/2010 19:22:06,LCC0819,PC-8192,Connect
device,{L9Z9-N0CX84LU-2471IRWY},07/28/2010 19:23:39,LCC0819,PC-8192,Disconnect
device,{T0Q7-M8CW97RY-1866XAFC},07/30/2010 11:46:31,LCC0819,PC-8192,Connect
device,{B9I0-D0FV92MM-4175FHXN},07/30/2010 12:00:29,LCC0819,PC-8192,Disconnect
device,{T9B8-I2BY35SJ-7283QGQA},07/30/2010 12:02:12,LCC0819,PC-8192,Connect
device,{V4K4-X0MA35WY-1239GNHD},07/30/2010 13:04:51,LCC0819,PC-8192,Disconnect
device,{B7D8-K1OZ97QD-1302EOSH},07/30/2010 13:19:37,LCC0819,PC-8192,Connect
device,{D8K7-S1PS18WR-3936WCEX},07/30/2010 13:51:33,LCC0819,PC-8192,Disconnect
device,{M8Y1-K5EI88HG-5928WQJC},07/30/2010 14:18:26,LCC0819,PC-8192,Connect
device,{S8D2-M7RI28QR-2931ONBK},07/30/2010 15:27:23,LCC0819,PC-8192,Disconnect
device,{J3M4-V5QH45AI-8382CUST},07/30/2010 15:57:18,LCC0819,PC-8192,Connect
device,{K8M2-X4DC13ZJ-8231NJIM},07/30/2010 16:25:51,LCC0819,PC-8192,Disconnect
device,{E0N8-R1WF70WB-4131OYDP},07/30/2010 17:23:46,LCC0819,PC-8192,Connect
device,{O3G4-B6HZ30AT-0206GZJU},07/30/2010 17:39:38,LCC0819,PC-8192,Disconnect
device,{S5T6-K9OT78AF-3482RTST},08/02/2010 09:11:07,LCC0819,PC-8192,Connect
device,{Q3C0-Z0WM43KM-6977QDCC},08/02/2010 10:25:51,LCC0819,PC-8192,Disconnect
device,{P6I9-W7HP49YL-0007VNXG},08/02/2010 11:23:51,LCC0819,PC-8192,Connect
device,{X6D9-V6IR59AN-9024CNWX},08/02/2010 12:08:53,LCC0819,PC-8192,Disconnect
device,{E0V1-T7CY60QO-4985IMTP},08/02/2010 12:23:14,LCC0819,PC-8192,Connect
device,{X8P4-N9LP56PH-3043HDFP},08/02/2010 12:26:16,LCC0819,PC-8192,Disconnect
device,{R0O9-I9AC66RV-6292NOLM},08/02/2010 15:31:43,LCC0819,PC-8192,Connect
device,{G2G5-C1YN23DG-0675NRSN},08/02/2010 15:44:23,LCC0819,PC-8192,Disconnect
device,{H0W2-Q2QB49QN-5331NANL},08/02/2010 15:53:50,LCC0819,PC-8192,Connect
device,{E0O4-I7GX53CJ-4919ITFC},08/02/2010 16:23:04,LCC0819,PC-8192,Disconnect
device,{D9Q1-S9TK70MN-6281RZRU},08/02/2010 19:10:08,LCC0819,PC-8192,Connect
device,{H0A9-C0WY42IC-8405BGPF},08/02/2010 19:33:02,LCC0819,PC-8192,Disconnect
device,{D5S1-Q3PK28HH-9217EQPA},08/10/2010 09:42:14,LCC0819,PC-8192,Connect
device,{C6X7-R2AS66BK-3439BARS},08/10/2010 09:51:37,LCC0819,PC-8192,Disconnect
device,{X4Z9-F3WU23UA-1291OGDY},08/10/2010 10:18:21,LCC0819,PC-8192,Connect
device,{Y9Y4-Y7RP34XH-9891CRCW},08/10/2010 10:19:41,LCC0819,PC-8192,Disconnect
device,{P5A8-J6HP38SP-5141HEBA},08/10/2010 12:25:39,LCC0819,PC-8192,Connect
device,{K4E5-I3QZ77TT-8517XLOD},08/10/2010 12:42:29,LCC0819,PC-8192,Disconnect
device,{A2B1-J6GG91HJ-9775CCYB},08/10/2010 16:30:32,LCC0819,PC-8192,Connect
device,{H2T6-F2GW99UE-9869CUZZ},08/10/2010 17:00:01,LCC0819,PC-8192,Disconnect
device,{U0V3-B6RU23PB-5267CCWG},08/10/2010 18:02:21,LCC0819,PC-8192,Connect
device,{J8F3-D6TK32DW-0206PMQY},08/10/2010 18:05:33,LCC0819,PC-8192,Disconnect
device,{X6D9-F9OK36SG-2461ZLHF},08/10/2010 18:29:31,LCC0819,PC-8192,Connect
device,{R0N1-L7IC79BT-6151QPGK},08/10/2010 18:31:17,LCC0819,PC-8192,Disconnect
