type,id,date,user,pc,to,cc,bcc,from,size,attachments,content
email,{O0G0-X2RR69OB-8233IAEW},06/23/2010 15:55:55,LCC0819,PC-8192,EBB6218@lockheedmartin.com,,,Leslie.Cassandra.Colon@dtaa.com,53061,0,analyze resume sales years growth opening develop customer degree guidance responsibilities required team skills on-time equivalent customer permanent technologies customer resume report resume initiative experience guidance job concepts team on-time responsibilities strong start team sales management team skills responsibilities process years platform engineer sales job concepts resume skills dynamic on-line years develop starter permanent compensation benefits
email,{P7C9-W6ZE56WC-3362IMVJ},06/23/2010 17:11:09,LCC0819,PC-8192,EBB6218@lockheedmartin.com,,,Leslie.Cassandra.Colon@dtaa.com,22550,0,interface skills multitask analyze multitask sales people guidance engineer start sales concepts process benefits experience responsibilities passion report technologies growth benefits people platform experience technologies initiative customer permanent on-time permanent platform contribute start start self team technologies multiple responsibilities skills industry growth contribute platform on-time engineer team initiative resume responsibilities on-time hours on-time initiative compensation customer start skills responsibilities
email,{Z7E3-E1WZ62KM-6848XXOX},06/29/2010 15:25:46,LCC0819,PC-8192,EBB6218@lockheedmartin.com,,,Leslie.Cassandra.Colon@dtaa.com,42524,0,multiple years contribute strong customer years self report opening equivalent degree self people contribute management sales multitask salary self develop strong concepts growth opening multiple concepts self starter equivalent people growth salary start platform interface strong on-line resume sales on-time opening compensation resume degree
email,{A3C5-C8EF34LI-3775AXKX},06/29/2010 18:48:14,LCC0819,PC-8192,EBB6218@lockheedmartin.com,,,Leslie.Cassandra.Colon@dtaa.com,18356,0,job industry dynamic growth concepts opening permanent salary equivalent develop management customer degree job sales dynamic management compensation develop equivalent compensation benefits concepts dynamic permanent multitask resume degree job analyze responsibilities
email,{E5I4-T2IT59QQ-7262UQZV},06/29/2010 20:13:35,LCC0819,PC-8192,EBB6218@lockheedmartin.com,,,Leslie.Cassandra.Colon@dtaa.com,21530,0,job platform dynamic years sales guidance strong hours resume dynamic multitask resume degree years passion skills skills benefits compensation multitask people job resume resume job multitask permanent multiple multiple years develop responsibilities contribute technologies years strong multitask report required multiple compensation strong customer start skills required passion experience experience initiative experience skills hours multitask skills degree passion growth responsibilities benefits strong
email,{L0L3-B0AZ88SA-0942JMZO},07/01/2010 08:57:11,LCC0819,PC-8192,EBB6218@lockheedmartin.com,,,Leslie.Cassandra.Colon@dtaa.com,38557,0,skills years self required skills multiple team required report dynamic hours skills equivalent interface technologies team analyze part-time customer job starter skills report skills platform required skills degree required permanent people team multitask sales expert passion contribute contribute passion start technologies concepts sales starter on-time relocation benefits contribute responsibilities develop industry start opening management sales years opening strong start equivalent resume skills multitask engineer
email,{M5D5-U6YK46TC-0666OCBK},07/01/2010 13:26:31,LCC0819,PC-8192,EBB6218@lockheedmartin.com,,,Leslie.Cassandra.Colon@dtaa.com,41606,0,guidance responsibilities process contribute opening job sales passion contribute responsibilities team passion platform team process degree report report team platform multitask develop team on-time contribute start strong experience dynamic equivalent permanent contribute platform skills process job multiple years compensation sales on-time starter on-line strong process job skills technologies self people strong concepts expert initiative contribute skills start customer skills benefits customer develop concepts responsibilities
email,{J7R2-N9TF63ZE-2644QOFU},07/02/2010 15:21:35,LCC0819,PC-8192,EBB6218@lockheedmartin.com,,,Leslie.Cassandra.Colon@dtaa.com,21301,0,people sales develop team strong concepts strong visual sales team concepts develop responsibilities engineer platform required management passion opening analyze years responsibilities initiative guidance interface contribute management dynamic skills technologies team initiative experience initiative start responsibilities management growth expert concepts growth concepts develop degree required opening dynamic required
email,{W1S3-L0EW43XQ-6626BMSZ},07/02/2010 20:13:58,LCC0819,PC-8192,EBB6218@lockheedmartin.com,,,Leslie.Cassandra.Colon@dtaa.com,19632,0,responsibilities platform start multitask interface skills starter skills growth start customer report management hours industry initiative multiple resume permanent permanent team required multitask multiple degree compensation initiative required on-time benefits skills years recruiter on-time equivalent compensation team degree degree job sales people job experience interface dynamic management job start passion report equivalent platform resume part-time
email,{X2Y0-K2QZ15PS-1017NXWU},07/02/2010 20:26:38,LCC0819,PC-8192,EBB6218@lockheedmartin.com,,,Leslie.Cassandra.Colon@dtaa.com,24546,0,salary starter job initiative interface multitask multitask platform benefits recruiter job equivalent start salary interface people customer dynamic dynamic report management required degree multiple resume degree team permanent guidance sales hours skills contribute technologies multitask contribute years technologies process technologies platform experience report management customer passion
email,{U0I6-R7ES48YF-0607ZXPN},07/06/2010 12:47:03,LCC0819,PC-8192,EBB6218@lockheedmartin.com,,,Leslie.Cassandra.Colon@dtaa.com,43765,0,years strong industry industry platform relocation opening resume degree team job customer management resume visual sales job passion contribute expert years skills benefits team hours degree degree industry resume job growth required guidance benefits develop develop years call report team hours required hours experience experience degree sales experience multiple hours technologies on-line team
email,{L2Q8-P8LS97ST-9659VODO},07/08/2010 12:39:22,LCC0819,PC-8192,EBB6218@lockheedmartin.com,,,Leslie.Cassandra.Colon@dtaa.com,23659,0,team report process starter part-time initiative concepts opening skills multitask opening opening years self dynamic skills visual degree degree develop technologies team responsibilities degree responsibilities resume experience responsibilities start analyze analyze resume management expert opening opening customer develop strong responsibilities platform report passion experience multiple dynamic degree experience responsibilities job platform experience guidance resume required platform years concepts equivalent
email,{V0G4-E2AM53WM-3297PJNP},07/08/2010 12:49:58,LCC0819,PC-8192,EBB6218@lockheedmartin.com,,,Leslie.Cassandra.Colon@dtaa.com,25266,0,interface multitask benefits benefits contribute platform team multiple strong analyze job contribute interface initiative concepts growth benefits responsibilities experience growth platform sales skills multitask resume industry visual analyze benefits equivalent customer resume required self multitask dynamic equivalent management visual equivalent industry multiple initiative salary growth contribute multiple people concepts job degree passion
email,{O9B3-H7ZX72PX-1514HMEU},07/08/2010 18:01:38,LCC0819,PC-8192,EBB6218@lockheedmartin.com,,,Leslie.Cassandra.Colon@dtaa.com,43799,0,strong passion report platform analyze responsibilities experience technologies equivalent resume experience report analyze recruiter compensation job people technologies on-time analyze initiative strong degree analyze job platform team responsibilities people process
email,{R2Z3-V9YH40QN-6985ZFHQ},07/09/2010 11:25:25,LCC0819,PC-8192,EBB6218@lockheedmartin.com,,,Leslie.Cassandra.Colon@dtaa.com,23328,0,self process technologies team call analyze growth job experience growth resume industry sales skills permanent required on-time platform analyze compensation strong contribute degree team platform management permanent team analyze passion required required management skills on-time management hours develop contribute guidance experience experience management self benefits equivalent self opening equivalent on-time multiple customer
email,{Y2A6-C7PR90TH-4930HMNG},07/09/2010 16:37:36,LCC0819,PC-8192,EBB6218@lockheedmartin.com,,,Leslie.Cassandra.Colon@dtaa.com,16878,0,starter contribute passion concepts multitask passion initiative degree technologies visual experience degree experience passion equivalent equivalent equivalent platform hours contribute experience salary contribute interface people technologies strong opening responsibilities equivalent equivalent customer dynamic multiple skills expert guidance job opening contribute management customer
email,{J6P4-K3AJ87YP-1206LORJ},07/15/2010 15:52:37,LCC0819,PC-8192,EBB6218@lockheedmartin.com,,,Leslie.Cassandra.Colon@dtaa.com,53918,0,growth experience resume contribute develop permanent years on-time responsibilities strong degree expert multitask degree required develop on-time multitask strong contribute technologies start contribute on-time resume develop skills team analyze industry opening customer management years growth dynamic customer equivalent guidance resume growth platform concepts dynamic multitask required contribute platform guidance develop customer hours develop multitask required
email,{C7Y0-N9KG45XA-4112AMSX},08/02/2010 12:42:39,LCC0819,PC-8192,Sara.Gail.George@dtaa.com,,,Leslie.Cassandra.Colon@dtaa.com,17517,0,tender position opportunity interview opportunity tender of resign position letter interview letter resign letter position resign letter resign resign notice my 2 week position my my
