type,id,date,user,pc,url,content
http,{Y8O9-P6SF84KE-3749ZSJB},06/16/2010 11:39:58,LCC0819,PC-8192,http://aol.com/jobs/WboUhagvat1963819229.jsp,equivalent experience required degree degree passion develop analyze salary team multiple engineer starter resume resume guidance benefits develop multitask experience strong multitask resume equivalent skills customer team benefits team self technologies skills start opening sales industry expert customer degree team required interface analyze technologies years people people hours sales concepts hours interface job required skills industry management part-time technologies platform years
http,{N9H6-A6DX44HN-4273QWVY},06/16/2010 14:35:01,LCC0819,PC-8192,http://simplyhired.com/WboUhagvat57469130.jsp,passion initiative strong job team skills customer multitask resume dynamic multiple team dynamic multiple sales on-line experience team analyze experience equivalent industry customer management permanent required multitask degree degree multitask responsibilities expert engineer strong starter resume concepts sales industry multiple part-time
http,{W0I5-V9QV24QH-9154KCKH},06/16/2010 15:14:35,LCC0819,PC-8192,http://harris.com/WboUhagvat1919385663.htm,passion responsibilities contribute on-time permanent strong resume permanent skills experience sales report people multiple guidance strong resume contribute multiple contribute strong multitask skills skills skills equivalent equivalent multitask skills contribute customer platform report responsibilities contribute platform growth experience growth expert
http,{N6T3-P8PT64KO-4743FVJD},06/17/2010 13:22:27,LCC0819,PC-8192,http://careerbuilder.com/WboUhagvat660170997.htm,skills customer skills required starter process hours experience multiple years initiative growth starter platform experience resume benefits develop customer technologies relocation platform process guidance multitask opening start degree concepts benefits opening multiple job opening contribute experience initiative process analyze multitask
http,{C2N0-F1LG44TL-3753DWUT},06/17/2010 18:06:56,LCC0819,PC-8192,http://harris.com/WboUhagvat1919385663.htm,initiative resume expert start passion multiple skills job industry industry growth team job visual years benefits multitask technologies opening on-time years people hours skills analyze sales analyze job permanent interface equivalent develop degree resume guidance skills job multiple benefits start multiple expert part-time required guidance sales responsibilities multitask
http,{U9M6-M2XU03SM-2552UPOP},06/17/2010 18:44:01,LCC0819,PC-8192,http://job-hunt.org/WboUhagvat919122234.html,resume sales customer start years team platform technologies contribute part-time skills interface job years customer job multitask platform required dynamic resume report passion job start expert on-time permanent passion multitask expert analyze initiative interface people develop contribute resume develop strong equivalent benefits
http,{D3N4-C2SP90RZ-3070IWTW},06/18/2010 14:45:47,LCC0819,PC-8192,http://careerbuilder.com/WboUhagvat660170997.htm,industry sales dynamic industry technologies skills dynamic multitask analyze strong people team on-time develop experience develop multitask self responsibilities expert multiple interface job compensation industry interface management required team start responsibilities interface required initiative permanent sales equivalent growth responsibilities on-time responsibilities industry sales platform benefits job start required develop experience passion required experience industry growth degree
http,{A4Z1-C0DC59KR-6740FVWB},06/18/2010 18:50:07,LCC0819,PC-8192,http://jobhuntersbible.com/WboUhagvat1258877042.aspx,opening people report customer develop opening strong compensation people permanent required team years multitask skills team multitask people on-time equivalent benefits customer required skills experience skills concepts contribute interface multiple sales self start initiative start visual multitask opening experience resume
http,{A5X9-B4UV64IR-0475BHVZ},06/21/2010 09:29:01,LCC0819,PC-8192,http://simplyhired.com/WboUhagvat57469130.jsp,start growth on-time passion guidance job equivalent experience compensation permanent degree initiative guidance resume sales resume multiple opening dynamic management required guidance engineer concepts start technologies on-time permanent benefits dynamic guidance years multiple interface skills resume skills guidance part-time required equivalent starter passion guidance expert years starter industry self contribute guidance team required develop required years
http,{Y8E0-W6OC68CW-8459YIBQ},06/21/2010 09:38:06,LCC0819,PC-8192,http://simplyhired.com/WboUhagvat57469130.jsp,industry resume interface passion contribute analyze required industry multitask platform start develop management experience process multitask permanent team technologies team customer passion permanent technologies strong initiative technologies concepts sales salary growth resume on-time customer contribute job multitask benefits required report concepts multiple report
http,{Z0A0-L9UN05EA-2971YKDN},06/21/2010 17:23:30,LCC0819,PC-8192,http://harris.com/WboUhagvat1919385663.htm,opening develop strong required technologies passion salary salary required part-time skills years years concepts degree concepts platform analyze report technologies self equivalent benefits on-line passion resume benefits platform team salary initiative concepts benefits equivalent interface experience dynamic interface years skills on-time customer management
http,{H2S1-F3TP16VG-0243ELEK},06/21/2010 19:16:25,LCC0819,PC-8192,http://jobhuntersbible.com/WboUhagvat1258877042.aspx,interface people multiple job opening permanent technologies compensation people expert team on-line technologies experience job strong resume contribute permanent equivalent start part-time passion team technologies job years passion on-time starter opening experience growth growth permanent management concepts
http,{S1O4-G0VO75VS-8547KIRH},06/21/2010 20:18:21,LCC0819,PC-8192,http://hp.com/WboUhagvat1944152218.jsp,team experience multitask on-time management industry multitask platform concepts experience dynamic starter expert analyze salary call degree platform customer required required multiple experience job permanent develop multitask job benefits skills concepts part-time customer multiple customer opening relocation multitask years multiple multiple relocation experience multitask on-time develop
http,{C4O6-R7NC16SN-1380GQAO},06/22/2010 09:27:28,LCC0819,PC-8192,http://aol.com/jobs/WboUhagvat1963819229.jsp,guidance job multitask customer management guidance degree people skills skills degree starter expert interface responsibilities on-line multitask equivalent growth customer benefits report responsibilities initiative people team concepts equivalent multitask multitask job required job customer years interface
http,{Y0M5-W9WC27EI-6315JWIJ},06/22/2010 09:38:24,LCC0819,PC-8192,http://yahoo.com/hotjobs/WboUhagvat752138490.php,skills multiple benefits multiple multitask on-time industry develop analyze required degree initiative interface start customer people growth develop engineer required people years report multiple required analyze strong process degree process resume opening self passion equivalent guidance opening skills expert compensation responsibilities contribute resume interface expert contribute experience resume industry
http,{R6A2-G8WM35VT-6420HKFM},06/22/2010 10:37:05,LCC0819,PC-8192,http://job-hunt.org/WboUhagvat919122234.html,passion benefits permanent resume equivalent equivalent on-line benefits benefits responsibilities years interface customer interface guidance years guidance strong interface technologies guidance compensation multitask equivalent contribute opening contribute resume on-time resume technologies experience resume responsibilities industry years team concepts interface customer job technologies analyze multitask experience contribute contribute passion multitask
http,{A8G0-D5BH90CV-2343WXHG},06/22/2010 12:22:01,LCC0819,PC-8192,http://harris.com/WboUhagvat1919385663.htm,platform dynamic benefits experience expert hours management job years interface technologies interface passion degree platform years dynamic required initiative technologies resume start report team passion guidance process opening degree call strong strong analyze expert concepts dynamic report resume passion growth guidance process dynamic technologies develop dynamic starter
http,{K8W8-G3EE63QO-9196QGUL},06/22/2010 12:27:56,LCC0819,PC-8192,http://boeing.com/WboUhagvat1904327536.htm,team initiative team resume starter industry years concepts growth report sales resume process customer engineer multiple salary concepts opening years develop report degree interface platform technologies start on-time degree degree multiple industry industry interface team start dynamic experience required sales experience opening salary passion required initiative process growth concepts required
http,{U1P7-D0UU58VN-7983HHFT},06/22/2010 13:45:50,LCC0819,PC-8192,http://lockheedmartin.com/WboUhagvat1636367808.htm,interface engineer compensation job process benefits guidance process develop develop management people experience initiative equivalent industry interface experience technologies degree experience equivalent required resume part-time equivalent on-time start strong experience compensation concepts multitask dynamic responsibilities required growth management required technologies responsibilities hours skills compensation passion multitask opening
http,{Q1K9-X5AV69WX-5247UWHS},06/22/2010 13:52:07,LCC0819,PC-8192,http://jobhuntersbible.com/WboUhagvat1258877042.aspx,dynamic interface responsibilities concepts develop engineer analyze multiple platform on-time degree report resume industry management growth initiative required develop develop develop people initiative required skills technologies dynamic opening team passion starter analyze permanent contribute visual team hours develop contribute report multitask resume call customer concepts opening responsibilities growth opening degree self start multiple strong analyze industry equivalent
http,{H8V7-Z5UM29BW-4798GIFY},06/22/2010 17:22:38,LCC0819,PC-8192,http://job-hunt.org/WboUhagvat919122234.html,process passion passion develop resume job benefits multitask compensation dynamic resume strong analyze experience initiative degree develop develop customer skills required start report experience industry experience growth relocation skills responsibilities dynamic on-line years technologies industry on-line on-time contribute develop dynamic initiative opening customer equivalent contribute required responsibilities skills multitask opening required strong management report salary interface strong job multitask sales
http,{D9L5-Y9QK19SW-5146VTCI},06/22/2010 19:18:41,LCC0819,PC-8192,http://lockheedmartin.com/WboUhagvat1636367808.htm,recruiter team skills job technologies permanent skills engineer permanent expert experience multitask equivalent experience skills growth passion customer customer growth people customer skills benefits dynamic multitask develop team sales skills self initiative process benefits strong start initiative strong years experience experience technologies guidance initiative initiative start opening analyze strong strong platform develop years skills develop develop required team
http,{X5X3-M8BZ61HH-2331SHSO},06/23/2010 10:51:42,LCC0819,PC-8192,http://raytheon.com/WboUhagvat343187784.jsp,skills contribute passion engineer multiple contribute industry responsibilities salary responsibilities on-time degree team contribute call sales equivalent initiative experience strong responsibilities team guidance part-time experience salary skills people contribute develop experience interface technologies platform customer required platform technologies people platform technologies contribute degree
http,{R6Q5-Z1EK20MR-1270GLQD},06/23/2010 10:59:17,LCC0819,PC-8192,http://job-hunt.org/WboUhagvat919122234.html,self job people platform resume initiative years sales job recruiter job concepts passion customer develop concepts start report experience hours part-time management hours equivalent concepts sales strong develop degree initiative process multiple concepts industry team skills resume platform dynamic
http,{Y4M0-R2ED57VD-5714JYYP},06/23/2010 11:11:27,LCC0819,PC-8192,http://northropgrumman.com/WboUhagvat572113271.aspx,job passion equivalent report skills strong experience initiative management customer sales people on-line passion years multitask skills management opening salary platform people degree starter sales multitask opening salary multiple degree multitask process growth experience salary hours experience sales responsibilities contribute responsibilities resume salary on-time salary multitask customer starter passion opening years management growth initiative sales technologies opening starter interface experience concepts multiple
http,{P8W0-O0EZ15HC-4690JLMQ},06/23/2010 14:09:11,LCC0819,PC-8192,http://yahoo.com/hotjobs/WboUhagvat752138490.php,customer interface equivalent responsibilities strong required growth starter salary multitask hours concepts dynamic management resume strong experience experience report start strong starter people growth hours customer multitask guidance permanent sales call permanent equivalent develop job growth on-time technologies years concepts
http,{A9R0-E0UX94TW-4803TAXJ},06/23/2010 18:30:11,LCC0819,PC-8192,http://lockheedmartin.com/WboUhagvat1636367808.htm,on-time report management contribute initiative growth platform initiative passion job people benefits guidance multitask people hours passion expert years contribute dynamic on-time years contribute experience guidance responsibilities analyze analyze multitask people years industry expert strong strong concepts management initiative initiative technologies customer dynamic
http,{W4S6-E6JQ18ED-1416DMJW},06/23/2010 20:10:35,LCC0819,PC-8192,http://job-hunt.org/WboUhagvat919122234.html,multiple compensation growth multiple people job growth permanent industry benefits guidance initiative years concepts sales guidance concepts resume sales industry growth resume multiple starter on-time required multitask management multitask expert starter required degree contribute required passion degree skills experience visual permanent report required experience industry benefits degree permanent process guidance develop equivalent skills skills resume resume
http,{V5F0-Z3MH68HG-7557VABS},06/24/2010 10:52:55,LCC0819,PC-8192,http://linkedin.com/WboUhagvat1479839504.aspx,required benefits equivalent degree compensation benefits contribute required benefits multiple years start recruiter required multiple passion industry management growth contribute guidance years passion industry customer compensation strong relocation permanent resume compensation equivalent guidance industry platform contribute passion required concepts experience experience starter guidance contribute platform skills starter skills degree opening analyze initiative growth job dynamic management people
http,{S1Z7-O2WG40BD-7355SYDN},06/24/2010 13:33:34,LCC0819,PC-8192,http://careerbuilder.com/WboUhagvat660170997.htm,opening on-line visual skills benefits experience contribute responsibilities resume strong skills engineer years multiple multiple analyze equivalent required resume team required multitask growth initiative on-time multitask skills responsibilities job report sales people guidance job multitask report contribute dynamic contribute permanent customer degree management industry on-line opening skills recruiter multiple initiative job contribute contribute dynamic compensation
http,{M5A6-J1BL19DT-8190XFZY},06/24/2010 14:00:06,LCC0819,PC-8192,http://lockheedmartin.com/WboUhagvat1636367808.htm,multiple benefits develop analyze management recruiter customer management equivalent people degree job equivalent on-time resume interface equivalent required experience required growth initiative degree responsibilities customer growth call resume responsibilities people benefits multiple degree skills start
http,{E2N9-W9MS81DN-4100MQQY},06/24/2010 14:26:47,LCC0819,PC-8192,http://aol.com/jobs/WboUhagvat1963819229.jsp,management passion years required on-time experience platform report process industry benefits on-line permanent people strong salary multitask job sales concepts multitask dynamic years people passion permanent multitask contribute multitask report resume growth report team job equivalent customer on-line resume job self initiative interface passion industry passion platform part-time interface
http,{E7W7-S0ZP10CF-8042SERX},06/24/2010 14:48:22,LCC0819,PC-8192,http://boeing.com/WboUhagvat1904327536.htm,experience multitask resume multitask years degree team equivalent benefits on-time contribute opening years industry years skills contribute equivalent passion responsibilities multitask people equivalent starter growth responsibilities people opening start technologies equivalent resume sales concepts sales industry years multitask customer self growth guidance platform resume multitask passion compensation on-time report customer industry start
http,{R4U4-J2VB27BD-1146BOVI},06/24/2010 15:03:34,LCC0819,PC-8192,http://careerbuilder.com/WboUhagvat660170997.htm,responsibilities passion team management management years equivalent starter salary multiple technologies experience responsibilities benefits on-time guidance degree management industry customer growth develop contribute skills guidance expert dynamic start industry hours growth opening expert hours visual guidance multiple report management compensation
http,{S3M0-G5XE86AE-5544WJZQ},06/24/2010 17:41:16,LCC0819,PC-8192,http://lockheedmartin.com/WboUhagvat1636367808.htm,initiative multiple compensation job responsibilities develop report platform hours opening multitask people growth on-line industry concepts strong equivalent experience dynamic interface multiple benefits job strong self experience experience technologies management interface equivalent self relocation start years team required on-time management industry technologies develop responsibilities contribute develop multiple initiative degree develop experience salary strong years people start
http,{C8X8-T7RI89PU-1925DUQF},06/24/2010 19:42:49,LCC0819,PC-8192,http://boeing.com/WboUhagvat1904327536.htm,initiative dynamic required sales expert responsibilities people concepts degree develop report team required interface contribute salary concepts years call management opening job resume years skills guidance multitask industry permanent experience passion people strong contribute team interface management analyze develop on-time expert contribute start resume people sales visual engineer strong technologies resume opening analyze people team dynamic analyze growth resume platform skills team
http,{W1K3-A8XO08NY-8424JUUZ},06/25/2010 10:18:47,LCC0819,PC-8192,http://craigslist.org/WboUhagvat1105403916.aspx,dynamic degree responsibilities years degree degree guidance multiple people team develop start team platform required permanent job resume interface people degree expert years team dynamic people management concepts contribute equivalent passion opening permanent customer growth start multiple
http,{F3U9-Y0LZ84NF-3265NXZE},06/25/2010 11:00:21,LCC0819,PC-8192,http://yahoo.com/hotjobs/WboUhagvat752138490.php,benefits growth customer industry equivalent benefits passion benefits required opening develop job management people industry skills management skills sales contribute salary multiple starter industry job skills resume experience responsibilities people initiative passion on-time required relocation
http,{T8O9-C1WQ47SI-7809CFGV},06/25/2010 13:05:15,LCC0819,PC-8192,http://raytheon.com/WboUhagvat343187784.jsp,process benefits resume hours multitask develop initiative management interface degree resume experience opening contribute multiple benefits analyze multitask years permanent contribute people contribute sales relocation sales passion interface industry platform degree customer people start industry contribute degree experience degree
http,{F7O3-D1PO97AP-7092CHXA},06/25/2010 14:01:15,LCC0819,PC-8192,http://hp.com/WboUhagvat1944152218.jsp,growth opening responsibilities degree equivalent process part-time opening salary skills on-line experience people visual engineer permanent passion salary interface benefits customer required team develop years on-line dynamic years guidance experience concepts contribute report team hours contribute responsibilities
http,{U0M3-N7WZ59EE-7532TUKU},06/25/2010 15:39:55,LCC0819,PC-8192,http://lockheedmartin.com/WboUhagvat1636367808.htm,benefits initiative team degree growth experience strong multiple management multiple guidance platform interface compensation responsibilities required team expert people interface degree growth multiple people experience job recruiter people multitask start people platform job report contribute strong initiative growth contribute passion skills on-time technologies responsibilities strong growth skills responsibilities job report on-line experience passion process dynamic required on-line sales growth responsibilities skills technologies benefits people hours
http,{P2S6-G2DQ56GJ-3212VCTH},06/25/2010 18:28:18,LCC0819,PC-8192,http://raytheon.com/WboUhagvat343187784.jsp,permanent contribute years visual interface strong strong multiple on-time hours skills degree initiative industry strong industry develop skills hours technologies team required concepts industry permanent interface required on-time multitask on-time platform passion job equivalent dynamic interface customer multiple multiple customer salary process resume guidance on-time interface resume responsibilities guidance salary resume required years job skills people platform sales years degree multitask multitask
http,{R5U3-L5CZ45BF-2012GJLI},06/25/2010 18:29:59,LCC0819,PC-8192,http://aol.com/jobs/WboUhagvat1963819229.jsp,passion multiple strong salary years report multiple people years required strong team start concepts management on-time team guidance industry degree team benefits skills benefits sales skills hours develop hours start team on-time compensation equivalent dynamic responsibilities skills experience strong multitask multiple interface opening compensation opening resume team years interface team passion job sales strong resume
http,{R7F3-C5VL02RP-8689KDNE},06/28/2010 10:33:54,LCC0819,PC-8192,http://aol.com/jobs/WboUhagvat1963819229.jsp,opening sales contribute industry resume guidance on-time sales degree responsibilities permanent analyze people experience growth job required expert on-line customer growth contribute equivalent analyze responsibilities people strong multitask multitask industry report degree resume concepts growth customer years contribute experience technologies process platform required
http,{T7R2-H5HW98EP-7420BLMX},06/28/2010 10:49:41,LCC0819,PC-8192,http://northropgrumman.com/WboUhagvat572113271.aspx,multitask required dynamic develop customer years benefits passion required job platform contribute degree equivalent develop start customer skills team industry degree hours permanent multitask job benefits management concepts visual initiative opening interface starter concepts degree experience industry experience interface guidance opening resume guidance
http,{E4H6-A6PA09TF-3944RQUY},06/28/2010 11:59:33,LCC0819,PC-8192,http://jobhuntersbible.com/WboUhagvat1258877042.aspx,experience experience concepts equivalent skills concepts strong industry team customer job interface contribute technologies strong multitask team required permanent customer self multitask team job equivalent customer responsibilities equivalent guidance process sales skills initiative job on-time passion self contribute skills resume required process develop resume degree required sales relocation engineer customer responsibilities concepts report skills multitask customer dynamic management sales experience starter concepts benefits benefits job
http,{W7N2-F6WY88WH-5312FYBV},06/28/2010 14:12:53,LCC0819,PC-8192,http://boeing.com/WboUhagvat1904327536.htm,multiple initiative responsibilities opening required concepts contribute multitask resume required equivalent platform resume experience contribute guidance years dynamic platform resume people multiple equivalent analyze degree people responsibilities job technologies on-time industry permanent multitask degree team technologies required report concepts strong interface dynamic dynamic growth report
http,{R6S7-F1GB58KF-3629PBMF},06/28/2010 14:20:21,LCC0819,PC-8192,http://northropgrumman.com/WboUhagvat572113271.aspx,multitask years years customer strong resume analyze process skills responsibilities degree required experience skills years required years visual strong team process job required resume part-time starter hours management years passion resume on-time team dynamic strong years concepts industry permanent responsibilities multiple sales interface resume initiative compensation growth permanent degree engineer permanent skills concepts years
http,{C2U6-H1KC58EQ-0706HYKT},06/28/2010 14:23:40,LCC0819,PC-8192,http://simplyhired.com/WboUhagvat57469130.jsp,degree years passion sales start hours industry job opening degree contribute technologies growth strong job contribute equivalent passion develop passion starter process develop equivalent years job develop job report start salary skills permanent develop equivalent platform initiative analyze customer technologies sales required concepts responsibilities degree develop interface team multitask contribute skills
http,{W4L8-N7BX49IT-9111TCZB},06/28/2010 14:24:45,LCC0819,PC-8192,http://jobhuntersbible.com/WboUhagvat1258877042.aspx,skills opening customer report on-line sales platform process develop opening job required salary guidance guidance job growth dynamic years degree team expert hours skills dynamic resume experience contribute opening technologies
http,{J0F9-A2TM40MI-0270VKNR},06/28/2010 17:28:35,LCC0819,PC-8192,http://hp.com/WboUhagvat1944152218.jsp,team opening experience starter guidance experience multitask platform develop resume years required degree industry experience responsibilities visual strong sales experience dynamic responsibilities hours equivalent degree degree guidance benefits develop team initiative resume starter initiative team required team team part-time part-time contribute years starter job start degree equivalent customer multitask people resume report
http,{S4Z0-N7SL92TD-5647TTVL},06/28/2010 19:06:02,LCC0819,PC-8192,http://jobhuntersbible.com/WboUhagvat1258877042.aspx,self experience part-time initiative multitask management initiative job initiative sales report contribute opening technologies on-time passion expert platform develop skills team contribute years multitask starter responsibilities resume years salary compensation report resume people team interface recruiter technologies degree years responsibilities degree report customer
http,{G3L2-U4PC46DP-8596YXJW},06/29/2010 10:00:28,LCC0819,PC-8192,http://hp.com/WboUhagvat1944152218.jsp,responsibilities start skills skills team multiple team multiple experience passion starter team contribute team benefits management dynamic analyze growth years opening degree multiple salary years technologies compensation multiple management technologies start guidance multiple industry multitask passion industry part-time customer multitask passion responsibilities initiative expert sales on-time industry job required passion skills skills opening degree
http,{F4Q5-M2EG09MA-1061JINY},06/29/2010 15:45:42,LCC0819,PC-8192,http://aol.com/jobs/WboUhagvat1963819229.jsp,resume growth multitask concepts permanent relocation people responsibilities start resume guidance guidance multiple management team experience interface customer industry interface industry technologies degree required concepts industry technologies interface compensation report benefits sales self opening people on-time equivalent initiative experience initiative interface
http,{I5G1-Q5DS49EL-6180QQHO},06/30/2010 08:39:40,LCC0819,PC-8192,http://lockheedmartin.com/WboUhagvat1636367808.htm,contribute team resume responsibilities call multitask management skills degree on-time initiative skills multitask visual strong concepts resume sales concepts technologies permanent customer salary strong hours self guidance experience growth on-line platform engineer technologies concepts skills degree opening dynamic degree contribute industry platform benefits equivalent strong expert experience concepts equivalent resume contribute initiative concepts dynamic technologies self
http,{Q2V4-T4GE02GB-2634ZSVV},06/30/2010 09:10:10,LCC0819,PC-8192,http://harris.com/WboUhagvat1919385663.htm,responsibilities experience concepts sales technologies experience job visual growth interface relocation self analyze technologies responsibilities degree responsibilities degree develop multiple skills on-time permanent responsibilities customer multitask multiple contribute report years years team expert permanent job permanent job resume
http,{U3C6-P1XG55DI-4249TRNC},06/30/2010 09:12:26,LCC0819,PC-8192,http://lockheedmartin.com/WboUhagvat1636367808.htm,platform compensation contribute develop equivalent opening resume interface people management platform industry part-time hours team hours multiple team guidance required platform growth develop concepts salary skills starter equivalent experience interface job initiative multiple engineer multiple contribute required guidance part-time on-line interface process report analyze industry on-time responsibilities develop years start develop
http,{L1X2-P9KC65JF-4508DNKR},06/30/2010 10:58:59,LCC0819,PC-8192,http://craigslist.org/WboUhagvat1105403916.aspx,sales process start develop opening industry degree skills multitask expert management expert skills industry industry skills experience required job call job people sales strong engineer responsibilities sales multiple responsibilities responsibilities resume degree growth report customer management multitask years platform platform engineer passion strong multitask multitask
http,{P7W0-R0RH94SX-6652TPHI},06/30/2010 12:17:00,LCC0819,PC-8192,http://boeing.com/WboUhagvat1904327536.htm,responsibilities industry permanent experience strong resume job required develop growth process interface team dynamic process degree concepts dynamic management self team skills passion multitask technologies expert responsibilities strong job responsibilities equivalent team contribute industry skills opening permanent management benefits on-time customer management
http,{Z0P7-I1QE70JY-3937TGZS},06/30/2010 13:23:11,LCC0819,PC-8192,http://aol.com/jobs/WboUhagvat1963819229.jsp,sales skills interface job people part-time platform growth required salary benefits sales on-time dynamic part-time responsibilities team customer experience starter platform concepts skills customer engineer skills interface starter platform initiative start opening customer management skills concepts dynamic management multitask process
http,{N1D7-X2AS11TS-5273RDVK},06/30/2010 15:54:58,LCC0819,PC-8192,http://northropgrumman.com/WboUhagvat572113271.aspx,team passion multitask expert hours skills management analyze experience platform required multitask responsibilities platform industry dynamic multiple salary initiative platform multiple report starter people starter required resume job report resume report recruiter years sales contribute concepts skills years experience team permanent concepts process concepts job technologies job opening customer report multiple industry interface skills experience job sales dynamic on-time job
http,{X1Z4-B1ZD61NL-2740RMAF},06/30/2010 16:15:38,LCC0819,PC-8192,http://linkedin.com/WboUhagvat1479839504.aspx,on-line experience permanent engineer equivalent customer contribute platform skills sales multitask skills job job sales opening multitask passion growth multitask experience growth people sales degree multiple degree degree experience multitask contribute interface platform passion sales passion initiative years platform expert guidance concepts platform permanent self strong multitask skills concepts sales part-time report resume develop multitask technologies years team analyze
http,{U8U2-U1TJ04TJ-2033NPRK},06/30/2010 16:25:56,LCC0819,PC-8192,http://boeing.com/WboUhagvat1904327536.htm,responsibilities job team develop multitask job degree initiative benefits hours part-time on-time multiple equivalent resume industry dynamic growth permanent passion job technologies concepts required degree required contribute hours growth skills strong strong responsibilities platform skills people people industry responsibilities analyze compensation resume experience years customer multitask degree growth job benefits engineer growth platform hours start
http,{F5H7-V8PI96RB-4626ABKT},06/30/2010 17:30:26,LCC0819,PC-8192,http://harris.com/WboUhagvat1919385663.htm,resume platform passion process multitask sales responsibilities report skills contribute experience years multiple industry initiative people analyze resume management contribute required opening team benefits team visual strong resume platform contribute growth concepts interface customer analyze benefits compensation concepts on-time hours process responsibilities report visual expert years
http,{R7K9-L4XM04KP-6001YRWX},07/01/2010 12:16:46,LCC0819,PC-8192,http://raytheon.com/WboUhagvat343187784.jsp,experience job years responsibilities guidance resume guidance growth permanent required interface years multitask platform equivalent opening starter contribute benefits concepts process experience industry visual required salary platform concepts experience analyze contribute multiple platform contribute develop passion report experience concepts concepts
http,{Z6E8-S6AK95UA-4178HIEE},07/01/2010 13:32:02,LCC0819,PC-8192,http://simplyhired.com/WboUhagvat57469130.jsp,management resume report benefits permanent concepts concepts skills responsibilities multiple dynamic customer responsibilities initiative multitask on-time interface experience skills expert technologies skills industry passion platform team on-time sales degree salary permanent management industry opening develop opening salary call team people hours self required process part-time multitask skills required multiple recruiter team relocation multitask skills team initiative degree years concepts experience
http,{E1B4-E8FV39UB-1351INJF},07/01/2010 19:44:07,LCC0819,PC-8192,http://hp.com/WboUhagvat1944152218.jsp,initiative customer required degree analyze process industry skills opening job benefits required skills process customer experience compensation job interface report required initiative dynamic initiative start management management report interface process passion visual hours responsibilities permanent develop job hours multiple required start start multitask management degree multitask expert required visual start growth experience concepts years platform
http,{D4H4-N8VH68ZN-5143ZUDA},07/02/2010 10:00:07,LCC0819,PC-8192,http://careerbuilder.com/WboUhagvat660170997.htm,multitask sales platform report resume multitask management guidance multiple opening people years equivalent process report engineer years job benefits degree resume start job dynamic self management required benefits experience required process develop resume customer guidance passion concepts resume strong people people call industry degree analyze strong dynamic benefits customer team dynamic
http,{K8K9-A8SU25QG-0351AMFJ},07/02/2010 10:02:16,LCC0819,PC-8192,http://boeing.com/WboUhagvat1904327536.htm,multiple contribute skills dynamic initiative opening team multitask required responsibilities salary growth analyze part-time years hours interface concepts skills management on-time experience experience customer experience expert team passion sales responsibilities technologies experience job degree start resume equivalent contribute growth passion skills dynamic opening equivalent develop years skills required people concepts industry required team degree years experience skills customer responsibilities people skills interface
http,{S1X6-M5HI72NY-7278IVCM},07/02/2010 10:59:31,LCC0819,PC-8192,http://raytheon.com/WboUhagvat343187784.jsp,technologies report degree on-time required experience equivalent equivalent strong dynamic years resume expert engineer start required passion develop process salary on-line opening contribute industry develop analyze concepts concepts process industry customer responsibilities report required multitask customer multitask experience degree technologies resume team
http,{S0I7-L9TT32GQ-1168PXBT},07/02/2010 11:55:29,LCC0819,PC-8192,http://job-hunt.org/WboUhagvat919122234.html,strong responsibilities process strong develop experience analyze interface process years degree resume sales responsibilities responsibilities passion degree experience customer expert responsibilities sales passion on-time start multiple opening interface industry platform responsibilities guidance team start platform initiative interface job technologies multiple passion resume on-time initiative people guidance visual expert customer technologies concepts analyze develop concepts salary analyze concepts salary management
http,{J9T6-I7BH50DC-6171TYMK},07/02/2010 16:00:01,LCC0819,PC-8192,http://aol.com/jobs/WboUhagvat1963819229.jsp,growth resume dynamic resume on-time platform multiple expert initiative years develop responsibilities team job people opening required technologies permanent experience job initiative hours salary multitask customer expert job customer sales part-time expert benefits equivalent resume interface management responsibilities multitask develop management platform starter passion starter permanent self industry industry start on-time guidance platform equivalent management dynamic resume required degree concepts sales degree
http,{L5T5-C1WP34RI-5264USYN},07/02/2010 17:36:20,LCC0819,PC-8192,http://job-hunt.org/WboUhagvat919122234.html,management start resume opening customer report resume customer resume years degree years opening industry contribute growth degree industry required job opening experience develop compensation expert self required self multiple industry growth management job visual sales report industry part-time benefits team resume develop team responsibilities industry resume people opening people develop process contribute develop expert
http,{P5Y6-C3YB97ND-8171UCTK},07/02/2010 17:37:27,LCC0819,PC-8192,http://boeing.com/WboUhagvat1904327536.htm,analyze industry strong multiple strong expert required team guidance job opening equivalent people hours contribute dynamic passion opening strong strong concepts contribute industry industry develop required report skills job expert multiple strong multitask growth resume sales report
http,{S1E1-Q0IB46HI-9913KOSQ},07/06/2010 08:48:24,LCC0819,PC-8192,http://simplyhired.com/WboUhagvat57469130.jsp,responsibilities management required people degree years team years compensation process report start passion resume part-time permanent multiple required required years permanent salary management multitask people permanent technologies visual benefits industry report opening degree years platform hours on-time initiative people relocation resume expert multitask people
http,{A6F2-H3MH57WY-3264GIRY},07/06/2010 14:34:50,LCC0819,PC-8192,http://yahoo.com/hotjobs/WboUhagvat752138490.php,part-time concepts responsibilities management process degree years industry opening dynamic multitask required customer sales responsibilities industry degree start responsibilities part-time experience sales experience years equivalent sales technologies required technologies expert growth compensation platform experience multitask report develop management multitask responsibilities analyze experience skills benefits concepts concepts responsibilities required benefits responsibilities customer equivalent required skills growth responsibilities degree guidance on-line skills engineer develop platform guidance
http,{P8P4-A5NJ59IG-2021QZRE},07/06/2010 17:48:03,LCC0819,PC-8192,http://yahoo.com/hotjobs/WboUhagvat752138490.php,growth benefits dynamic contribute team expert experience team people contribute contribute starter resume expert industry passion growth technologies interface passion people team required opening multiple team resume skills opening technologies opening platform contribute skills contribute management initiative opening opening growth start on-line passion report contribute initiative concepts start
http,{U1T3-U1EY08ID-5192YMWP},07/06/2010 18:54:05,LCC0819,PC-8192,http://indeed.com/WboUhagvat1680703797.html,years guidance team people sales analyze equivalent platform start passion customer skills expert technologies on-time years part-time multiple skills equivalent start team visual growth hours salary resume opening people resume visual platform benefits dynamic opening on-time analyze develop contribute industry contribute experience report benefits dynamic required growth skills concepts team team technologies resume
http,{P8K1-W7JN69NV-2605VSSF},07/06/2010 19:17:33,LCC0819,PC-8192,http://boeing.com/WboUhagvat1904327536.htm,skills compensation engineer required skills sales compensation people degree required technologies interface people recruiter on-line salary part-time degree required experience develop skills develop team starter required degree growth management guidance benefits management develop job platform experience passion experience
http,{Q0Q8-X8QN63ZK-0397KUDE},07/07/2010 12:00:39,LCC0819,PC-8192,http://job-hunt.org/WboUhagvat919122234.html,industry resume resume relocation passion management responsibilities customer industry resume part-time platform team required interface part-time engineer multiple passion initiative analyze strong multiple job self concepts people compensation job concepts platform experience passion develop responsibilities start strong sales benefits management job starter skills on-line
http,{I9N1-R9OO55SX-7083OVSK},07/08/2010 13:16:27,LCC0819,PC-8192,http://harris.com/WboUhagvat1919385663.htm,skills expert team team relocation report benefits platform platform relocation sales starter technologies required required passion interface engineer growth customer degree salary skills report on-time required degree multiple dynamic strong passion passion report management multitask strong team job opening develop job resume resume permanent
http,{Y7Z7-T7JL97EF-4372MIZT},07/08/2010 13:21:48,LCC0819,PC-8192,http://simplyhired.com/WboUhagvat57469130.jsp,team opening required dynamic technologies contribute required degree responsibilities interface multitask platform management on-time dynamic team analyze permanent analyze experience contribute degree team management platform job equivalent experience develop salary develop responsibilities analyze concepts permanent experience report on-line on-time skills on-line multitask sales report sales responsibilities engineer concepts initiative process customer concepts sales start experience strong platform skills skills multiple call industry degree
http,{E1F0-D4LJ86WK-1256FSNT},07/08/2010 14:06:17,LCC0819,PC-8192,http://indeed.com/WboUhagvat1680703797.html,contribute concepts contribute required passion management management benefits team part-time experience interface platform expert people permanent interface people experience team growth responsibilities platform multitask growth experience strong required recruiter starter customer responsibilities sales concepts opening equivalent expert resume people customer equivalent benefits technologies responsibilities passion required
http,{I3Y1-H3UM78UX-4110ZVTA},07/08/2010 14:28:17,LCC0819,PC-8192,http://careerbuilder.com/WboUhagvat660170997.htm,contribute equivalent industry expert on-line experience job team experience multitask growth passion experience resume guidance strong strong people management equivalent experience benefits resume sales part-time on-time growth start technologies equivalent dynamic resume strong report responsibilities passion develop team expert multitask contribute experience on-time guidance analyze salary start sales growth permanent multitask compensation interface expert part-time experience strong multiple people years opening strong customer platform opening concepts
http,{L6O2-G5MO99RJ-9009ALZI},07/08/2010 15:50:14,LCC0819,PC-8192,http://yahoo.com/hotjobs/WboUhagvat752138490.php,customer platform customer required resume contribute on-time hours industry process customer strong benefits develop equivalent multiple part-time sales technologies platform skills team self degree management degree initiative degree sales dynamic people years dynamic develop experience dynamic initiative engineer years experience required report permanent analyze team platform process platform
http,{N6K7-Z9RR51IY-8937ZHYL},07/08/2010 16:00:38,LCC0819,PC-8192,http://lockheedmartin.com/WboUhagvat1636367808.htm,self industry opening passion degree years part-time dynamic multiple develop strong experience dynamic analyze start on-time guidance process strong concepts compensation self responsibilities develop responsibilities skills compensation develop responsibilities people process skills opening required opening hours interface multiple job strong opening report team sales people equivalent resume skills people start responsibilities salary industry strong
http,{N8W1-T2DD60AM-8159YSLV},07/08/2010 18:38:24,LCC0819,PC-8192,http://craigslist.org/WboUhagvat1105403916.aspx,equivalent management starter starter salary platform report technologies customer resume on-time hours process develop self permanent multiple multiple years industry job responsibilities report team resume concepts compensation equivalent interface opening years dynamic customer concepts permanent starter skills interface experience required resume job management
http,{T0N0-Y4TK12HY-8201DGJW},07/08/2010 18:57:27,LCC0819,PC-8192,http://harris.com/WboUhagvat1919385663.htm,opening required dynamic dynamic responsibilities skills experience process contribute skills experience years required equivalent people self skills opening team multitask salary years growth engineer degree multiple compensation responsibilities management starter growth skills job resume skills years technologies concepts management technologies develop initiative multiple management equivalent opening guidance responsibilities analyze
http,{Q8F7-Q5MF68QE-0795WEHK},07/09/2010 10:23:35,LCC0819,PC-8192,http://hp.com/WboUhagvat1944152218.jsp,salary opening degree customer skills degree expert part-time guidance people multitask expert dynamic multitask report process relocation technologies platform people growth customer passion resume equivalent team customer responsibilities opening management compensation on-time degree skills multiple dynamic compensation required multitask multiple expert team platform multiple customer recruiter equivalent people report required initiative equivalent start growth years
http,{H4D0-G7TW95WW-7642CYTP},07/09/2010 11:35:29,LCC0819,PC-8192,http://northropgrumman.com/WboUhagvat572113271.aspx,sales permanent call skills start concepts skills interface analyze develop part-time benefits passion report resume compensation multitask on-line platform customer customer growth required years passion report strong equivalent guidance years job responsibilities salary industry experience team compensation team strong years team permanent job expert platform team dynamic customer report contribute people equivalent report develop concepts interface skills permanent on-time process growth growth concepts required
http,{H2Y1-A9TB95AX-2176ALIF},07/09/2010 13:11:53,LCC0819,PC-8192,http://job-hunt.org/WboUhagvat919122234.html,degree develop expert multiple expert responsibilities required analyze recruiter multitask experience experience experience analyze people part-time team on-time benefits multitask start responsibilities passion resume experience degree team responsibilities skills people industry equivalent multitask required benefits call starter people multitask compensation self responsibilities multiple concepts expert degree growth equivalent years growth initiative experience technologies
http,{O2K5-I7GF90OA-9249AXPX},07/09/2010 20:16:01,LCC0819,PC-8192,http://harris.com/WboUhagvat1919385663.htm,sales visual team degree analyze permanent multitask industry multitask equivalent on-time interface benefits opening opening compensation technologies industry dynamic experience skills report report skills job job skills customer report salary team required opening contribute sales people benefits multitask skills years resume report permanent customer skills salary starter multiple multiple management customer
http,{O2V3-C3SK21ZQ-1784XQXG},07/12/2010 10:26:24,LCC0819,PC-8192,http://harris.com/WboUhagvat1919385663.htm,sales multiple passion on-time benefits opening resume on-line degree job degree growth contribute concepts job resume multiple dynamic develop technologies interface experience sales guidance process customer skills multiple industry multiple concepts responsibilities compensation resume team hours resume start passion guidance call multiple multitask required start responsibilities management develop on-time
http,{Z1P4-N4MS93PW-7624UHXG},07/12/2010 10:34:31,LCC0819,PC-8192,http://lockheedmartin.com/WboUhagvat1636367808.htm,management opening process resume part-time expert develop years experience concepts sales growth multiple on-time equivalent sales engineer team strong responsibilities responsibilities develop platform develop strong strong team part-time management required years opening
http,{V6I7-T4DS75QZ-0335DYKG},07/12/2010 12:44:49,LCC0819,PC-8192,http://harris.com/WboUhagvat1919385663.htm,job platform start self industry job process job contribute experience benefits permanent develop job concepts permanent experience concepts multiple required customer required growth resume skills initiative strong opening customer degree guidance initiative team multitask equivalent initiative team people experience analyze passion required skills job multitask sales multitask on-time multiple recruiter multiple sales benefits
http,{P6A9-M9OA23PD-8520VOXB},07/12/2010 17:55:29,LCC0819,PC-8192,http://harris.com/WboUhagvat1919385663.htm,experience strong years customer equivalent resume passion team resume industry resume report multiple multiple sales expert industry customer equivalent required experience required required sales skills customer job process permanent customer skills years opening opening start management multitask team dynamic job industry passion
http,{F5B9-P6BQ40SN-3636LQCI},07/13/2010 09:27:46,LCC0819,PC-8192,http://linkedin.com/WboUhagvat1479839504.aspx,develop start starter platform resume develop management skills develop experience degree industry relocation team equivalent management job degree growth experience part-time contribute multitask opening degree multiple start industry permanent develop years platform sales opening technologies industry expert part-time team growth resume job initiative team job customer opening concepts on-line sales hours experience contribute dynamic interface multiple interface dynamic develop
http,{Y3J5-I5VC83TW-4394CLBK},07/13/2010 16:25:44,LCC0819,PC-8192,http://linkedin.com/WboUhagvat1479839504.aspx,multiple industry self skills sales platform years job technologies passion management on-time benefits equivalent multiple sales develop years benefits customer resume experience technologies develop benefits platform sales multiple permanent equivalent resume analyze responsibilities degree multiple experience industry
http,{N5Z2-S4WA72MA-5725DIVI},07/13/2010 17:59:51,LCC0819,PC-8192,http://lockheedmartin.com/WboUhagvat1636367808.htm,strong growth benefits benefits benefits starter growth resume skills experience job team multitask concepts equivalent develop responsibilities passion on-time management growth expert skills technologies resume years years on-line experience job multiple expert contribute growth develop initiative management analyze
http,{Z9E1-E8GW86IE-1724FLBN},07/13/2010 19:46:35,LCC0819,PC-8192,http://craigslist.org/WboUhagvat1105403916.aspx,technologies opening opening experience required concepts on-line visual management opening multiple initiative expert management equivalent skills customer skills technologies management growth degree self resume dynamic expert degree management technologies self technologies customer responsibilities develop report report responsibilities multitask required customer equivalent opening required guidance
http,{T5Z6-Y4MG14PJ-3364LPVD},07/14/2010 16:18:21,LCC0819,PC-8192,http://linkedin.com/WboUhagvat1479839504.aspx,skills start industry required starter growth job multiple experience platform multitask platform engineer process skills process responsibilities equivalent multiple report required starter required opening multitask initiative relocation interface platform sales on-time report degree job customer multiple technologies sales opening resume people job growth develop responsibilities
http,{H9J5-Q8PX97EB-6620NPVI},07/15/2010 10:35:09,LCC0819,PC-8192,http://craigslist.org/WboUhagvat1105403916.aspx,equivalent experience start years platform sales responsibilities contribute expert platform hours industry equivalent multitask experience required passion opening experience contribute responsibilities technologies guidance permanent process customer sales strong years benefits starter growth people platform self industry customer guidance benefits industry process concepts growth contribute expert passion concepts multiple permanent report on-line skills sales benefits opening
http,{L8T5-T3GQ62TR-0931LTPK},07/15/2010 11:16:21,LCC0819,PC-8192,http://simplyhired.com/WboUhagvat57469130.jsp,on-line hours expert concepts growth degree required experience responsibilities sales required technologies growth strong platform industry concepts team hours on-time passion analyze sales experience guidance recruiter contribute industry years contribute equivalent multitask customer concepts growth contribute degree initiative required skills concepts technologies growth develop technologies on-time years on-time required experience team resume team interface interface contribute
http,{X1M8-R3IH73OC-5097RPGT},07/15/2010 11:46:09,LCC0819,PC-8192,http://monster.com/WboUhagvat1180707852.html,sales growth team growth report resume resume self industry process skills initiative experience experience report degree contribute develop engineer sales multiple opening report skills report initiative growth management passion opening industry guidance growth start strong permanent job management dynamic growth experience strong opening team guidance experience self multiple people resume hours people salary on-time required passion multiple responsibilities initiative team platform industry
http,{A7N0-F7LJ47YU-0390ORLY},07/15/2010 11:54:50,LCC0819,PC-8192,http://harris.com/WboUhagvat1919385663.htm,degree years process salary concepts equivalent degree interface multitask strong industry contribute growth strong resume degree strong degree industry expert job technologies customer visual industry growth multitask starter contribute multitask recruiter skills benefits compensation technologies skills benefits equivalent equivalent call growth required multitask develop strong years years resume responsibilities benefits multiple skills sales recruiter multitask dynamic experience initiative
http,{A7R7-I7AX86JT-0032RXKH},07/15/2010 12:03:54,LCC0819,PC-8192,http://boeing.com/WboUhagvat1904327536.htm,equivalent multitask years technologies passion team responsibilities on-line develop people salary industry degree salary technologies skills initiative engineer equivalent sales dynamic strong opening passion multiple people equivalent degree people permanent benefits resume initiative responsibilities strong process job engineer
http,{J5F5-F1CP74UJ-3774VPHE},07/15/2010 12:56:25,LCC0819,PC-8192,http://aol.com/jobs/WboUhagvat1963819229.jsp,concepts dynamic multitask benefits sales benefits team equivalent expert expert responsibilities start report customer equivalent process guidance guidance team develop resume resume expert dynamic analyze platform responsibilities job opening develop resume on-time passion management
http,{J9X6-Z8UQ61FT-6899UKBX},07/15/2010 13:52:43,LCC0819,PC-8192,http://hp.com/WboUhagvat1944152218.jsp,degree relocation technologies job expert required multiple multiple degree starter experience opening responsibilities experience required management responsibilities starter people strong multiple growth growth degree guidance interface on-time resume degree starter industry technologies required salary required multitask multitask management technologies hours sales years concepts expert
http,{Y6A1-E8AD54HE-0293LTAY},07/15/2010 15:44:46,LCC0819,PC-8192,http://jobhuntersbible.com/WboUhagvat1258877042.aspx,degree concepts technologies required process start experience dynamic skills skills interface growth expert multiple passion dynamic process part-time sales hours on-line sales expert years multiple equivalent report job strong required resume develop management experience responsibilities on-time team starter growth multiple customer report skills dynamic people self customer multitask relocation starter years industry guidance
http,{F9V2-Z5SQ64HB-1859JLUA},07/16/2010 10:33:20,LCC0819,PC-8192,http://boeing.com/WboUhagvat1904327536.htm,initiative salary visual experience industry experience management starter team job part-time recruiter management customer skills develop starter passion team platform hours multitask customer self team permanent management starter customer opening concepts sales experience industry sales relocation responsibilities resume equivalent engineer years on-line strong years multiple platform customer
http,{E2O7-M9TM55RK-8766LBRI},07/16/2010 14:04:33,LCC0819,PC-8192,http://lockheedmartin.com/WboUhagvat1636367808.htm,hours start starter passion growth multiple equivalent strong people required team start skills starter required guidance technologies analyze concepts multiple equivalent degree permanent expert initiative sales opening job people contribute technologies compensation hours platform industry develop equivalent process self start experience
http,{A8R0-O4CF66FO-8045NJLW},07/16/2010 15:37:11,LCC0819,PC-8192,http://raytheon.com/WboUhagvat343187784.jsp,required degree platform start experience resume concepts opening self resume develop part-time opening report customer develop people equivalent growth passion develop sales guidance interface opening initiative multitask multitask permanent salary guidance customer resume concepts start customer passion concepts opening experience on-time part-time growth concepts process customer technologies analyze develop multiple
http,{F6Z8-R8VB38LV-1519OMGD},07/16/2010 16:09:18,LCC0819,PC-8192,http://boeing.com/WboUhagvat1904327536.htm,resume skills required customer dynamic start develop years technologies contribute passion resume platform responsibilities permanent concepts job guidance required responsibilities multiple report start analyze develop team develop analyze on-line responsibilities concepts resume expert strong people starter on-time permanent develop degree people sales develop equivalent dynamic benefits benefits concepts
