type,id,date,user,pc,to,cc,bcc,from,size,attachments,content
email,{H5Y4-V1JW40FF-0585FOJH},10/11/2010 10:03:11,IUB0565,PC-5775,Harper-Sexton@harris.com,,,Isaiah.Upton.Buchanan@dtaa.com,28815,0,expert team required customer expert resume hours hours multitask on-time resume job skills team management passion guidance management interface technologies start concepts multiple concepts sales experience report sales multiple required skills concepts job sales passion guidance multiple degree multiple passion people analyze people growth multiple growth benefits skills initiative
email,{X9Q7-P6JS28GO-7442YJTY},10/13/2010 15:05:33,IUB0565,PC-5775,Harper-Sexton@harris.com,,,Isaiah.Upton.Buchanan@dtaa.com,24691,0,degree develop multitask permanent management permanent initiative visual concepts starter degree technologies years customer years experience multiple years dynamic industry passion initiative years degree required contribute experience passion industry management resume required multiple analyze process technologies starter dynamic management experience required experience strong sales responsibilities guidance industry dynamic management start starter on-time part-time contribute skills required management
email,{L3M7-H8GM00TH-4358GCVA},10/19/2010 10:03:01,IUB0565,PC-5775,Harper-Sexton@harris.com,,,Isaiah.Upton.Buchanan@dtaa.com,14960,0,management expert passion resume skills multiple strong team contribute interface years required benefits start job report on-time contribute multiple multitask visual salary people multitask years passion multiple platform experience strong management job technologies report job technologies management required relocation years growth management
email,{Y5X3-L7QX76JP-3102LXMO},10/19/2010 11:26:12,IUB0565,PC-5775,Harper-Sexton@harris.com,,,Isaiah.Upton.Buchanan@dtaa.com,31029,2,resume team multitask multiple team skills concepts benefits develop guidance management contribute resume industry strong process platform resume strong on-time industry contribute passion equivalent expert guidance benefits sales on-line skills passion process degree opening resume benefits engineer management multitask develop concepts team experience multiple engineer experience resume
email,{A3G5-C8OS71JJ-8581JIFL},10/19/2010 18:02:29,IUB0565,PC-5775,Harper-Sexton@harris.com,,,Isaiah.Upton.Buchanan@dtaa.com,27450,0,industry visual initiative customer visual start team equivalent resume degree job expert resume required team industry call job part-time multiple start required multiple technologies passion part-time resume strong passion resume team process management initiative sales passion team concepts contribute experience self job customer interface dynamic visual passion initiative years platform team required technologies process years contribute analyze multitask
email,{W0U9-Z9YW05AV-3857YQAZ},10/21/2010 10:03:41,IUB0565,PC-5775,Harper-Sexton@harris.com,,,Isaiah.Upton.Buchanan@dtaa.com,32380,2,customer engineer resume customer multitask industry self sales team on-time platform develop required part-time compensation responsibilities years equivalent self resume engineer skills platform benefits required opening equivalent management management start customer develop industry resume initiative equivalent equivalent degree interface dynamic customer industry contribute multiple self visual industry team people resume passion team part-time interface
email,{F0Y8-V8OX68QU-8581GRWA},10/21/2010 13:16:52,IUB0565,PC-5775,Harper-Sexton@harris.com,,,Isaiah.Upton.Buchanan@dtaa.com,27532,0,opening contribute start multitask responsibilities customer required experience compensation dynamic process start expert resume equivalent benefits starter resume engineer degree opening resume multitask years platform multitask interface develop team concepts on-time opening report required platform relocation responsibilities responsibilities hours multiple develop guidance start platform hours permanent compensation passion contribute equivalent team people skills passion people
email,{Y4V6-T9SA23XH-2819TDVM},10/25/2010 10:43:38,IUB0565,PC-5775,Harper-Sexton@harris.com,,,Isaiah.Upton.Buchanan@dtaa.com,21337,0,team responsibilities on-line visual growth guidance experience multiple benefits resume skills technologies contribute passion multitask years sales strong team years management passion contribute years benefits experience required experience develop degree industry management resume guidance contribute growth responsibilities required multitask degree years team concepts on-time process growth required process people multitask experience permanent skills technologies
email,{S4D9-Y0YH57UO-2478QRXP},10/26/2010 12:06:37,IUB0565,PC-5775,Harper-Sexton@harris.com,,,Isaiah.Upton.Buchanan@dtaa.com,36130,0,opening responsibilities required sales start platform skills process initiative permanent required customer resume guidance technologies technologies on-time multitask develop job required required opening benefits multiple passion team industry on-time opening start management start interface concepts salary self skills resume required skills responsibilities compensation years job required benefits
email,{G3W5-U4FG93VP-9614KTVE},10/26/2010 14:13:40,IUB0565,PC-5775,Harper-Sexton@harris.com,,,Isaiah.Upton.Buchanan@dtaa.com,28488,0,starter initiative years technologies platform multiple expert opening required contribute dynamic sales multitask equivalent years interface guidance guidance hours equivalent start required dynamic industry experience job growth team concepts technologies passion skills contribute degree skills start required recruiter multitask degree guidance multiple skills degree benefits required multiple multiple customer customer expert on-time degree job on-time industry permanent degree salary
email,{X7J5-I3XM32RS-3973VDGZ},10/26/2010 17:47:02,IUB0565,PC-5775,Harper-Sexton@harris.com,,,Isaiah.Upton.Buchanan@dtaa.com,39833,0,part-time permanent start team customer process on-time team required experience equivalent technologies team concepts contribute process permanent resume sales process visual resume on-time management strong people on-time report permanent strong concepts concepts concepts resume required job multitask
email,{N2F1-U4HM36VN-5841KZLQ},10/28/2010 09:19:22,IUB0565,PC-5775,Harper-Sexton@harris.com,,,Isaiah.Upton.Buchanan@dtaa.com,27389,0,responsibilities growth years responsibilities report degree growth multiple required passion skills permanent growth experience dynamic develop dynamic customer analyze develop resume passion strong process experience strong team required call initiative report growth develop equivalent technologies people initiative management management benefits hours sales multitask contribute dynamic management passion responsibilities on-time dynamic expert compensation initiative industry
email,{Q8J5-W6BS89PI-8049AUKM},10/28/2010 12:03:01,IUB0565,PC-5775,Harper-Sexton@harris.com,,,Isaiah.Upton.Buchanan@dtaa.com,21184,0,skills on-line multitask years growth required experience team part-time management strong growth strong passion opening growth multiple responsibilities platform people management permanent initiative benefits multitask report degree start experience resume growth concepts resume skills job develop growth management benefits multitask part-time benefits contribute resume skills resume opening analyze experience team skills sales platform opening on-line multiple start analyze skills dynamic concepts on-time team experience job degree multiple multiple opening
email,{E1N4-Y4IE44YL-0940WUZZ},10/28/2010 16:01:44,IUB0565,PC-5775,Harper-Sexton@harris.com,,,Isaiah.Upton.Buchanan@dtaa.com,24915,0,management technologies strong benefits sales opening job equivalent strong benefits management growth degree compensation technologies passion self sales on-time guidance expert platform passion contribute degree technologies required report experience expert passion part-time experience contribute multitask platform responsibilities job industry degree contribute contribute passion
email,{U9D5-R0YX78IH-3274RNNR},11/05/2010 14:53:56,IUB0565,PC-5775,Harper-Sexton@harris.com,,,Isaiah.Upton.Buchanan@dtaa.com,36546,0,skills compensation equivalent strong permanent responsibilities technologies opening degree experience starter contribute growth experience management contribute process starter job platform growth experience people report report visual recruiter guidance team starter benefits visual customer compensation multiple on-time people self sales analyze skills develop engineer multitask job initiative years team permanent
email,{Z1T9-N8UE89FT-3169ZPHD},11/22/2010 10:27:01,IUB0565,PC-5775,Stephanie.Briar.Harrington@dtaa.com,,,Isaiah.Upton.Buchanan@dtaa.com,17369,4,week my resignation resign my letter position 2 notice key of position of week interview 2 position my letter resign my exit notice 2 position 2 key week key 2 my position key interview position key week 2 my opportunity 2 resignation letter exit week position 2 opportunity interview resignation letter 2 of tender resign of my exit resign opportunity resign
