type,id,date,user,pc,url,content
http,{M7U5-G3MW68YK-7167PQNB},10/06/2010 09:20:43,IUB0565,PC-5775,http://jobhuntersbible.com/WboUhagvat1258877042.aspx,people salary sales responsibilities years growth analyze analyze management initiative industry resume multitask report skills resume sales customer guidance experience passion degree skills degree dynamic skills resume on-time starter required benefits process skills develop salary experience contribute on-line equivalent growth start responsibilities resume equivalent job degree dynamic guidance customer experience degree contribute interface process required responsibilities concepts concepts guidance visual
http,{L5X0-E9ZZ06FI-9568IHFX},10/06/2010 10:24:13,IUB0565,PC-5775,http://indeed.com/WboUhagvat1680703797.html,passion required industry platform concepts job responsibilities guidance management concepts platform permanent job hours expert on-time responsibilities multiple sales sales develop benefits management resume permanent skills resume years part-time multiple customer expert management equivalent dynamic interface years job contribute degree multitask interface visual engineer platform management degree responsibilities multiple experience years permanent management
http,{O9X6-K1ZN72TA-5549TASQ},10/06/2010 10:57:15,IUB0565,PC-5775,http://lockheedmartin.com/WboUhagvat1636367808.htm,degree start dynamic degree analyze required contribute sales management multitask initiative compensation people initiative develop salary team multiple dynamic dynamic opening strong guidance skills develop platform skills growth skills experience sales job degree job expert years years multitask contribute required start multitask opening guidance multitask required strong responsibilities initiative technologies passion skills report team multiple permanent interface industry contribute initiative responsibilities multiple analyze
http,{Q1D0-W7EO05EC-2086MDQW},10/06/2010 14:18:45,IUB0565,PC-5775,http://job-hunt.org/WboUhagvat919122234.html,self initiative skills customer industry benefits strong report sales report start process people resume job experience concepts develop equivalent job process contribute growth on-line platform responsibilities team sales starter strong develop multitask initiative start report skills industry contribute resume required concepts sales develop team passion starter platform compensation required multiple guidance
http,{U2S9-D8BF63SN-6806TBHB},10/06/2010 15:56:20,IUB0565,PC-5775,http://aol.com/jobs/WboUhagvat1963819229.jsp,analyze required process benefits experience strong required passion dynamic equivalent responsibilities required sales self contribute skills required team responsibilities job management strong people expert skills industry experience team engineer multiple initiative management equivalent start multiple opening skills interface multitask multitask start technologies platform multiple sales develop process skills initiative experience technologies
http,{W1Z1-I5ND94VM-6845ZNDZ},10/06/2010 16:46:29,IUB0565,PC-5775,http://aol.com/jobs/WboUhagvat1963819229.jsp,initiative hours years develop job process job permanent develop team sales responsibilities multiple industry contribute concepts growth expert sales benefits team degree initiative years opening multiple responsibilities resume compensation permanent passion management growth industry experience contribute visual starter guidance process people permanent growth contribute job customer required concepts job degree concepts
http,{V1Y1-E8MY91BH-1957AOCR},10/07/2010 15:46:11,IUB0565,PC-5775,http://simplyhired.com/WboUhagvat57469130.jsp,sales analyze sales skills dynamic team concepts required start on-time experience platform growth hours contribute people on-line contribute team growth concepts compensation hours contribute customer salary required opening team opening concepts salary resume initiative technologies contribute initiative process multitask degree people degree compensation management people degree customer develop skills years multiple hours
http,{N2G2-G0YX96PO-4408KKKQ},10/08/2010 11:07:44,IUB0565,PC-5775,http://job-hunt.org/WboUhagvat919122234.html,experience guidance guidance team customer resume platform growth part-time growth contribute contribute multiple start experience permanent resume on-line skills develop skills starter technologies people customer equivalent report job contribute years technologies develop multiple guidance team multitask initiative resume resume industry benefits start sales resume contribute sales opening skills develop technologies team permanent experience compensation job customer contribute years develop team
http,{Q1Q6-T5WP89XH-8090DOSI},10/08/2010 11:39:08,IUB0565,PC-5775,http://jobhuntersbible.com/WboUhagvat1258877042.aspx,multitask team multitask multitask passion degree resume contribute engineer passion initiative contribute industry initiative multiple skills management expert years people permanent develop skills customer years call growth required growth skills starter multitask responsibilities part-time team engineer responsibilities skills skills sales self passion people on-line benefits passion initiative job growth report customer contribute hours dynamic equivalent growth resume process team interface required opening industry
http,{U7Z6-R0PZ51QQ-5391YSAC},10/08/2010 11:51:07,IUB0565,PC-5775,http://careerbuilder.com/WboUhagvat660170997.htm,resume technologies growth opening responsibilities strong on-line skills team passion sales sales starter growth equivalent passion years team degree technologies customer contribute responsibilities develop compensation benefits contribute report process contribute
http,{A1Q9-P9PQ65JD-6046AJHV},10/08/2010 12:45:32,IUB0565,PC-5775,http://lockheedmartin.com/WboUhagvat1636367808.htm,salary platform opening team report sales opening years benefits interface sales management opening technologies report management start management permanent skills team job concepts growth multitask equivalent customer contribute passion technologies required industry responsibilities concepts benefits benefits call on-line responsibilities degree job analyze team skills responsibilities process years
http,{Z5V4-F8DY10JW-3235MQJL},10/08/2010 12:56:14,IUB0565,PC-5775,http://boeing.com/WboUhagvat1904327536.htm,process passion job job sales customer on-line equivalent resume develop required required experience process industry management team opening years process multiple process resume skills expert resume strong concepts concepts contribute platform resume years interface contribute permanent process skills equivalent years sales
http,{U4D8-N3WC70LZ-3018SPTB},10/08/2010 13:15:48,IUB0565,PC-5775,http://craigslist.org/WboUhagvat1105403916.aspx,management required job resume industry responsibilities skills platform benefits growth degree develop report contribute management benefits equivalent start part-time guidance responsibilities report experience required team team sales technologies expert job call permanent growth strong degree required multiple customer contribute report sales years on-time multitask required growth dynamic skills self on-time growth job strong multitask resume resume responsibilities initiative degree degree
http,{X3D1-Q1YB05RO-6599FKFF},10/08/2010 17:30:56,IUB0565,PC-5775,http://harris.com/WboUhagvat1919385663.htm,customer initiative starter hours multiple growth contribute interface management years required passion experience initiative team equivalent on-time on-time job people strong growth concepts management customer team experience benefits concepts passion contribute compensation degree self responsibilities people required report customer on-time develop equivalent equivalent strong salary interface
http,{J7J6-M8QI67HX-7706JMLM},10/11/2010 13:45:38,IUB0565,PC-5775,http://aol.com/jobs/WboUhagvat1963819229.jsp,people on-time passion initiative years technologies skills degree on-time people dynamic people job growth analyze technologies experience skills resume strong interface opening technologies compensation sales responsibilities years technologies team initiative years skills on-time multiple responsibilities strong report people skills sales required job experience sales team responsibilities skills people guidance develop resume multiple contribute technologies
http,{R7R4-W7ZK86IT-2504SKGA},10/11/2010 15:03:16,IUB0565,PC-5775,http://lockheedmartin.com/WboUhagvat1636367808.htm,dynamic engineer develop industry customer multiple dynamic contribute management start management concepts team contribute management sales required customer years people responsibilities years skills develop initiative technologies technologies customer strong expert growth contribute benefits equivalent industry team responsibilities report skills degree passion experience relocation responsibilities guidance guidance equivalent growth multitask team strong sales permanent multiple compensation management management
http,{R4M9-N4ZC84PJ-6863RXVK},10/11/2010 16:00:39,IUB0565,PC-5775,http://craigslist.org/WboUhagvat1105403916.aspx,sales expert passion industry resume industry sales start permanent sales engineer industry multitask starter strong strong start equivalent process initiative opening customer develop opening benefits skills experience required experience initiative growth required sales
http,{W6C0-C8VK32MF-9290PXJA},10/11/2010 16:50:28,IUB0565,PC-5775,http://careerbuilder.com/WboUhagvat660170997.htm,strong team develop sales skills start skills resume management management on-time salary industry required customer resume analyze strong experience required required responsibilities customer skills responsibilities on-time years customer passion benefits experience years years degree job equivalent management job multiple customer concepts required contribute benefits opening
http,{B9Z1-R5QG72TO-2418OCHI},10/11/2010 16:54:31,IUB0565,PC-5775,http://hp.com/WboUhagvat1944152218.jsp,job interface resume start required strong experience required degree report initiative concepts develop responsibilities initiative salary years skills permanent recruiter concepts initiative salary self resume multiple concepts interface permanent skills job passion initiative years interface start job platform experience years self skills industry opening permanent process equivalent equivalent experience report
http,{P0K8-V3QN75RA-8902BEZP},10/12/2010 12:50:40,IUB0565,PC-5775,http://lockheedmartin.com/WboUhagvat1636367808.htm,on-time platform skills visual dynamic salary technologies management platform job responsibilities growth start interface opening multitask develop degree customer job platform management contribute experience initiative industry multitask engineer team multitask develop benefits responsibilities resume people concepts starter interface concepts technologies part-time initiative responsibilities degree required strong
http,{L9M3-C4GI75DW-2506DRWQ},10/12/2010 14:29:55,IUB0565,PC-5775,http://lockheedmartin.com/WboUhagvat1636367808.htm,multiple on-line sales technologies job passion degree passion years dynamic equivalent job dynamic skills customer passion resume guidance opening contribute relocation concepts technologies initiative technologies experience technologies skills required interface part-time guidance sales industry develop required skills
http,{E5U9-Y2FV77DL-2445DOEG},10/12/2010 15:15:42,IUB0565,PC-5775,http://lockheedmartin.com/WboUhagvat1636367808.htm,experience equivalent contribute contribute years job process multiple required job growth multitask contribute management benefits analyze equivalent concepts required strong equivalent process starter equivalent people opening skills on-line process dynamic job interface required benefits years opening multiple skills multiple contribute dynamic visual team responsibilities process initiative expert contribute
http,{A6B2-G7SV35CF-3622ZXNK},10/13/2010 09:35:43,IUB0565,PC-5775,http://monster.com/WboUhagvat1180707852.html,starter engineer experience start responsibilities benefits part-time equivalent experience years self team on-line multiple concepts resume relocation multitask permanent benefits report develop passion team multiple part-time people on-line contribute equivalent job sales resume years skills degree multiple job responsibilities strong years years permanent responsibilities industry
http,{E3J4-W6IC02AC-5036AIPY},10/13/2010 11:39:40,IUB0565,PC-5775,http://jobhuntersbible.com/WboUhagvat1258877042.aspx,multitask multitask contribute guidance strong report platform required responsibilities sales starter contribute visual multiple job develop resume multitask strong equivalent growth skills guidance develop resume years degree degree degree initiative required on-time salary develop experience passion passion start develop multitask report degree interface growth hours sales guidance skills process report salary skills management benefits opening opening team industry sales customer multiple
http,{I7S5-B6CM95LQ-0054YHJD},10/13/2010 11:56:25,IUB0565,PC-5775,http://monster.com/WboUhagvat1180707852.html,interface responsibilities contribute required multiple on-time required self contribute process starter contribute part-time team industry concepts management management passion concepts skills job experience experience contribute responsibilities part-time customer guidance opening multiple opening recruiter guidance industry technologies opening strong team resume permanent responsibilities industry report part-time resume years report years responsibilities on-line expert job team industry develop develop platform team growth salary technologies part-time benefits degree customer sales degree compensation report
http,{O4S8-A2CN10NF-3517RPRF},10/13/2010 13:00:40,IUB0565,PC-5775,http://hp.com/WboUhagvat1944152218.jsp,years team compensation equivalent resume experience concepts skills develop report permanent call job start sales initiative start part-time resume opening experience people team benefits experience compensation people customer multitask initiative analyze initiative required technologies engineer initiative industry on-time analyze required industry interface develop interface years multitask dynamic multiple permanent required job required years interface sales report
http,{P0F8-U9XM83AS-3643AGQN},10/13/2010 13:24:00,IUB0565,PC-5775,http://harris.com/WboUhagvat1919385663.htm,permanent management strong contribute sales team contribute sales on-time concepts customer resume guidance initiative responsibilities platform required people contribute management start develop management process experience on-time part-time team part-time sales process process guidance management team permanent contribute multitask people growth guidance develop growth analyze industry team contribute platform customer required
http,{I6K6-H0VY87MH-4441VWGJ},10/13/2010 15:13:48,IUB0565,PC-5775,http://hp.com/WboUhagvat1944152218.jsp,platform process years sales dynamic process benefits management people contribute management multitask concepts job interface expert permanent responsibilities hours job multiple job job develop engineer initiative strong people multiple multitask platform develop strong report dynamic analyze strong strong customer multiple start salary compensation analyze experience contribute guidance
http,{G9L0-B7AS60ZN-6805QNON},10/13/2010 15:33:59,IUB0565,PC-5775,http://boeing.com/WboUhagvat1904327536.htm,sales on-time people strong on-time passion customer develop team skills benefits required degree benefits required interface self technologies team people opening degree opening required growth management platform team customer self concepts equivalent experience responsibilities
http,{S7G8-U2UN20FR-4985DGHD},10/13/2010 16:12:41,IUB0565,PC-5775,http://indeed.com/WboUhagvat1680703797.html,experience strong contribute engineer interface equivalent industry resume multiple management equivalent contribute skills benefits multitask start start skills analyze team growth opening platform customer years required resume required salary management process sales required report skills permanent expert years customer multiple equivalent develop strong job platform strong multiple part-time contribute process technologies hours starter develop multiple
http,{V3P6-Q2AH25UJ-7620MDCK},10/13/2010 17:23:47,IUB0565,PC-5775,http://yahoo.com/hotjobs/WboUhagvat752138490.php,hours resume skills compensation process growth sales equivalent sales skills required degree initiative experience opening opening starter process skills platform job on-time initiative start passion initiative management multitask process management engineer start interface analyze equivalent industry start technologies expert years contribute platform growth concepts strong degree interface part-time industry
http,{N0D5-L7LG78UX-7643HUFZ},10/14/2010 10:06:39,IUB0565,PC-5775,http://linkedin.com/WboUhagvat1479839504.aspx,growth benefits analyze required multitask required guidance initiative on-time people job sales part-time skills job management multiple customer develop industry guidance permanent opening responsibilities contribute management responsibilities customer job interface industry required years expert team analyze years industry growth years degree on-line expert degree starter team initiative concepts
http,{T4H3-D4OR87ZX-3187GWGI},10/14/2010 12:03:24,IUB0565,PC-5775,http://raytheon.com/WboUhagvat343187784.jsp,opening required permanent concepts responsibilities customer initiative strong platform salary contribute sales dynamic develop multiple technologies concepts strong hours industry team benefits salary salary on-time experience management experience expert opening years industry on-line customer skills technologies develop guidance compensation skills technologies expert team opening job benefits expert salary people years people degree responsibilities interface experience team initiative analyze
http,{J4B1-S5DD90LG-2898IDKM},10/14/2010 12:09:37,IUB0565,PC-5775,http://harris.com/WboUhagvat1919385663.htm,concepts salary process required contribute degree technologies equivalent on-time platform industry degree strong management industry contribute strong permanent experience people analyze management guidance job sales process salary resume salary dynamic expert concepts required self opening customer concepts part-time growth platform team multitask management develop management skills
http,{N9U0-A1UP53CI-1837NHIG},10/14/2010 12:36:09,IUB0565,PC-5775,http://careerbuilder.com/WboUhagvat660170997.htm,team platform industry industry multitask responsibilities develop responsibilities on-time customer on-time growth skills growth dynamic resume compensation team growth develop develop dynamic guidance industry team interface experience growth self resume job process required expert analyze responsibilities develop customer years job contribute sales years on-time
http,{J3X6-I5RL55GO-2566HHTS},10/14/2010 15:25:29,IUB0565,PC-5775,http://northropgrumman.com/WboUhagvat572113271.aspx,sales degree resume opening management process report interface benefits growth resume guidance years years passion sales on-time team customer job analyze strong dynamic required skills resume guidance management resume team required experience responsibilities process multiple customer analyze customer analyze benefits technologies experience multitask initiative technologies customer analyze responsibilities
http,{H5M9-W4NM95TW-8001BPWH},10/14/2010 15:59:54,IUB0565,PC-5775,http://harris.com/WboUhagvat1919385663.htm,passion resume start salary engineer expert report concepts benefits customer multiple expert required degree develop expert growth passion customer dynamic team develop multiple growth concepts years resume growth benefits sales years degree interface concepts equivalent industry dynamic skills team concepts years platform experience skills part-time skills interface engineer benefits technologies platform customer starter multitask responsibilities customer sales team initiative report
http,{J5L4-W6VI81PS-3298ZWUT},10/14/2010 17:17:07,IUB0565,PC-5775,http://hp.com/WboUhagvat1944152218.jsp,equivalent interface responsibilities industry call technologies contribute on-line degree resume equivalent team passion visual multitask develop required on-time interface degree multitask job platform job growth years skills required experience responsibilities permanent years resume multitask benefits develop resume strong years strong expert passion strong permanent concepts job multiple team growth skills initiative degree multitask team compensation process team
http,{U1Z7-N5EE77RS-4889GNXE},10/14/2010 17:39:08,IUB0565,PC-5775,http://lockheedmartin.com/WboUhagvat1636367808.htm,starter dynamic team hours people analyze dynamic required sales experience team initiative multiple visual years required customer starter skills resume initiative initiative technologies report years people degree years industry team growth skills years multitask strong years years hours technologies interface responsibilities job call responsibilities hours multiple concepts
http,{N0S9-M9GX91YD-9837XJVQ},10/15/2010 09:01:53,IUB0565,PC-5775,http://careerbuilder.com/WboUhagvat660170997.htm,opening salary management equivalent permanent skills platform hours equivalent team technologies part-time technologies job multiple expert sales develop skills skills on-line team multitask people strong team experience equivalent guidance skills degree resume initiative start responsibilities industry contribute on-time years develop job platform customer degree
http,{O2L0-V3DY99QT-5470EUQC},10/15/2010 09:21:47,IUB0565,PC-5775,http://job-hunt.org/WboUhagvat919122234.html,responsibilities required years customer skills resume management experience required required on-time analyze required technologies starter report required years required experience develop required initiative skills opening contribute passion team contribute job
http,{G6M1-N5MG44EO-2773GLKG},10/15/2010 10:41:57,IUB0565,PC-5775,http://lockheedmartin.com/WboUhagvat1636367808.htm,multitask platform sales self years starter degree customer years multiple skills dynamic opening skills part-time concepts on-line team required benefits technologies team compensation customer interface hours multitask interface required report develop sales required opening growth job multiple skills expert resume
http,{J6N8-Y5RL57CO-8693FHFJ},10/15/2010 10:53:45,IUB0565,PC-5775,http://raytheon.com/WboUhagvat343187784.jsp,analyze platform develop hours degree equivalent degree expert industry responsibilities engineer salary concepts passion job required call team customer multiple multiple management degree interface management equivalent on-time skills start start multiple dynamic experience permanent sales required degree technologies team equivalent industry interface customer customer technologies passion industry
http,{I8X2-X0UR37TU-1514SCDX},10/15/2010 12:05:23,IUB0565,PC-5775,http://harris.com/WboUhagvat1919385663.htm,process visual passion management permanent job equivalent concepts experience responsibilities multiple responsibilities initiative expert concepts experience customer customer permanent hours interface report dynamic guidance start technologies on-time multitask industry engineer people degree starter contribute develop start customer multitask initiative passion report responsibilities expert resume multiple equivalent industry process passion responsibilities self years contribute
http,{K6H4-W2UH95JU-6575ETPN},10/15/2010 12:38:59,IUB0565,PC-5775,http://linkedin.com/WboUhagvat1479839504.aspx,team salary years start skills passion skills guidance visual team management initiative strong starter develop platform skills people people equivalent people job sales degree opening years people years benefits team job required part-time guidance salary years team benefits contribute responsibilities passion technologies starter platform multiple job starter required compensation benefits experience technologies degree industry strong passion develop job guidance report
http,{T5V8-Y9ZV64IU-8534CMSJ},10/15/2010 13:29:36,IUB0565,PC-5775,http://careerbuilder.com/WboUhagvat660170997.htm,expert team develop job multiple on-time skills experience on-line develop permanent years customer interface platform develop sales start equivalent responsibilities multiple compensation concepts responsibilities multitask interface initiative management equivalent equivalent job degree platform multitask job on-time customer platform equivalent
http,{R0N1-S7CB27ZT-8965ELCR},10/15/2010 15:15:06,IUB0565,PC-5775,http://indeed.com/WboUhagvat1680703797.html,multiple contribute multitask experience contribute required responsibilities responsibilities strong platform dynamic equivalent experience opening contribute team start passion compensation industry permanent equivalent technologies resume self dynamic resume salary team industry on-time technologies management initiative report guidance compensation resume multitask initiative initiative sales platform responsibilities degree start experience team visual sales dynamic
http,{F6W4-Y6PZ15GH-4101SEJR},10/15/2010 16:21:04,IUB0565,PC-5775,http://harris.com/WboUhagvat1919385663.htm,contribute industry analyze required compensation multitask benefits benefits job technologies resume responsibilities customer initiative concepts resume people initiative interface skills multitask analyze on-line starter growth opening guidance on-time recruiter permanent contribute growth people start experience experience analyze team on-line team
http,{Q7Q4-T2OH50PM-6980KUQR},10/18/2010 09:01:38,IUB0565,PC-5775,http://aol.com/jobs/WboUhagvat1963819229.jsp,dynamic responsibilities required sales team people platform guidance degree team experience platform develop benefits benefits years years develop passion hours years required people expert initiative degree report call develop dynamic on-time initiative on-time responsibilities on-time relocation process technologies technologies start process develop management contribute strong dynamic customer team on-line multitask starter customer customer degree on-time platform on-line skills equivalent strong
http,{N8R2-S3FW59GK-0442UHQW},10/18/2010 10:12:03,IUB0565,PC-5775,http://craigslist.org/WboUhagvat1105403916.aspx,equivalent develop management on-time skills strong responsibilities dynamic skills interface team equivalent initiative opening contribute people report strong passion platform strong responsibilities guidance growth multitask compensation process permanent part-time opening call responsibilities report multiple dynamic interface resume degree multitask responsibilities benefits multitask skills degree hours growth multiple dynamic platform skills multitask technologies multiple permanent job job skills opening develop multiple strong responsibilities
http,{I7X9-U8GO42QR-7857JMRO},10/18/2010 10:38:44,IUB0565,PC-5775,http://careerbuilder.com/WboUhagvat660170997.htm,develop years job industry customer team required contribute multitask degree concepts initiative benefits dynamic experience sales degree management analyze on-time required responsibilities degree resume resume benefits platform hours multitask platform people report interface technologies team equivalent hours permanent process analyze sales report industry skills customer years interface
http,{M1F2-K7EG40DH-5459TSEE},10/18/2010 11:38:05,IUB0565,PC-5775,http://craigslist.org/WboUhagvat1105403916.aspx,multiple sales responsibilities experience technologies dynamic visual starter degree self industry years equivalent years industry contribute degree hours expert strong required growth start degree degree start years start required self skills experience management report responsibilities management management report benefits platform concepts expert salary required analyze customer interface develop initiative job interface customer
http,{H1P1-B3XO53QH-7242RWDP},10/18/2010 13:42:10,IUB0565,PC-5775,http://lockheedmartin.com/WboUhagvat1636367808.htm,responsibilities customer degree job strong start initiative contribute concepts resume develop responsibilities multitask years benefits report management equivalent concepts starter equivalent compensation customer people strong degree experience salary start management opening management people resume equivalent degree skills self responsibilities degree on-time years compensation experience part-time call interface years analyze part-time benefits responsibilities interface guidance salary strong people multiple
http,{X0P0-M6JT06PZ-7396CFGO},10/18/2010 17:37:09,IUB0565,PC-5775,http://simplyhired.com/WboUhagvat57469130.jsp,industry skills strong dynamic resume job management required sales contribute contribute expert growth responsibilities years on-time on-time degree passion process technologies report guidance team customer years experience strong job concepts years people years hours team salary passion report responsibilities multitask opening years years platform responsibilities multiple skills multitask skills
http,{S0I0-B1YU84RG-4466PLRL},10/19/2010 12:09:10,IUB0565,PC-5775,http://northropgrumman.com/WboUhagvat572113271.aspx,equivalent benefits experience customer required multiple platform years responsibilities part-time hours resume responsibilities team develop permanent resume growth resume multiple responsibilities required industry industry customer sales skills required interface job job opening strong hours growth on-time dynamic on-line technologies management concepts degree on-time experience develop required dynamic years job passion benefits degree strong
http,{M6N9-Q5DJ75TB-9505YANR},10/19/2010 17:32:38,IUB0565,PC-5775,http://yahoo.com/hotjobs/WboUhagvat752138490.php,resume platform process equivalent equivalent expert contribute years sales customer strong customer team on-time degree process start on-time required sales expert job self team multitask sales experience technologies responsibilities platform multitask dynamic analyze degree responsibilities analyze part-time technologies benefits equivalent
http,{T9L3-W2SP26RW-4541EGJW},10/20/2010 09:18:35,IUB0565,PC-5775,http://jobhuntersbible.com/WboUhagvat1258877042.aspx,report strong passion compensation start permanent engineer management report management dynamic technologies years required experience multitask opening platform experience permanent interface platform industry degree multitask salary permanent degree equivalent multiple skills opening analyze equivalent initiative required growth engineer starter multitask people experience opening
http,{I7E7-V9RN24RY-0060MCYC},10/20/2010 10:09:10,IUB0565,PC-5775,http://yahoo.com/hotjobs/WboUhagvat752138490.php,degree team people resume contribute guidance technologies multitask experience degree expert platform equivalent degree visual multitask management platform skills sales interface process customer relocation degree degree analyze process opening multiple years guidance equivalent equivalent team start report dynamic on-time degree degree responsibilities start degree
http,{A7P3-Y5NY09WY-4386PWGC},10/20/2010 13:05:06,IUB0565,PC-5775,http://harris.com/WboUhagvat1919385663.htm,job sales report sales report develop resume equivalent on-line required self team guidance develop multitask job engineer multitask required self expert opening resume opening degree hours self experience job dynamic report on-line team technologies expert strong degree experience sales contribute technologies report opening analyze start multitask skills
http,{P7A4-H6UG13GW-6655QWGL},10/20/2010 17:46:56,IUB0565,PC-5775,http://jobhuntersbible.com/WboUhagvat1258877042.aspx,contribute multitask responsibilities job start sales guidance strong people starter expert compensation experience resume multiple develop required technologies team degree job concepts benefits permanent interface years dynamic hours develop visual platform initiative dynamic degree multitask degree guidance management resume passion contribute start strong skills job resume self strong multitask resume
http,{T8V3-X7BV31XY-8693DKVQ},10/20/2010 17:55:05,IUB0565,PC-5775,http://linkedin.com/WboUhagvat1479839504.aspx,customer passion benefits degree report opening resume dynamic team multitask permanent resume self growth sales interface degree degree responsibilities experience develop self interface process dynamic opening degree develop contribute team equivalent technologies customer interface management resume on-line on-time years
http,{D2O7-E4NB89FQ-7181YEUF},10/21/2010 12:11:45,IUB0565,PC-5775,http://linkedin.com/WboUhagvat1479839504.aspx,develop starter team customer multiple required resume required concepts process dynamic expert job skills opening experience degree concepts initiative salary years equivalent initiative strong resume visual part-time technologies starter responsibilities experience customer visual process interface management required equivalent multitask relocation develop
http,{C8H4-Z0ML00GZ-3850ERDU},10/21/2010 13:57:05,IUB0565,PC-5775,http://hp.com/WboUhagvat1944152218.jsp,guidance recruiter degree dynamic sales multiple compensation growth years equivalent required people required customer self degree degree skills platform guidance sales multiple recruiter on-line management process sales customer call sales years management strong interface passion compensation dynamic visual dynamic sales people report job years dynamic skills initiative job expert responsibilities self team contribute skills expert experience years multiple responsibilities passion strong
http,{V2I5-T2NT54MN-3026ZBJU},10/21/2010 15:17:45,IUB0565,PC-5775,http://linkedin.com/WboUhagvat1479839504.aspx,job customer report hours salary dynamic compensation compensation sales degree responsibilities report opening multitask permanent recruiter contribute engineer customer interface benefits skills years industry responsibilities equivalent industry technologies job expert responsibilities part-time start experience starter experience develop on-line part-time
http,{A3R7-G7PK34JE-3203WGLY},10/21/2010 15:51:33,IUB0565,PC-5775,http://job-hunt.org/WboUhagvat919122234.html,people customer resume permanent technologies passion sales responsibilities engineer team sales sales contribute dynamic platform strong management report multitask technologies job management people strong benefits initiative contribute process strong multiple job responsibilities experience report report develop opening strong people develop start starter sales management growth dynamic customer strong
http,{D3M7-W1GX63CF-8696YODA},10/22/2010 09:35:18,IUB0565,PC-5775,http://northropgrumman.com/WboUhagvat572113271.aspx,benefits experience job sales resume process analyze concepts responsibilities salary passion opening hours visual responsibilities start responsibilities growth skills years experience strong process interface job platform permanent interface starter growth part-time resume guidance starter analyze contribute customer on-line required passion team platform responsibilities analyze people team responsibilities management industry responsibilities develop part-time opening benefits degree analyze guidance concepts industry customer multitask job required industry resume responsibilities resume
http,{C7C2-K8CU57HU-2513DIAX},10/22/2010 11:42:45,IUB0565,PC-5775,http://hp.com/WboUhagvat1944152218.jsp,platform salary growth develop industry customer job passion visual equivalent platform report skills people hours multiple job strong equivalent multitask concepts job platform dynamic years experience years permanent contribute dynamic resume opening compensation permanent required permanent concepts contribute salary concepts passion years opening passion management hours contribute expert required strong multiple skills passion analyze technologies guidance passion years
http,{P8Y6-S4RC81IB-3233KCKM},10/22/2010 13:13:24,IUB0565,PC-5775,http://yahoo.com/hotjobs/WboUhagvat752138490.php,initiative process compensation technologies report platform concepts multiple required customer passion sales permanent multiple interface skills technologies multitask required compensation skills industry initiative salary required responsibilities opening platform customer technologies experience contribute starter people permanent strong job opening management multiple management on-time growth on-line passion benefits guidance multitask team degree responsibilities degree people resume contribute develop customer report growth visual develop job platform multitask report industry
http,{V0G7-T7MN91NH-8193WFRZ},10/22/2010 13:23:25,IUB0565,PC-5775,http://simplyhired.com/WboUhagvat57469130.jsp,contribute report starter develop technologies required years on-time industry contribute report starter report guidance experience starter opening contribute sales report salary starter required visual dynamic dynamic on-time passion report concepts resume strong expert growth management guidance benefits contribute growth experience equivalent experience on-time industry part-time
http,{L9E4-P7LV88VP-9637GLCP},10/22/2010 13:56:00,IUB0565,PC-5775,http://yahoo.com/hotjobs/WboUhagvat752138490.php,resume interface visual required process concepts required develop passion benefits job team experience customer job years start years skills concepts initiative guidance start part-time engineer technologies contribute multitask people team platform experience management on-time equivalent start job industry strong sales concepts resume guidance start self salary
http,{F3H5-C3ZY70UC-5639SMVH},10/22/2010 14:10:48,IUB0565,PC-5775,http://harris.com/WboUhagvat1919385663.htm,initiative initiative customer initiative skills interface responsibilities experience on-time on-time initiative part-time expert industry contribute management experience contribute platform technologies expert resume responsibilities required degree team analyze multiple team resume degree platform multiple people job required strong resume initiative team self
http,{N5E1-X2SH65ZA-2833ZCHW},10/22/2010 14:48:46,IUB0565,PC-5775,http://simplyhired.com/WboUhagvat57469130.jsp,engineer multitask report resume on-time analyze start degree team management experience dynamic resume interface hours resume contribute initiative interface technologies contribute sales develop resume people passion opening develop degree passion report initiative permanent required equivalent industry industry sales develop start customer process compensation technologies required technologies
http,{Y2N0-N0SW82KF-4870CCGE},10/22/2010 15:54:19,IUB0565,PC-5775,http://harris.com/WboUhagvat1919385663.htm,interface customer team people start management responsibilities sales resume expert required people team process strong multitask industry degree strong analyze process multiple opening skills initiative dynamic sales required industry resume strong growth initiative dynamic initiative required dynamic passion multitask dynamic multiple people equivalent skills team guidance industry platform team develop industry sales platform equivalent required years
http,{F1Y3-D9NB40KA-2816QLOV},10/22/2010 16:43:39,IUB0565,PC-5775,http://simplyhired.com/WboUhagvat57469130.jsp,concepts multitask multitask contribute job compensation strong technologies experience customer multitask required report self job hours opening skills degree contribute resume multiple team sales platform concepts strong skills skills years responsibilities growth visual process responsibilities report starter skills resume resume sales guidance benefits strong skills management report equivalent initiative benefits growth contribute management years management report skills report strong passion
http,{F6H9-R5UO13UX-7664KIYB},10/22/2010 17:09:04,IUB0565,PC-5775,http://boeing.com/WboUhagvat1904327536.htm,required skills skills on-time start engineer industry guidance resume analyze benefits technologies responsibilities responsibilities engineer multiple process develop strong resume part-time experience report visual degree permanent part-time industry opening sales dynamic growth experience degree management resume industry required equivalent multitask develop years years required management customer resume opening management initiative on-time strong management industry technologies required initiative multiple permanent on-time responsibilities hours team contribute initiative multitask
http,{B8U2-H8TL52FK-0282SAPX},10/25/2010 15:25:02,IUB0565,PC-5775,http://job-hunt.org/WboUhagvat919122234.html,expert start expert equivalent multitask degree management interface expert technologies contribute permanent visual initiative compensation responsibilities compensation team equivalent develop required start initiative contribute initiative call customer responsibilities concepts job skills benefits multitask experience start concepts contribute experience platform industry opening growth responsibilities strong multitask job multitask multiple permanent sales
http,{D0R2-Q2OM14ZT-5357NHLJ},10/26/2010 08:52:06,IUB0565,PC-5775,http://yahoo.com/hotjobs/WboUhagvat752138490.php,strong equivalent industry skills process process industry industry resume job benefits opening analyze multiple growth degree customer on-line degree interface skills skills years responsibilities initiative experience skills sales technologies people required industry concepts growth years strong platform passion report degree part-time team develop report compensation years compensation degree industry sales management dynamic
http,{U7N7-J5TX32EC-9183JMPT},10/26/2010 10:59:39,IUB0565,PC-5775,http://careerbuilder.com/WboUhagvat660170997.htm,opening passion technologies team interface multitask resume growth technologies dynamic on-line permanent call sales experience degree platform platform passion team multiple benefits skills responsibilities growth platform equivalent multitask multiple people job starter multiple strong contribute industry concepts guidance initiative required platform relocation opening dynamic responsibilities multiple permanent salary process benefits team guidance part-time degree analyze skills starter customer responsibilities people management resume opening people opening technologies benefits opening team
http,{D6K0-U1QE93DD-2275PIHF},10/26/2010 11:01:02,IUB0565,PC-5775,http://harris.com/WboUhagvat1919385663.htm,contribute job years concepts skills opening process technologies years passion experience dynamic on-time skills concepts resume job experience experience experience resume responsibilities self industry contribute self interface required multiple relocation skills required hours team platform passion guidance expert job degree benefits required responsibilities concepts job interface develop hours concepts growth multitask compensation initiative
http,{B7Z0-K9VJ41AF-6226CZGB},10/26/2010 11:31:05,IUB0565,PC-5775,http://careerbuilder.com/WboUhagvat660170997.htm,on-time industry team equivalent sales passion required skills develop self experience required dynamic develop multiple experience experience people develop customer permanent team sales years responsibilities equivalent on-time required degree growth passion interface people sales self sales start team on-time resume permanent guidance initiative platform salary guidance industry resume starter passion passion expert
http,{K0D9-O1KX34BB-9217XOHF},10/26/2010 15:43:43,IUB0565,PC-5775,http://lockheedmartin.com/WboUhagvat1636367808.htm,team multitask responsibilities sales experience permanent platform self salary platform compensation multitask dynamic experience years responsibilities responsibilities develop platform growth multitask salary sales multiple hours resume benefits dynamic team platform starter engineer experience starter
http,{L3U7-K6VW95QR-5054TLFD},10/27/2010 10:38:16,IUB0565,PC-5775,http://linkedin.com/WboUhagvat1479839504.aspx,multitask equivalent team contribute hours people experience resume degree management job strong team contribute team years years opening multiple salary multiple responsibilities contribute engineer required equivalent equivalent opening initiative guidance compensation initiative multiple initiative equivalent passion concepts develop develop start job on-line industry customer engineer resume
http,{P2Q9-A2BC62NY-7918AWNQ},10/27/2010 10:51:51,IUB0565,PC-5775,http://jobhuntersbible.com/WboUhagvat1258877042.aspx,required team responsibilities required multitask customer team start on-time responsibilities report initiative dynamic start experience dynamic part-time develop starter sales engineer multiple skills relocation degree concepts passion experience experience on-time customer skills responsibilities interface dynamic customer required multitask years industry permanent required multitask concepts job years contribute multitask develop analyze experience visual growth multitask contribute initiative job team job technologies
http,{C1Q3-W2PP70DZ-2869GFWS},10/27/2010 13:50:59,IUB0565,PC-5775,http://indeed.com/WboUhagvat1680703797.html,degree multiple multiple report customer dynamic sales process skills skills multiple benefits job platform required visual salary initiative start passion multiple contribute technologies required years initiative multitask passion multiple multitask develop experience resume platform strong permanent platform permanent on-line responsibilities
http,{D6D8-G2LX74XG-5084WZHH},10/27/2010 15:02:24,IUB0565,PC-5775,http://hp.com/WboUhagvat1944152218.jsp,job growth skills required people sales degree required years opening hours concepts equivalent develop multiple equivalent job required sales report sales job required degree required required multiple growth resume multitask benefits contribute interface management resume required degree team industry resume experience required interface multitask degree benefits technologies benefits on-time people management
http,{Z5N8-F4BL51GL-4323HMBI},10/27/2010 16:38:08,IUB0565,PC-5775,http://jobhuntersbible.com/WboUhagvat1258877042.aspx,customer job contribute team multitask job sales contribute equivalent on-time resume contribute platform salary skills report platform dynamic resume experience opening self customer experience customer resume concepts team analyze experience job growth resume multitask interface starter customer experience industry strong on-time experience start equivalent initiative opening recruiter analyze contribute
http,{O5Y7-H8IA09TS-0243UTWF},10/27/2010 17:09:10,IUB0565,PC-5775,http://jobhuntersbible.com/WboUhagvat1258877042.aspx,interface strong years guidance dynamic customer part-time resume skills growth part-time degree develop passion passion years required report technologies compensation dynamic technologies experience experience job years contribute part-time experience permanent concepts on-line customer concepts management degree platform permanent resume salary on-time resume multitask resume salary dynamic on-time platform interface people platform management permanent years process degree
http,{Y9A6-E6UW16WT-5266VJBH},10/27/2010 17:48:37,IUB0565,PC-5775,http://yahoo.com/hotjobs/WboUhagvat752138490.php,report visual team degree compensation customer benefits benefits interface experience part-time salary multitask skills resume guidance permanent resume start salary skills process multiple dynamic multiple benefits initiative platform skills start permanent experience initiative on-time management permanent platform required experience sales initiative benefits degree skills resume experience equivalent
http,{D5M9-R9VS54GG-6930ZRJK},10/28/2010 12:47:35,IUB0565,PC-5775,http://monster.com/WboUhagvat1180707852.html,analyze concepts guidance sales starter resume growth dynamic process job develop team multitask technologies dynamic resume start team management start resume required guidance experience on-line experience analyze industry management team develop develop concepts
http,{L5W3-V7LW09EC-4032BWOT},10/28/2010 16:45:54,IUB0565,PC-5775,http://craigslist.org/WboUhagvat1105403916.aspx,dynamic on-time strong analyze skills start years expert years initiative multiple benefits multitask technologies interface interface platform on-time dynamic benefits interface customer resume platform concepts part-time technologies process dynamic growth equivalent team self team relocation skills resume report initiative resume interface multitask expert report
http,{T1C1-P9KY57RX-9748VGIB},10/29/2010 13:14:14,IUB0565,PC-5775,http://aol.com/jobs/WboUhagvat1963819229.jsp,skills people years start develop multiple interface required years responsibilities technologies years dynamic resume required analyze skills interface on-line passion management management salary guidance technologies interface degree process customer experience skills job guidance dynamic passion
http,{X9K2-V7VZ84IP-1421SEVI},11/01/2010 12:35:59,IUB0565,PC-5775,http://harris.com/WboUhagvat1919385663.htm,experience responsibilities multitask develop industry process starter management starter sales contribute growth degree experience equivalent years passion required equivalent degree sales required people team growth contribute required equivalent expert guidance experience resume people part-time people resume skills sales
http,{X9H4-B3VH70CV-5053PQEH},11/01/2010 17:17:23,IUB0565,PC-5775,http://indeed.com/WboUhagvat1680703797.html,multitask opening technologies start dynamic self resume equivalent years hours start visual management visual resume permanent required customer experience interface skills growth team interface strong opening degree technologies process responsibilities permanent concepts develop start part-time skills interface report degree growth growth benefits initiative resume concepts platform team industry management job compensation technologies
http,{U6B9-P4VN74OB-1881FMYX},11/02/2010 09:54:44,IUB0565,PC-5775,http://simplyhired.com/WboUhagvat57469130.jsp,job experience job experience analyze concepts develop expert contribute initiative starter experience technologies job years benefits growth contribute team expert people required people analyze multitask benefits initiative resume management salary multiple on-line start strong concepts report interface report resume equivalent equivalent job start experience compensation responsibilities required guidance responsibilities job skills engineer experience industry platform required on-line
http,{O5J4-F4MQ29QY-2020TODY},11/02/2010 10:12:21,IUB0565,PC-5775,http://aol.com/jobs/WboUhagvat1963819229.jsp,multitask opening strong sales equivalent technologies visual concepts multitask management sales resume start platform part-time years technologies sales visual permanent resume skills customer on-line multitask responsibilities experience benefits required equivalent analyze people technologies responsibilities technologies opening interface contribute growth compensation job responsibilities salary team industry resume part-time passion concepts recruiter recruiter growth
http,{Y2Y0-D4QJ65QU-4818DBBP},11/02/2010 10:58:40,IUB0565,PC-5775,http://harris.com/WboUhagvat1919385663.htm,management technologies passion industry industry job customer opening multiple salary dynamic on-time equivalent initiative team expert sales contribute people responsibilities part-time sales multiple sales years on-time customer responsibilities permanent start guidance growth dynamic team concepts dynamic process years develop
http,{Y1I2-Z0JO11MW-6737QXNG},11/02/2010 11:04:49,IUB0565,PC-5775,http://linkedin.com/WboUhagvat1479839504.aspx,compensation report equivalent compensation resume guidance people industry starter on-time degree multitask technologies multitask benefits industry multitask hours required permanent multiple initiative contribute concepts expert team expert initiative required guidance degree starter platform required team skills report job opening responsibilities opening skills multiple passion initiative develop skills years equivalent multiple expert dynamic management degree on-time resume
http,{U8F1-U3OY84QI-7890NXSQ},11/02/2010 11:09:42,IUB0565,PC-5775,http://jobhuntersbible.com/WboUhagvat1258877042.aspx,multitask dynamic skills experience degree industry people skills platform salary expert multiple multitask report experience platform years interface growth skills degree degree required report process resume degree start years engineer report skills passion required customer people degree job industry years contribute on-time resume industry degree passion technologies initiative guidance compensation growth
http,{X6E0-G8PZ81DF-1029TWGD},11/02/2010 12:58:31,IUB0565,PC-5775,http://simplyhired.com/WboUhagvat57469130.jsp,management relocation salary skills management team permanent start customer degree years degree management equivalent hours people skills growth years salary growth contribute growth initiative years recruiter initiative years equivalent multitask dynamic technologies years required required skills dynamic opening sales people years job equivalent team develop customer multiple initiative contribute platform job degree customer contribute analyze permanent customer permanent opening responsibilities benefits start industry hours
http,{D8Z2-H6UD82GY-5286CIRE},11/02/2010 15:41:10,IUB0565,PC-5775,http://raytheon.com/WboUhagvat343187784.jsp,hours passion analyze initiative opening customer responsibilities resume multiple growth equivalent passion people permanent team develop develop industry strong start industry initiative required resume responsibilities passion process resume skills years develop multitask strong degree required years equivalent
http,{F7Y4-B3DA74IP-5497YMGH},11/02/2010 16:43:05,IUB0565,PC-5775,http://simplyhired.com/WboUhagvat57469130.jsp,resume opening concepts opening dynamic dynamic multiple years initiative required platform self strong skills permanent years self self experience multiple develop required years guidance skills on-line platform resume experience resume people years multiple passion years resume customer guidance equivalent strong compensation contribute required degree salary responsibilities process job initiative starter skills required platform required concepts report required develop team permanent resume analyze passion
http,{O9R2-X6YN14BZ-9974JXZU},11/02/2010 16:50:14,IUB0565,PC-5775,http://indeed.com/WboUhagvat1680703797.html,resume opening management platform industry concepts on-time multiple benefits sales start salary strong job part-time technologies call team develop technologies start degree skills customer years interface platform people responsibilities customer customer develop resume customer responsibilities salary multiple multitask part-time concepts management platform passion multitask guidance passion experience degree benefits guidance technologies
http,{M3X1-Y5WR61KO-1673JMKJ},11/03/2010 11:30:11,IUB0565,PC-5775,http://hp.com/WboUhagvat1944152218.jsp,passion analyze people management customer growth initiative management hours initiative experience interface team strong on-time job years required people on-time start expert on-time on-time experience multiple benefits team skills resume industry
http,{K5R9-Y5DR59OX-0661UKTJ},11/03/2010 12:05:50,IUB0565,PC-5775,http://lockheedmartin.com/WboUhagvat1636367808.htm,compensation job strong degree contribute responsibilities opening dynamic degree required team on-time passion salary guidance permanent experience passion strong required interface team multiple relocation guidance multiple multiple contribute job job sales team on-time initiative growth passion experience multitask sales experience passion sales expert industry
http,{F3F3-Y9KO06AI-5976ZIZB},11/03/2010 12:36:02,IUB0565,PC-5775,http://northropgrumman.com/WboUhagvat572113271.aspx,opening permanent multiple job develop people concepts opening contribute job start sales multitask management years start multitask call required skills growth equivalent develop call technologies industry responsibilities start expert industry benefits initiative platform platform multiple on-time benefits people management responsibilities opening benefits growth multitask resume opening equivalent guidance years on-time equivalent experience platform self team report expert guidance
http,{S6H1-P0ZA31XS-3933YPTD},11/03/2010 14:20:16,IUB0565,PC-5775,http://job-hunt.org/WboUhagvat919122234.html,experience sales degree contribute passion job customer dynamic skills years customer hours required resume experience concepts experience skills report technologies opening customer contribute starter guidance customer multiple compensation multitask required benefits degree team opening hours hours resume responsibilities initiative job multitask salary visual required process resume multiple years interface initiative degree initiative resume platform people
http,{Y6O1-T5DR02UD-8323GZZZ},11/03/2010 16:46:52,IUB0565,PC-5775,http://simplyhired.com/WboUhagvat57469130.jsp,degree strong years sales customer strong job growth skills contribute dynamic equivalent resume process passion responsibilities develop required industry years job analyze develop concepts interface benefits job team initiative skills resume contribute initiative salary on-time experience responsibilities expert experience expert growth growth multitask equivalent analyze team responsibilities report
http,{U5V4-B0ZS78WP-6051PRZJ},11/03/2010 17:33:42,IUB0565,PC-5775,http://jobhuntersbible.com/WboUhagvat1258877042.aspx,job job passion guidance on-time contribute salary experience multitask experience process degree strong degree equivalent degree responsibilities part-time multitask passion on-time report initiative people degree experience contribute required benefits resume customer customer required management resume visual strong strong permanent concepts passion management responsibilities growth passion self contribute develop on-line
http,{K3Z0-I1US23BR-7448NZWV},11/04/2010 09:58:32,IUB0565,PC-5775,http://indeed.com/WboUhagvat1680703797.html,part-time customer management benefits report degree start platform technologies required interface years platform required concepts start skills starter interface on-time skills benefits on-time job required required guidance process multiple responsibilities interface starter experience report skills job initiative on-line on-time skills skills team equivalent self responsibilities management people required passion resume
http,{N8W1-F3MW96ZH-8522XJFY},11/04/2010 10:02:56,IUB0565,PC-5775,http://hp.com/WboUhagvat1944152218.jsp,years industry industry resume required strong skills years sales resume growth required team multitask responsibilities start dynamic contribute responsibilities concepts industry start management sales growth platform skills relocation degree management contribute years equivalent degree required degree job responsibilities experience degree on-line report experience analyze
http,{Z1K6-L6QQ25OI-6205NMLH},11/04/2010 10:38:49,IUB0565,PC-5775,http://job-hunt.org/WboUhagvat919122234.html,management sales develop opening management report compensation technologies benefits management salary permanent equivalent contribute expert develop technologies strong guidance passion expert analyze strong dynamic strong opening on-line people initiative dynamic multitask industry permanent management guidance permanent dynamic contribute industry experience passion visual report visual resume contribute required years industry experience required
http,{N8S1-E6QU22MB-4057MRTD},11/04/2010 12:05:24,IUB0565,PC-5775,http://hp.com/WboUhagvat1944152218.jsp,required management sales equivalent experience platform self permanent expert concepts degree platform start management skills initiative strong opening benefits responsibilities required technologies years growth skills benefits technologies multiple platform starter required opening degree technologies multitask degree job self contribute opening part-time job skills benefits develop concepts initiative job experience years report equivalent starter salary benefits interface resume responsibilities required dynamic required technologies equivalent
http,{I4B3-B5DI85GY-3549JKGK},11/04/2010 13:50:31,IUB0565,PC-5775,http://jobhuntersbible.com/WboUhagvat1258877042.aspx,strong customer develop customer industry expert team customer compensation years platform equivalent sales resume multitask multitask skills people benefits develop interface team multiple on-time dynamic equivalent initiative industry years sales resume opening permanent experience develop on-line management initiative technologies part-time management degree starter
http,{U8J8-I3GV31UV-4134EVTR},11/04/2010 16:26:11,IUB0565,PC-5775,http://careerbuilder.com/WboUhagvat660170997.htm,sales passion responsibilities guidance contribute multitask opening relocation opening customer on-time years starter opening dynamic develop customer degree responsibilities management multiple customer strong technologies responsibilities analyze skills experience team opening industry develop customer responsibilities salary years multiple develop report management resume
http,{A5G5-U3BW20AR-9424GAZK},11/04/2010 17:50:08,IUB0565,PC-5775,http://yahoo.com/hotjobs/WboUhagvat752138490.php,equivalent growth benefits permanent guidance management hours experience benefits start degree skills report technologies contribute industry team concepts people skills skills skills strong skills multitask process starter develop contribute self contribute develop growth multitask platform skills resume multiple resume management responsibilities platform skills experience strong industry job required required concepts required report degree sales hours platform people
http,{O8E5-D6BW85PL-7820ECPB},11/05/2010 09:02:51,IUB0565,PC-5775,http://jobhuntersbible.com/WboUhagvat1258877042.aspx,analyze compensation process experience multitask years hours people interface analyze team multitask management resume resume sales concepts platform multitask starter develop resume degree growth start responsibilities platform concepts technologies equivalent opening sales dynamic resume develop interface initiative industry visual platform years on-time sales growth opening sales self
http,{M9R9-B8WG00NZ-3319TRDI},11/05/2010 10:54:56,IUB0565,PC-5775,http://boeing.com/WboUhagvat1904327536.htm,equivalent people skills degree multitask process years guidance experience growth permanent analyze years customer multitask equivalent sales report responsibilities customer starter degree industry multitask dynamic visual skills experience benefits guidance job start years on-time passion responsibilities concepts develop multiple develop passion benefits benefits compensation expert strong customer opening develop process guidance on-line degree job technologies permanent part-time responsibilities job
http,{O5F3-S1NN24IP-1160IWHZ},11/05/2010 11:40:46,IUB0565,PC-5775,http://indeed.com/WboUhagvat1680703797.html,expert people degree benefits resume resume management responsibilities team permanent start management part-time required contribute opening resume people years experience equivalent growth resume guidance on-time benefits sales develop growth report initiative skills people analyze on-time contribute growth degree customer interface degree relocation concepts required guidance required permanent process required expert management on-time self concepts self years industry
http,{Z8C8-W3ES62QR-8545URGN},11/05/2010 12:29:08,IUB0565,PC-5775,http://craigslist.org/WboUhagvat1105403916.aspx,contribute customer required equivalent develop customer job multitask responsibilities engineer guidance guidance job technologies concepts self passion contribute develop analyze self multitask years years technologies experience visual resume years multiple technologies team contribute
http,{C6L2-I0PO95NP-1004MTYB},11/05/2010 14:23:08,IUB0565,PC-5775,http://raytheon.com/WboUhagvat343187784.jsp,experience customer skills platform skills opening required develop skills platform multitask growth resume sales develop on-time sales strong multitask management job responsibilities initiative experience job job management industry team skills required technologies equivalent degree technologies responsibilities technologies technologies salary team concepts interface opening equivalent develop platform concepts required skills initiative degree
http,{A7M5-D1MO17CE-2565WWES},11/05/2010 14:50:54,IUB0565,PC-5775,http://simplyhired.com/WboUhagvat57469130.jsp,people hours skills resume guidance multiple sales benefits interface interface equivalent initiative interface resume equivalent technologies job multitask salary customer people concepts job platform passion self dynamic expert team team equivalent develop start experience initiative interface multitask dynamic develop permanent concepts years degree people degree multitask platform customer initiative experience platform passion years part-time dynamic responsibilities passion benefits technologies multiple report multitask analyze platform salary benefits resume
http,{N6P9-O4ZB96PD-0917WAYJ},11/05/2010 14:51:50,IUB0565,PC-5775,http://raytheon.com/WboUhagvat343187784.jsp,job salary sales people initiative skills recruiter benefits job interface required required multitask required contribute interface expert management equivalent required customer management permanent strong team years concepts starter people industry management years process multitask start equivalent experience concepts concepts start equivalent experience technologies people responsibilities on-time multiple team people analyze benefits contribute multiple
http,{L5N9-G6AT59ZF-4365SVPG},11/05/2010 17:10:09,IUB0565,PC-5775,http://lockheedmartin.com/WboUhagvat1636367808.htm,job industry multitask equivalent growth contribute degree equivalent opening skills team skills years benefits responsibilities years people responsibilities industry platform team experience customer on-time multiple growth platform required concepts responsibilities team job
http,{N2X6-R3GG69GN-7605ZNFZ},11/05/2010 17:55:51,IUB0565,PC-5775,http://jobhuntersbible.com/WboUhagvat1258877042.aspx,skills degree sales experience contribute team technologies responsibilities permanent degree start responsibilities job technologies skills benefits opening industry industry initiative part-time management team resume compensation resume management skills customer team skills interface engineer
