type,id,date,user,pc,to,cc,bcc,from,size,attachments,content
email,{B6B0-M0DQ25SQ-4297MZJW},11/09/2010 14:02:36,ABC0174,PC-5156,Stephanie_C_Wells@raytheon.com,,Allegra.Bree.Coffey@dtaa.com,Allegra.Bree.Coffey@dtaa.com,37885,0,sales on-time on-time technologies multitask degree start starter resume experience team guidance degree multitask hours multiple equivalent contribute initiative platform degree compensation concepts develop benefits contribute multitask growth equivalent growth customer develop customer permanent on-line contribute multiple required platform team platform sales multiple contribute dynamic platform resume industry people resume resume experience responsibilities
email,{K7E7-F3YZ39JE-3493RCCQ},11/12/2010 07:49:15,ABC0174,PC-5156,Stephanie_C_Wells@raytheon.com,Allegra.Bree.Coffey@dtaa.com,,Allegra.Bree.Coffey@dtaa.com,23294,0,required industry initiative dynamic process experience skills start report resume responsibilities sales customer resume hours skills guidance required customer dynamic platform strong initiative contribute multitask responsibilities starter responsibilities self platform customer team team team skills strong experience part-time analyze
email,{W1E0-F3HN09FB-5671FGCS},11/15/2010 09:22:40,ABC0174,PC-5156,Stephanie_C_Wells@raytheon.com,Allegra.Bree.Coffey@dtaa.com,,Allegra.Bree.Coffey@dtaa.com,22608,0,permanent benefits resume multiple job compensation multitask passion management self report multitask multiple technologies technologies industry growth experience self equivalent responsibilities contribute people industry skills dynamic analyze opening degree equivalent required platform multitask
email,{M1X8-Z1HC84RO-5026EVHZ},11/15/2010 09:31:58,ABC0174,PC-5156,Stephanie_C_Wells@raytheon.com,,Allegra.Bree.Coffey@dtaa.com,Allegra.Bree.Coffey@dtaa.com,24122,1,opening opening visual required guidance part-time compensation growth technologies multitask management years team multitask responsibilities technologies multiple develop platform job team multiple resume opening customer benefits team years customer on-time dynamic years multitask self dynamic report skills on-time report part-time sales equivalent compensation concepts concepts contribute hours degree equivalent sales starter responsibilities multiple initiative
email,{D6L2-A1GK24WU-6709WZHK},11/18/2010 08:34:07,ABC0174,PC-5156,Stephanie_C_Wells@raytheon.com,Allegra.Bree.Coffey@dtaa.com,,Allegra.Bree.Coffey@dtaa.com,24256,0,experience job multiple skills contribute interface team skills compensation process concepts compensation required equivalent skills degree job opening management growth start initiative initiative job strong interface industry job customer report growth platform skills years customer report passion interface technologies strong people job skills expert skills degree passion
email,{B8X2-E1TW56HY-4763ZQCB},11/18/2010 13:58:27,ABC0174,PC-5156,Stephanie_C_Wells@raytheon.com,,Allegra.Bree.Coffey@dtaa.com,Allegra.Bree.Coffey@dtaa.com,34961,0,passion people permanent degree multitask develop technologies sales customer on-time people team platform self responsibilities resume job customer report contribute benefits experience management responsibilities equivalent recruiter expert start team develop responsibilities initiative platform resume multiple dynamic equivalent contribute on-time multitask dynamic equivalent skills required initiative years compensation customer equivalent on-time experience job responsibilities responsibilities
email,{N3F8-W5JA33NG-2648FCVS},11/18/2010 14:35:44,ABC0174,PC-5156,Stephanie_C_Wells@raytheon.com,,Allegra.Bree.Coffey@dtaa.com,Allegra.Bree.Coffey@dtaa.com,37619,0,people customer expert contribute guidance equivalent customer equivalent platform years relocation dynamic initiative experience interface degree report concepts industry opening equivalent opening dynamic people starter team on-line customer start customer strong industry multitask degree management interface years years industry customer multiple opening experience opening industry required multitask customer concepts degree responsibilities contribute management years required industry
email,{I9T1-P6NI19NI-2300SWDT},11/21/2010 12:22:13,ABC0174,PC-5156,Stephanie_C_Wells@raytheon.com,,Allegra.Bree.Coffey@dtaa.com,Allegra.Bree.Coffey@dtaa.com,26332,0,initiative analyze dynamic degree sales technologies guidance job skills people start permanent skills customer compensation management people develop passion experience analyze self passion start part-time sales platform on-time multitask interface responsibilities analyze report experience on-time management management years engineer customer management multiple passion growth benefits resume opening sales develop dynamic sales opening responsibilities concepts strong
email,{P1D6-H5JW03YX-5659LAQK},11/21/2010 15:30:00,ABC0174,PC-5156,Stephanie_C_Wells@raytheon.com,Allegra.Bree.Coffey@dtaa.com,,Allegra.Bree.Coffey@dtaa.com,29369,0,customer resume multiple on-line initiative develop dynamic benefits equivalent initiative industry growth technologies on-time skills degree on-time passion required benefits job years dynamic sales years starter multitask starter sales dynamic degree report equivalent degree team benefits resume technologies concepts equivalent required job starter develop equivalent customer develop self job industry industry interface technologies industry required analyze multiple on-time required visual resume multitask passion experience technologies salary industry
email,{Q9E9-D6PG77BJ-7389TNUZ},12/10/2010 09:36:05,ABC0174,PC-5156,Meredith.Ainsley.Wolf@dtaa.com,Allegra.Bree.Coffey@dtaa.com,,Allegra.Bree.Coffey@dtaa.com,33170,2,position position of opportunity position 2 week week letter opportunity of resignation 2 letter of opportunity interview my notice resign resign of interview 2 thanks opportunity resign of of resign my resignation of resign key week of my key my resign opportunity letter exit resignation opportunity week notice key resignation exit
