type,id,date,user,pc,url,content
http,{M7P8-Y7YV86AX-5750XXRA},10/27/2010 14:11:03,ABC0174,PC-5156,http://boeing.com/WboUhagvat1904327536.htm,customer opening management technologies salary process job on-time equivalent multitask visual required permanent passion technologies degree degree sales platform resume technologies analyze strong equivalent process engineer equivalent contribute contribute opening expert interface contribute multiple interface responsibilities opening strong experience responsibilities engineer contribute equivalent benefits job equivalent concepts self equivalent experience customer growth passion experience growth concepts passion guidance concepts opening customer management team
http,{P4K7-V2ZA95IC-1163JTJN},10/27/2010 14:28:43,ABC0174,PC-5156,http://northropgrumman.com/WboUhagvat572113271.aspx,degree resume people concepts visual years experience management technologies benefits concepts expert opening platform team growth report resume responsibilities concepts team sales management team permanent growth responsibilities dynamic required required years multiple people team growth develop on-line process resume years team contribute benefits equivalent passion benefits
http,{C4E0-F2BX97YQ-1467LSED},10/27/2010 14:40:43,ABC0174,PC-5156,http://monster.com/WboUhagvat1180707852.html,management dynamic team industry opening job required multiple passion job dynamic skills initiative analyze visual contribute passion growth strong management salary sales analyze required industry years contribute guidance strong visual strong analyze expert multiple team benefits required job required expert years hours sales visual concepts opening strong self team benefits passion degree experience opening responsibilities strong concepts sales industry degree equivalent platform
http,{L8H3-T3HV72QG-1163OJYG},10/28/2010 08:08:44,ABC0174,PC-5156,http://monster.com/WboUhagvat1180707852.html,develop growth passion benefits technologies multitask multitask job concepts management interface growth resume contribute opening opening industry passion analyze start growth customer management expert customer engineer required part-time initiative dynamic passion develop on-time team team platform multitask dynamic industry management develop strong initiative concepts resume develop
http,{E9T8-G7TO52JP-5410JZZF},10/28/2010 08:27:12,ABC0174,PC-5156,http://hp.com/WboUhagvat1944152218.jsp,concepts platform sales process salary analyze team responsibilities required technologies growth equivalent technologies sales passion passion team initiative team start customer responsibilities required permanent part-time passion responsibilities degree initiative concepts permanent start experience multitask guidance contribute customer analyze skills job passion sales dynamic equivalent degree sales platform multitask passion initiative resume years degree develop multitask platform opening dynamic initiative platform
http,{L4D9-B0TN55YZ-8365CFMM},10/28/2010 08:39:50,ABC0174,PC-5156,http://northropgrumman.com/WboUhagvat572113271.aspx,initiative multiple responsibilities start start process management compensation industry interface years analyze degree skills self self responsibilities compensation passion develop concepts permanent process years multitask strong analyze interface responsibilities growth people industry customer start benefits develop sales degree growth analyze compensation expert platform platform equivalent growth required responsibilities passion job initiative starter start
http,{W8X5-N7EH33TR-8434WWBM},10/28/2010 09:53:39,ABC0174,PC-5156,http://hp.com/WboUhagvat1944152218.jsp,equivalent engineer develop interface recruiter experience salary years expert hours guidance strong management on-time years skills on-time engineer technologies resume strong strong required resume required management degree on-time customer develop team report
http,{C0W7-P9OJ07KX-2873YSVS},10/28/2010 09:58:44,ABC0174,PC-5156,http://boeing.com/WboUhagvat1904327536.htm,experience degree benefits technologies process equivalent strong initiative management interface analyze permanent initiative skills initiative contribute dynamic responsibilities platform job technologies process degree call team growth self people passion analyze experience relocation platform passion
http,{T1A1-O7QO20TY-7808TKOS},10/28/2010 10:44:26,ABC0174,PC-5156,http://indeed.com/WboUhagvat1680703797.html,equivalent job equivalent report job dynamic sales start equivalent equivalent engineer responsibilities part-time job start resume report required benefits dynamic dynamic technologies responsibilities sales develop analyze contribute team strong people job compensation years dynamic multitask on-time team concepts analyze multiple expert skills
http,{O4P5-H4LO05ZB-8860VNVH},10/28/2010 10:45:27,ABC0174,PC-5156,http://aol.com/jobs/WboUhagvat1963819229.jsp,permanent on-line self degree visual develop opening concepts degree concepts job report multiple required starter initiative equivalent multiple dynamic responsibilities contribute on-line required start sales on-time years on-line start equivalent team degree passion skills responsibilities develop expert initiative concepts hours skills opening multiple job develop job years passion analyze concepts multiple platform resume benefits starter permanent job sales develop degree dynamic
http,{Z3O5-T6FZ06GZ-1490ROSW},10/28/2010 10:57:52,ABC0174,PC-5156,http://raytheon.com/WboUhagvat343187784.jsp,required guidance equivalent growth people develop initiative develop start resume permanent sales multitask experience interface team strong visual contribute experience management years degree job start permanent multitask report job experience required opening years management responsibilities hours develop experience resume start compensation on-time skills analyze guidance growth on-time multitask visual hours on-time multiple years
http,{O6L2-X5XB05DU-9065NNCK},10/28/2010 13:15:00,ABC0174,PC-5156,http://careerbuilder.com/WboUhagvat660170997.htm,compensation on-time benefits technologies interface management strong degree industry concepts develop job experience experience growth process passion skills responsibilities opening dynamic benefits degree permanent contribute interface concepts dynamic industry benefits required strong experience resume on-time platform multitask compensation initiative people team degree experience team sales customer experience sales industry compensation concepts skills skills years analyze starter dynamic passion expert starter opening
http,{R9N2-J1TE60RK-4774IPBR},10/28/2010 13:49:06,ABC0174,PC-5156,http://raytheon.com/WboUhagvat343187784.jsp,required technologies multitask starter starter salary part-time self recruiter resume initiative start initiative job technologies customer contribute industry customer visual on-time resume concepts job strong concepts starter dynamic concepts resume growth customer management start multiple strong permanent benefits skills experience passion required start passion engineer customer salary required required multiple experience experience multiple resume technologies
http,{F3M6-C3RF33ME-3397KFPY},10/29/2010 08:02:16,ABC0174,PC-5156,http://craigslist.org/WboUhagvat1105403916.aspx,degree platform analyze report strong multitask management required job dynamic responsibilities interface required report responsibilities passion industry develop strong multiple platform contribute technologies call multiple guidance resume management technologies responsibilities years starter skills benefits recruiter people part-time growth start customer management visual people experience concepts report on-time degree contribute required starter part-time expert
http,{J4R5-U2ZM56MZ-6534QYAM},10/29/2010 09:23:42,ABC0174,PC-5156,http://yahoo.com/hotjobs/WboUhagvat752138490.php,concepts job years skills part-time benefits skills platform contribute multitask process technologies years people growth job people experience develop permanent sales skills passion resume job job management self experience multitask sales team analyze skills opening develop multiple years concepts contribute benefits platform platform
http,{N7X9-U6RR07ED-3596CPRW},10/29/2010 10:17:46,ABC0174,PC-5156,http://linkedin.com/WboUhagvat1479839504.aspx,benefits strong required initiative strong develop self multiple degree concepts contribute compensation job degree passion responsibilities multitask responsibilities required degree guidance on-time skills multiple dynamic resume compensation analyze job opening degree resume sales visual degree team benefits strong resume
http,{Y9L1-E2CS80BS-4598SOMR},10/29/2010 11:02:29,ABC0174,PC-5156,http://raytheon.com/WboUhagvat343187784.jsp,platform platform benefits resume team responsibilities passion customer equivalent develop strong strong contribute growth management initiative multitask industry customer initiative customer responsibilities management required opening degree industry relocation multitask required people contribute required report develop interface customer multitask customer team sales industry develop engineer skills years
http,{Q6A8-U4KH41VR-1827NBXJ},10/29/2010 11:19:50,ABC0174,PC-5156,http://indeed.com/WboUhagvat1680703797.html,skills concepts multiple interface guidance initiative customer hours skills required required multiple resume visual customer salary platform passion growth customer multiple resume experience years contribute sales platform dynamic multiple part-time expert growth opening growth equivalent interface growth management skills platform develop guidance hours opening industry opening required dynamic required compensation years
http,{Z9A2-L4EG64CI-5558VMWB},10/29/2010 13:31:15,ABC0174,PC-5156,http://harris.com/WboUhagvat1919385663.htm,multitask self experience team interface customer customer customer benefits dynamic multiple self customer salary multitask growth resume multitask on-line experience concepts benefits recruiter degree opening customer multiple equivalent skills equivalent guidance team multiple equivalent required resume interface
http,{U2C7-R7VB91YW-1823VALJ},10/29/2010 14:23:54,ABC0174,PC-5156,http://raytheon.com/WboUhagvat343187784.jsp,starter salary experience required start start degree salary resume multiple opening opening responsibilities team skills degree relocation responsibilities multiple skills growth hours growth guidance equivalent report passion people multitask self interface responsibilities experience self interface people start benefits expert process multitask report
http,{D3L4-Z6FX07GK-6108DWLV},10/29/2010 14:34:43,ABC0174,PC-5156,http://boeing.com/WboUhagvat1904327536.htm,salary multiple on-line degree on-time multiple contribute team visual industry skills experience job process contribute multiple responsibilities start develop industry team expert salary on-time people strong analyze report team years
http,{Q2M6-Q6JB94GC-7429BXWU},10/29/2010 15:22:29,ABC0174,PC-5156,http://indeed.com/WboUhagvat1680703797.html,multitask customer skills interface interface customer sales analyze technologies permanent hours salary opening interface dynamic strong call responsibilities report multitask develop management strong sales develop salary growth starter sales experience responsibilities start recruiter guidance skills compensation management technologies expert permanent resume people growth degree strong
http,{U1M0-D4WE43OR-4954KGQA},10/29/2010 15:22:34,ABC0174,PC-5156,http://indeed.com/WboUhagvat1680703797.html,sales report analyze management start interface platform technologies management multiple growth responsibilities equivalent multitask multiple sales platform multitask growth benefits concepts team people on-time sales industry team develop experience on-time experience concepts degree passion passion contribute job people interface permanent guidance engineer analyze part-time degree on-line strong initiative permanent relocation concepts start
http,{H2Y3-H4FA49QB-0924UZAM},11/01/2010 12:43:42,ABC0174,PC-5156,http://job-hunt.org/WboUhagvat919122234.html,technologies multitask team develop expert growth passion growth expert salary industry strong industry concepts develop multitask contribute start team skills multiple multiple initiative guidance years compensation responsibilities develop concepts management skills report degree management multitask hours analyze dynamic develop part-time customer required platform multitask industry team experience permanent resume
http,{B3V6-Y4UW84PS-9066SIBG},11/02/2010 09:04:53,ABC0174,PC-5156,http://northropgrumman.com/WboUhagvat572113271.aspx,management industry multiple develop process initiative skills opening experience skills benefits guidance initiative relocation sales opening resume experience team responsibilities guidance job hours team contribute compensation skills industry hours skills skills expert multiple required interface concepts concepts degree resume report initiative concepts technologies opening experience contribute part-time team passion platform management multitask responsibilities
http,{P2I3-X1NM05AQ-4950RAIT},11/02/2010 09:05:37,ABC0174,PC-5156,http://jobhuntersbible.com/WboUhagvat1258877042.aspx,equivalent hours develop skills experience guidance years starter multiple dynamic sales permanent concepts resume starter required required contribute industry customer starter benefits report starter experience interface report self skills expert years start management permanent develop job years resume industry people degree permanent strong expert experience years opening technologies sales industry process required on-time part-time skills industry years start
http,{R7T6-L1DA60BP-0373QARZ},11/02/2010 09:26:33,ABC0174,PC-5156,http://careerbuilder.com/WboUhagvat660170997.htm,responsibilities passion experience skills dynamic resume required benefits self resume team management contribute analyze platform customer expert platform team skills team initiative years relocation opening resume required people years required growth job customer analyze customer growth required job people equivalent part-time
http,{Y5G4-E1LF01WS-9319PBMU},11/02/2010 09:27:16,ABC0174,PC-5156,http://jobhuntersbible.com/WboUhagvat1258877042.aspx,concepts technologies people industry concepts required permanent job resume responsibilities experience sales multitask multiple develop people initiative opening team equivalent sales required interface experience people job experience responsibilities report salary team customer technologies contribute customer team report develop required sales technologies industry responsibilities job industry guidance job required benefits industry responsibilities skills
http,{D8T3-Z3TY91KX-0986WDGN},11/02/2010 09:30:02,ABC0174,PC-5156,http://hp.com/WboUhagvat1944152218.jsp,concepts customer benefits multitask benefits industry hours resume benefits responsibilities report responsibilities job sales analyze experience skills management team passion customer benefits sales job interface strong multitask customer sales interface people contribute report develop compensation self start contribute management guidance benefits concepts develop customer process compensation platform hours job experience concepts expert
http,{Y8B2-K8FE38LR-0667BQOE},11/02/2010 10:01:32,ABC0174,PC-5156,http://monster.com/WboUhagvat1180707852.html,multiple equivalent concepts call responsibilities equivalent skills passion contribute report develop guidance technologies engineer skills skills benefits platform salary growth job experience team on-line degree degree years resume years years on-time experience management resume opening growth skills years interface management resume multiple platform develop technologies compensation develop years benefits sales resume industry visual management degree on-line degree team process required management resume strong platform sales years equivalent growth
http,{Y9F2-U0GZ76PA-8008AQRY},11/02/2010 14:37:47,ABC0174,PC-5156,http://linkedin.com/WboUhagvat1479839504.aspx,equivalent hours platform report develop people years management develop benefits permanent on-time responsibilities multitask part-time permanent on-time passion customer experience analyze degree customer job technologies initiative opening self required report team platform growth management contribute engineer hours analyze
http,{C6F3-Z0XH43NS-0098MWQM},11/02/2010 14:45:52,ABC0174,PC-5156,http://monster.com/WboUhagvat1180707852.html,required concepts responsibilities concepts equivalent strong resume dynamic multiple dynamic part-time multitask permanent required initiative visual team resume passion passion passion passion develop opening multitask skills team skills job team contribute team degree resume multiple compensation contribute required customer multiple initiative experience skills passion permanent years
http,{W5D7-I6AW25CH-0786UWYW},11/02/2010 15:21:28,ABC0174,PC-5156,http://jobhuntersbible.com/WboUhagvat1258877042.aspx,required multiple sales develop self people resume process benefits analyze permanent industry permanent resume develop required responsibilities skills multitask years job multiple management platform start degree sales dynamic customer salary concepts multitask experience management required experience starter management self opening responsibilities salary passion
http,{M4R6-Z8YY81MS-0912UHPV},11/02/2010 15:22:46,ABC0174,PC-5156,http://linkedin.com/WboUhagvat1479839504.aspx,opening multitask start compensation job guidance responsibilities customer sales start expert passion responsibilities hours customer passion multitask opening responsibilities benefits multitask industry technologies experience self hours equivalent management experience engineer customer team multitask team people degree self required people experience develop hours initiative sales customer dynamic
http,{W1X3-Q7AQ62TG-0678ILGH},11/03/2010 08:16:31,ABC0174,PC-5156,http://hp.com/WboUhagvat1944152218.jsp,resume team guidance strong job contribute responsibilities relocation call degree multitask permanent start industry required customer analyze multitask analyze report analyze resume resume multiple contribute required on-time start sales start develop dynamic guidance technologies responsibilities sales degree process dynamic dynamic growth develop resume salary on-line visual on-time guidance multiple resume skills interface interface compensation years develop process
http,{V2R5-V7YC70UQ-4890JHBE},11/03/2010 08:53:03,ABC0174,PC-5156,http://linkedin.com/WboUhagvat1479839504.aspx,years dynamic start multitask initiative industry guidance permanent strong growth resume job experience multitask required team management on-line report concepts starter process report strong expert sales dynamic salary start skills visual strong management strong analyze benefits required required skills opening job equivalent concepts experience responsibilities expert hours contribute contribute opening passion develop dynamic report management platform
http,{A8Y3-T7CK97YW-5608JTMF},11/03/2010 09:02:26,ABC0174,PC-5156,http://careerbuilder.com/WboUhagvat660170997.htm,on-line resume benefits job customer develop start team people experience growth degree team multiple develop sales people concepts process passion on-line skills years industry required guidance team degree expert contribute dynamic benefits expert growth required self call opening people multiple people start multitask contribute years start job required required salary strong concepts contribute report strong
http,{Y7B0-R6UW08RC-5753TKDJ},11/03/2010 09:40:35,ABC0174,PC-5156,http://jobhuntersbible.com/WboUhagvat1258877042.aspx,passion visual responsibilities customer benefits expert resume on-time equivalent resume required degree growth permanent process self multiple responsibilities salary team resume multiple resume expert platform job resume industry people job hours passion self passion years strong growth multiple expert develop strong contribute permanent responsibilities interface years concepts responsibilities skills
http,{H0E4-U7OL97OW-7355FYWS},11/03/2010 10:29:49,ABC0174,PC-5156,http://monster.com/WboUhagvat1180707852.html,technologies platform job job sales hours multitask initiative passion people initiative interface guidance passion opening resume permanent degree job strong skills skills management passion growth job engineer develop compensation strong responsibilities required skills people analyze growth interface multiple experience required technologies industry industry contribute technologies dynamic skills benefits team required industry multiple management permanent skills people on-line salary dynamic passion resume
http,{O0Q8-E9WP94HM-6663ZNAO},11/03/2010 10:50:41,ABC0174,PC-5156,http://lockheedmartin.com/WboUhagvat1636367808.htm,job degree years years industry passion concepts passion equivalent resume degree skills concepts experience management initiative responsibilities years years experience experience multiple start report passion hours multiple years degree opening growth opening benefits
http,{C2A6-K0ES36UG-3485GDDN},11/03/2010 11:06:22,ABC0174,PC-5156,http://raytheon.com/WboUhagvat343187784.jsp,experience growth experience multitask resume strong equivalent experience on-line team recruiter process strong starter degree industry report self platform develop hours multitask on-time start degree resume opening years relocation equivalent passion equivalent required start technologies self degree compensation benefits report benefits guidance passion develop
http,{T3T4-I8UV95BO-6293QBPF},11/04/2010 07:42:15,ABC0174,PC-5156,http://indeed.com/WboUhagvat1680703797.html,management responsibilities on-time customer sales platform skills growth self multitask responsibilities on-time equivalent passion growth contribute industry platform benefits multitask interface experience on-time responsibilities skills skills starter expert responsibilities skills concepts management
http,{J9A6-P0KL11SV-4405AXGL},11/04/2010 15:07:15,ABC0174,PC-5156,http://job-hunt.org/WboUhagvat919122234.html,platform sales technologies passion job job equivalent industry process contribute guidance initiative interface platform resume technologies people job experience equivalent start degree interface team recruiter equivalent part-time degree hours responsibilities on-time platform platform interface customer equivalent passion platform passion required multitask industry people resume
http,{T4X1-O1CA05BW-0825YLIU},11/05/2010 09:17:09,ABC0174,PC-5156,http://linkedin.com/WboUhagvat1479839504.aspx,required guidance contribute required team skills skills on-time permanent sales multitask degree compensation industry years multitask required experience on-time technologies platform required growth job passion technologies multitask resume guidance degree concepts start hours strong dynamic platform equivalent platform interface industry
http,{C1Q9-X1ET54KK-4114KJNA},11/05/2010 09:47:54,ABC0174,PC-5156,http://indeed.com/WboUhagvat1680703797.html,initiative visual multitask resume interface strong expert benefits required strong equivalent on-line people on-line years industry technologies experience report team call degree equivalent industry platform required dynamic expert multitask dynamic interface sales job initiative experience customer people concepts initiative on-time industry opening engineer people start passion degree multitask opening degree passion customer passion permanent resume analyze dynamic develop
http,{V8I3-Y6NZ14KG-1844XGZH},11/05/2010 11:09:22,ABC0174,PC-5156,http://boeing.com/WboUhagvat1904327536.htm,sales experience experience multiple process required technologies recruiter platform dynamic management passion multitask develop permanent multiple permanent recruiter on-line platform responsibilities passion responsibilities guidance guidance management visual growth job on-time responsibilities multiple growth multiple equivalent experience develop degree degree platform job responsibilities salary strong required years guidance concepts self compensation team required resume guidance passion strong expert experience multitask multitask guidance platform resume
http,{L2W3-X8IF08MU-7834PWIJ},11/05/2010 11:32:15,ABC0174,PC-5156,http://lockheedmartin.com/WboUhagvat1636367808.htm,team degree benefits analyze passion resume skills on-time on-time self industry customer benefits initiative experience skills opening customer contribute team growth team concepts dynamic develop dynamic industry salary industry on-time visual relocation guidance required responsibilities multitask industry compensation
http,{T3L9-R7WL54MK-7748URFX},11/05/2010 12:41:55,ABC0174,PC-5156,http://northropgrumman.com/WboUhagvat572113271.aspx,salary guidance technologies growth develop analyze platform start report required start relocation multitask opening interface platform technologies degree multitask resume team responsibilities guidance hours responsibilities salary permanent resume visual required management resume job responsibilities opening people develop opening required required required interface years skills customer customer interface resume responsibilities growth develop develop self technologies start dynamic platform years equivalent resume people concepts expert start report industry dynamic compensation
http,{L2F7-C6SB54TQ-4826FFKP},11/05/2010 13:53:03,ABC0174,PC-5156,http://lockheedmartin.com/WboUhagvat1636367808.htm,initiative equivalent responsibilities develop multitask multiple dynamic start permanent opening technologies sales interface compensation dynamic start required skills multiple job years sales initiative multiple experience strong job people team part-time report multitask engineer visual responsibilities report required process experience degree strong interface growth concepts management multitask equivalent experience on-time
http,{J1J8-P5KD45HM-9880MRZL},11/05/2010 15:24:30,ABC0174,PC-5156,http://hp.com/WboUhagvat1944152218.jsp,years expert skills management contribute technologies equivalent customer resume management degree develop concepts technologies team team skills salary responsibilities required starter years passion analyze salary engineer multitask team initiative technologies responsibilities multiple contribute process team interface experience required responsibilities skills develop multitask people responsibilities customer experience initiative concepts initiative equivalent passion interface salary start responsibilities degree concepts growth platform customer years dynamic resume skills
http,{C3I4-F8CC98UC-2799ZYVZ},11/08/2010 07:50:24,ABC0174,PC-5156,http://jobhuntersbible.com/WboUhagvat1258877042.aspx,hours responsibilities sales multiple multiple expert job permanent develop years expert relocation degree guidance experience on-line required people self responsibilities concepts interface multitask interface industry visual resume analyze responsibilities opening start degree management contribute salary sales required team sales job team salary required compensation years platform engineer
http,{D0F4-B7MI29RP-7888UMQZ},11/08/2010 08:02:26,ABC0174,PC-5156,http://simplyhired.com/WboUhagvat57469130.jsp,contribute required analyze opening equivalent people degree interface dynamic develop benefits customer on-line guidance resume concepts technologies expert permanent required on-line resume report management dynamic management dynamic process experience on-time strong develop starter interface
http,{G2K3-M4ET66AT-7560CNRV},11/08/2010 08:33:25,ABC0174,PC-5156,http://careerbuilder.com/WboUhagvat660170997.htm,team years customer develop job required team degree passion resume responsibilities report passion people report visual sales initiative growth required compensation develop responsibilities dynamic years people expert part-time start expert interface experience concepts start team compensation industry required required strong self concepts contribute
http,{M2V2-Q0FM98VF-3974JTDI},11/08/2010 08:35:23,ABC0174,PC-5156,http://careerbuilder.com/WboUhagvat660170997.htm,team strong develop analyze compensation multitask initiative skills benefits analyze responsibilities required passion skills process visual start industry team develop opening experience contribute multitask contribute start concepts growth growth dynamic resume management people resume platform report on-time years required management multitask concepts responsibilities self concepts customer experience multitask develop experience multitask multiple
http,{V0O7-R5EW91XV-9133KGZC},11/08/2010 09:10:21,ABC0174,PC-5156,http://northropgrumman.com/WboUhagvat572113271.aspx,team industry expert customer technologies experience dynamic technologies process growth industry platform years multitask team team salary skills strong equivalent team expert recruiter starter salary report salary management team degree report skills contribute compensation industry skills self people
http,{K6D6-C4RZ35FS-7811EHNY},11/08/2010 09:14:59,ABC0174,PC-5156,http://aol.com/jobs/WboUhagvat1963819229.jsp,report team on-time strong starter report people sales years industry permanent salary benefits contribute call experience team job team passion technologies job strong required self expert multitask opening growth multiple multiple initiative engineer team people growth skills industry develop guidance management on-time process hours report experience engineer
http,{Q1L7-K1VJ55OU-1971COFO},11/08/2010 13:55:15,ABC0174,PC-5156,http://hp.com/WboUhagvat1944152218.jsp,visual years analyze passion customer benefits part-time permanent sales experience call process self guidance years start self start technologies team concepts management multiple report responsibilities responsibilities required opening required strong permanent on-line experience permanent develop platform skills report analyze initiative required required growth years multitask benefits report sales technologies experience equivalent start sales platform multiple industry call
http,{D1J4-O6JH81CN-2352WTGS},11/09/2010 09:21:36,ABC0174,PC-5156,http://indeed.com/WboUhagvat1680703797.html,strong growth call hours industry job contribute required years job skills platform concepts skills interface multiple analyze platform sales customer resume multitask passion responsibilities initiative guidance concepts industry part-time multitask platform years technologies equivalent process management interface equivalent dynamic on-time industry technologies required team degree start on-time resume start industry skills experience compensation technologies opening multiple salary opening dynamic skills start skills multiple experience
http,{R7T1-L6SZ73SU-3031FKJF},11/09/2010 10:35:14,ABC0174,PC-5156,http://yahoo.com/hotjobs/WboUhagvat752138490.php,people customer interface part-time job required guidance experience years initiative dynamic contribute expert required on-time technologies team industry report platform job sales experience guidance growth guidance part-time growth benefits multitask permanent interface analyze develop degree job visual skills team multitask compensation
http,{G0Z5-Y2XW50SN-6147SZPS},11/09/2010 10:35:25,ABC0174,PC-5156,http://harris.com/WboUhagvat1919385663.htm,skills management customer engineer degree management multitask years interface analyze resume required years concepts industry customer opening contribute contribute experience concepts call passion contribute equivalent benefits years experience concepts sales platform multitask required resume hours management opening part-time sales concepts dynamic strong multitask guidance job self multiple
http,{Y1W6-H7CZ63XS-4367IXJY},11/10/2010 09:49:02,ABC0174,PC-5156,http://aol.com/jobs/WboUhagvat1963819229.jsp,technologies sales growth job job contribute industry responsibilities relocation job develop responsibilities platform responsibilities years expert guidance degree hours required resume team on-time people multitask job management opening strong years resume develop develop strong compensation report team skills report responsibilities on-time multitask skills management
http,{Q5R0-U6KM07BD-8384EHDY},11/10/2010 10:27:17,ABC0174,PC-5156,http://aol.com/jobs/WboUhagvat1963819229.jsp,equivalent experience platform initiative equivalent strong platform start experience responsibilities experience skills salary management dynamic customer develop permanent responsibilities report management benefits expert multiple skills responsibilities engineer sales guidance guidance team call permanent part-time growth concepts management multiple dynamic develop starter benefits strong opening
http,{T6R2-R2JY03FL-3817BATN},11/10/2010 12:36:00,ABC0174,PC-5156,http://northropgrumman.com/WboUhagvat572113271.aspx,passion dynamic starter experience multiple technologies compensation strong platform dynamic part-time permanent industry customer team responsibilities technologies dynamic experience strong sales self multitask strong required opening engineer contribute dynamic permanent responsibilities industry growth job required required interface report resume compensation multitask job team years team dynamic interface team experience platform industry self concepts experience process management resume
http,{G5W7-F4NL48LF-0875FDLV},11/10/2010 13:32:34,ABC0174,PC-5156,http://hp.com/WboUhagvat1944152218.jsp,dynamic concepts years team visual equivalent part-time multitask hours management multitask concepts management permanent team required people job contribute skills skills dynamic responsibilities dynamic process hours interface guidance skills relocation degree benefits required platform interface on-time required benefits hours self skills growth concepts industry interface years develop platform analyze required technologies contribute equivalent job engineer technologies starter salary resume permanent skills team passion resume multiple resume start multitask platform degree
http,{F1J4-W3GO63QA-9570ASHC},11/10/2010 13:56:07,ABC0174,PC-5156,http://simplyhired.com/WboUhagvat57469130.jsp,team contribute people customer multiple guidance multiple benefits management skills skills interface hours sales skills equivalent degree resume sales years expert on-time job years equivalent people call on-line required growth people process initiative compensation platform industry industry industry degree skills responsibilities skills opening degree develop starter multitask growth benefits platform compensation salary years team skills self degree concepts people
http,{K9C2-P1IU71XW-2367NUWF},11/10/2010 14:19:43,ABC0174,PC-5156,http://indeed.com/WboUhagvat1680703797.html,opening industry multiple self start hours dynamic start years growth experience sales job interface concepts experience team permanent required skills years responsibilities compensation start recruiter resume experience interface team resume technologies salary develop equivalent on-time interface multiple platform team
http,{M0A1-K8CK20RA-7122AWPU},11/10/2010 14:30:08,ABC0174,PC-5156,http://hp.com/WboUhagvat1944152218.jsp,opening passion years contribute analyze skills team multitask required self platform visual dynamic contribute degree contribute resume strong strong concepts guidance resume resume process platform resume team experience visual sales dynamic part-time people multiple team analyze dynamic job permanent experience skills technologies responsibilities job sales permanent required technologies develop customer years skills resume guidance strong initiative opening hours opening dynamic report multitask degree technologies develop passion multitask people
http,{U3V6-Y3PR36JK-4622AMOO},11/10/2010 14:47:50,ABC0174,PC-5156,http://job-hunt.org/WboUhagvat919122234.html,on-time experience skills multitask develop responsibilities growth growth multiple platform guidance concepts expert engineer industry concepts platform benefits multiple process hours guidance part-time passion industry people skills start skills customer report analyze self self required growth job experience expert platform skills customer part-time team interface interface equivalent strong
http,{Y8Q6-V3PI78PU-9178CKNG},11/10/2010 15:35:44,ABC0174,PC-5156,http://boeing.com/WboUhagvat1904327536.htm,process interface on-line passion responsibilities resume sales compensation process multiple growth guidance skills self experience visual technologies required degree multitask degree experience platform process start initiative platform degree start team team management equivalent start years permanent contribute growth opening responsibilities technologies growth contribute salary hours team hours develop customer concepts hours contribute develop degree permanent customer required opening compensation resume permanent
http,{O2S8-D4SR39AA-6815QAJN},11/11/2010 07:54:40,ABC0174,PC-5156,http://boeing.com/WboUhagvat1904327536.htm,customer opening benefits develop concepts self job management equivalent benefits technologies resume strong permanent responsibilities resume required skills skills degree multiple platform salary management equivalent passion dynamic strong starter growth on-line hours skills degree industry engineer industry permanent people strong hours management management
http,{E7Y7-F4GT90QZ-6030CIIC},11/11/2010 08:31:48,ABC0174,PC-5156,http://aol.com/jobs/WboUhagvat1963819229.jsp,concepts sales job responsibilities growth analyze skills report passion management develop guidance required multitask develop platform management on-time benefits growth experience permanent equivalent resume concepts initiative sales report skills degree on-line interface job growth job benefits
http,{U5Z1-Y3YQ56UE-3392PLSJ},11/11/2010 08:36:48,ABC0174,PC-5156,http://craigslist.org/WboUhagvat1105403916.aspx,management platform job required required concepts multiple years job on-time responsibilities multitask responsibilities team initiative technologies growth resume responsibilities experience years degree strong hours customer self strong multiple years develop expert analyze skills management people dynamic equivalent start job required team part-time permanent required expert skills industry industry technologies strong guidance
http,{A7V2-E6YW60QH-2408BGLR},11/11/2010 09:17:45,ABC0174,PC-5156,http://indeed.com/WboUhagvat1680703797.html,multiple opening sales growth self sales multitask years report permanent develop people growth process management people growth contribute salary multitask start platform analyze multitask relocation contribute starter interface sales team job equivalent start experience responsibilities growth growth responsibilities equivalent growth dynamic technologies experience part-time technologies develop skills industry start report platform responsibilities visual
http,{Q7H7-Q4FN68OZ-1069GSXS},11/11/2010 10:19:18,ABC0174,PC-5156,http://yahoo.com/hotjobs/WboUhagvat752138490.php,process sales technologies benefits technologies analyze dynamic team concepts dynamic interface on-time required guidance technologies team strong visual concepts strong people start start benefits dynamic report initiative skills expert develop visual interface part-time interface passion responsibilities team responsibilities expert call sales
http,{W7U3-P7AS77HH-9773MIPN},11/11/2010 10:46:01,ABC0174,PC-5156,http://hp.com/WboUhagvat1944152218.jsp,resume people years contribute responsibilities customer resume technologies passion dynamic experience contribute growth team technologies opening dynamic skills degree industry initiative years benefits expert equivalent equivalent equivalent team industry industry report required responsibilities guidance analyze equivalent on-time team strong required guidance
http,{S7D3-F3RP53UZ-6913FCBM},11/11/2010 10:49:16,ABC0174,PC-5156,http://craigslist.org/WboUhagvat1105403916.aspx,passion start compensation starter skills degree interface opening responsibilities platform industry initiative job industry industry team develop part-time develop industry
http,{X7I1-N4GV88JN-2191GHWU},11/11/2010 15:19:27,ABC0174,PC-5156,http://boeing.com/WboUhagvat1904327536.htm,engineer start years passion contribute initiative interface develop concepts skills equivalent analyze job responsibilities years develop skills recruiter experience compensation sales multiple skills multiple passion multiple interface job part-time resume contribute years develop contribute multiple job compensation strong equivalent dynamic equivalent experience skills relocation opening concepts job contribute team part-time
http,{Z9W1-C6TT21PM-3410SNQL},11/12/2010 10:22:46,ABC0174,PC-5156,http://boeing.com/WboUhagvat1904327536.htm,on-time multiple resume multitask multiple contribute develop resume resume concepts compensation experience technologies self years equivalent experience resume starter multitask required start team growth equivalent guidance sales on-time years multiple responsibilities resume initiative permanent multiple opening customer contribute start initiative industry growth years multiple develop technologies responsibilities required required initiative platform concepts years multiple concepts visual degree customer relocation management expert report contribute customer
http,{D1C0-D4YB95GG-0834BZNZ},11/13/2010 08:41:00,ABC0174,PC-5156,http://yahoo.com/hotjobs/WboUhagvat752138490.php,experience expert process resume process analyze relocation job permanent dynamic degree experience concepts job experience required dynamic years equivalent part-time required sales degree growth dynamic expert concepts experience develop required growth interface multiple
http,{P2Z9-F8MR83VI-7178HLVM},11/13/2010 09:18:04,ABC0174,PC-5156,http://hp.com/WboUhagvat1944152218.jsp,dynamic process strong opening resume develop dynamic self concepts resume sales starter management on-time guidance start growth degree skills part-time required report responsibilities benefits technologies job experience people experience management job opening compensation years management
http,{B1U7-I5NT77JB-5977HBQF},11/13/2010 09:22:09,ABC0174,PC-5156,http://boeing.com/WboUhagvat1904327536.htm,expert initiative on-line concepts contribute self degree starter guidance people years expert skills permanent job people responsibilities equivalent job concepts industry visual analyze years equivalent required customer dynamic responsibilities engineer starter compensation benefits experience compensation resume contribute
http,{Q5P4-N8MY55CA-4722HZNC},11/13/2010 09:53:00,ABC0174,PC-5156,http://raytheon.com/WboUhagvat343187784.jsp,analyze dynamic analyze passion equivalent people growth hours multiple growth develop initiative platform experience customer degree analyze skills equivalent experience job permanent recruiter initiative salary skills experience recruiter experience resume required analyze experience industry dynamic analyze
http,{M2H5-B3VC65YO-5303CCTQ},11/13/2010 14:02:24,ABC0174,PC-5156,http://job-hunt.org/WboUhagvat919122234.html,years opening team resume expert team skills opening develop degree self permanent on-time skills process sales management platform self technologies growth multitask multitask equivalent resume interface dynamic team required resume responsibilities concepts people guidance strong job growth concepts benefits resume job initiative call opening
http,{G9T2-Q4YZ23TO-9691LOFK},11/15/2010 08:20:26,ABC0174,PC-5156,http://monster.com/WboUhagvat1180707852.html,required dynamic passion hours industry strong experience initiative customer years platform report part-time job passion multiple concepts people concepts management dynamic engineer team experience multiple opening compensation sales industry opening sales customer part-time customer dynamic required start management
http,{F6Y2-B7TO98EA-1133KASP},11/15/2010 09:37:46,ABC0174,PC-5156,http://monster.com/WboUhagvat1180707852.html,customer dynamic equivalent customer responsibilities contribute multiple start multitask interface permanent on-time years equivalent guidance interface multitask sales concepts industry technologies benefits benefits permanent growth benefits years skills multitask skills technologies growth degree benefits compensation management job experience
http,{K1B6-L4NW04JD-9539BKQW},11/15/2010 12:33:27,ABC0174,PC-5156,http://boeing.com/WboUhagvat1904327536.htm,technologies multiple management develop concepts process permanent industry salary interface interface analyze sales platform growth equivalent guidance experience years multitask dynamic equivalent industry job benefits report guidance equivalent customer passion analyze management interface report multitask guidance job years team management customer benefits dynamic responsibilities people skills responsibilities develop guidance contribute equivalent team sales experience management platform growth engineer concepts call permanent concepts technologies
http,{C2S2-K8OX45IF-5105TOSV},11/15/2010 12:41:17,ABC0174,PC-5156,http://jobhuntersbible.com/WboUhagvat1258877042.aspx,analyze benefits report start multitask sales visual visual multiple sales hours develop resume part-time multitask years sales degree develop sales on-time concepts equivalent years analyze sales team concepts benefits resume expert technologies sales dynamic guidance self degree permanent technologies
http,{P2O8-S1GI83GA-1821CXSS},11/15/2010 13:36:06,ABC0174,PC-5156,http://lockheedmartin.com/WboUhagvat1636367808.htm,guidance people experience on-line compensation responsibilities dynamic self report years concepts platform degree growth guidance benefits required concepts multiple experience degree technologies job customer platform team report responsibilities report technologies management responsibilities job growth contribute industry platform contribute process degree part-time benefits visual management compensation multiple job start required
http,{G9C9-N3MG94NY-4710ICGS},11/15/2010 14:41:21,ABC0174,PC-5156,http://simplyhired.com/WboUhagvat57469130.jsp,customer benefits resume part-time concepts compensation management guidance management growth process passion salary team hours customer resume experience develop process job skills contribute benefits start multiple starter on-time initiative strong benefits process degree skills skills passion opening people people team years multiple expert
http,{J2Q7-Q5WQ38DK-7038TNGR},11/16/2010 08:06:10,ABC0174,PC-5156,http://job-hunt.org/WboUhagvat919122234.html,responsibilities industry expert multitask experience initiative platform people multitask growth passion salary responsibilities dynamic years degree years technologies platform sales strong degree resume hours customer people dynamic contribute develop passion responsibilities strong analyze years required people interface contribute guidance opening technologies responsibilities guidance skills
http,{N3H9-X4TK85RC-8928CHDD},11/16/2010 08:36:34,ABC0174,PC-5156,http://hp.com/WboUhagvat1944152218.jsp,expert skills sales develop growth resume growth interface expert technologies dynamic job contribute expert part-time hours permanent process guidance start develop multiple initiative passion concepts visual resume growth required management initiative analyze recruiter degree technologies team contribute opening passion develop years resume platform initiative multitask multiple experience
http,{I5K3-Y7XE11DY-3370KVNN},11/16/2010 08:42:56,ABC0174,PC-5156,http://monster.com/WboUhagvat1180707852.html,on-time platform guidance multiple report required start report strong analyze guidance initiative passion people experience guidance years required experience management management opening customer growth benefits multiple required industry analyze technologies platform expert contribute skills strong years job develop on-line guidance sales dynamic interface benefits initiative multitask passion technologies starter contribute on-time team technologies starter platform opening initiative develop multiple technologies
http,{M3O8-X1TN90XK-1989NHBW},11/16/2010 08:44:32,ABC0174,PC-5156,http://harris.com/WboUhagvat1919385663.htm,resume salary team dynamic interface interface resume experience resume multitask strong contribute benefits skills skills passion skills people opening opening start team responsibilities equivalent technologies platform degree job equivalent passion team growth benefits growth customer team benefits initiative platform process years expert people
http,{Z0I7-U8OY46TL-0023HOSG},11/16/2010 09:53:44,ABC0174,PC-5156,http://aol.com/jobs/WboUhagvat1963819229.jsp,initiative required growth skills experience multiple management job management job technologies guidance start hours self job report opening engineer opening on-line people required resume multitask job permanent process compensation benefits experience develop sales engineer permanent platform skills required responsibilities platform multiple develop
http,{V5G2-Y9YC09WH-1903YPSQ},11/16/2010 11:28:02,ABC0174,PC-5156,http://raytheon.com/WboUhagvat343187784.jsp,contribute multitask analyze hours experience passion technologies technologies equivalent start equivalent analyze hours degree industry skills responsibilities job start sales skills develop process job dynamic equivalent technologies contribute multitask concepts multitask multiple analyze sales equivalent report growth industry technologies sales guidance management degree skills skills report contribute skills interface multitask hours experience degree concepts degree concepts customer degree dynamic resume team hours skills team start technologies growth customer start years permanent report people
http,{B3C4-K1NL71VU-3498AFDE},11/16/2010 15:25:55,ABC0174,PC-5156,http://yahoo.com/hotjobs/WboUhagvat752138490.php,concepts resume required degree interface customer benefits sales multiple growth passion start technologies resume passion customer required contribute years recruiter required sales management skills expert sales opening industry growth industry industry multiple equivalent opening technologies expert equivalent
http,{G1G8-O7YF86FC-7214BKVA},11/17/2010 07:48:02,ABC0174,PC-5156,http://linkedin.com/WboUhagvat1479839504.aspx,visual contribute responsibilities opening opening analyze degree benefits management contribute interface part-time guidance develop team customer people expert initiative industry platform industry job interface start customer interface years passion on-time dynamic dynamic develop management people report opening people team skills hours degree sales years team
http,{O9M9-Y9EA37HE-4991QMNY},11/17/2010 07:56:21,ABC0174,PC-5156,http://careerbuilder.com/WboUhagvat660170997.htm,required process process resume benefits multitask multiple start team analyze multitask skills starter multiple opening concepts industry degree people skills multitask years resume concepts technologies team develop skills required industry passion customer opening report recruiter hours skills compensation skills report engineer on-line dynamic process responsibilities multiple equivalent responsibilities skills people part-time required experience people contribute resume multitask self team analyze expert years visual dynamic report required permanent hours skills multiple
http,{W4D5-J3JQ34DV-1373UCDI},11/17/2010 08:01:02,ABC0174,PC-5156,http://lockheedmartin.com/WboUhagvat1636367808.htm,sales dynamic team interface industry passion responsibilities multiple resume skills strong initiative required people customer hours equivalent team degree passion part-time job
http,{G7D4-V7VW82KP-6041CVLF},11/17/2010 08:14:28,ABC0174,PC-5156,http://aol.com/jobs/WboUhagvat1963819229.jsp,years required permanent opening part-time industry customer customer multitask experience experience multiple required equivalent growth relocation permanent start platform permanent responsibilities report sales salary opening years start sales compensation customer management sales opening experience customer start process start resume industry contribute develop experience interface initiative resume multiple required visual multiple salary industry process growth management passion growth benefits strong guidance analyze report initiative
http,{M9O1-I4AD05OT-2701ONTG},11/17/2010 08:30:13,ABC0174,PC-5156,http://yahoo.com/hotjobs/WboUhagvat752138490.php,multiple start opening passion interface initiative platform management customer self guidance required engineer sales passion growth required strong interface permanent team on-time interface resume team customer years benefits equivalent multiple team visual multiple job resume customer platform job hours team multiple required sales dynamic salary team
http,{M3B5-F2GU07JS-7279LZYS},11/17/2010 08:32:39,ABC0174,PC-5156,http://hp.com/WboUhagvat1944152218.jsp,platform opening responsibilities passion opening initiative platform industry sales interface technologies guidance opening industry growth customer passion equivalent initiative team years job contribute growth platform start concepts experience equivalent industry technologies report contribute passion guidance multiple strong team skills interface strong part-time platform management multiple strong benefits job opening years develop
http,{C3P9-N3FP85CE-5485VXRG},11/17/2010 09:18:10,ABC0174,PC-5156,http://northropgrumman.com/WboUhagvat572113271.aspx,report strong years required develop team customer start required job responsibilities concepts concepts degree experience management multitask years engineer visual hours contribute strong team passion experience compensation growth platform multitask start industry team people required degree customer multitask multitask platform contribute resume visual years starter
http,{X2A0-C6BH12GO-7770XYYO},11/17/2010 15:06:36,ABC0174,PC-5156,http://careerbuilder.com/WboUhagvat660170997.htm,expert multitask opening multitask skills skills multitask multitask engineer strong report skills growth analyze experience equivalent responsibilities contribute industry team responsibilities opening required years people initiative responsibilities recruiter degree skills team management contribute compensation customer required job expert process contribute technologies on-time opening people on-time passion engineer growth on-time required strong people on-time self sales sales dynamic compensation
http,{Q5Y6-W3OY67GN-4297UMSX},11/17/2010 15:38:43,ABC0174,PC-5156,http://linkedin.com/WboUhagvat1479839504.aspx,equivalent contribute team concepts develop multiple multitask growth experience experience equivalent develop hours multitask interface experience on-time resume strong required multiple years technologies team industry part-time management salary people starter contribute part-time initiative customer multitask job dynamic salary concepts resume salary industry resume management interface responsibilities develop hours job report skills starter customer guidance industry initiative starter
http,{W6L6-E9MH87UP-8201YJBV},11/18/2010 09:52:45,ABC0174,PC-5156,http://monster.com/WboUhagvat1180707852.html,equivalent interface strong expert concepts process sales experience team responsibilities degree multitask start expert dynamic equivalent starter equivalent job salary resume compensation management job salary
http,{V6C1-N5KP05UR-3937QFNJ},11/18/2010 13:52:14,ABC0174,PC-5156,http://harris.com/WboUhagvat1919385663.htm,salary experience equivalent initiative years interface resume skills compensation skills permanent degree strong concepts passion team experience sales contribute experience interface concepts industry responsibilities develop start equivalent resume platform contribute concepts platform degree people salary multiple dynamic concepts start growth growth
http,{P1B7-U0ZY61AA-0408UCMM},11/18/2010 15:06:06,ABC0174,PC-5156,http://hp.com/WboUhagvat1944152218.jsp,process guidance team responsibilities growth platform self required on-line growth skills skills compensation skills starter experience expert team equivalent develop part-time skills starter experience experience sales degree benefits multiple opening technologies guidance team experience on-line responsibilities resume multiple years process concepts job interface management resume passion contribute team multiple platform responsibilities responsibilities multiple start
http,{F6H0-Z3SO27KV-9281JSWW},11/18/2010 15:19:25,ABC0174,PC-5156,http://boeing.com/WboUhagvat1904327536.htm,customer years sales customer industry degree required passion develop required visual team benefits opening responsibilities skills industry team passion expert responsibilities multitask analyze experience technologies multitask technologies compensation job recruiter analyze industry platform multitask on-line job strong team develop experience equivalent management report equivalent experience concepts responsibilities concepts analyze equivalent self benefits opening opening report
http,{A3O3-T8FK08FI-1356JACM},11/18/2010 15:27:10,ABC0174,PC-5156,http://harris.com/WboUhagvat1919385663.htm,report start starter multitask platform on-time hours starter process initiative permanent technologies job develop degree passion part-time develop multiple guidance skills start develop years sales management compensation contribute salary required expert required part-time responsibilities compensation strong report skills concepts skills team report concepts develop technologies contribute years engineer resume contribute degree compensation
http,{B9N0-Y1HK66GL-5859TSWF},11/19/2010 07:49:19,ABC0174,PC-5156,http://aol.com/jobs/WboUhagvat1963819229.jsp,passion required resume sales sales skills required technologies technologies team hours multiple degree resume job contribute guidance hours benefits equivalent report industry people required job guidance passion team strong team job report customer management degree responsibilities resume job platform concepts develop develop guidance resume growth customer start customer compensation skills growth salary customer resume resume team
http,{Z3R4-I1NJ88OH-1881PUKZ},11/19/2010 08:36:34,ABC0174,PC-5156,http://aol.com/jobs/WboUhagvat1963819229.jsp,industry resume growth analyze degree degree degree opening skills on-time passion starter strong experience technologies permanent part-time platform develop expert report industry required dynamic customer experience management technologies customer report platform resume responsibilities expert platform team on-time initiative years recruiter industry contribute develop on-time sales job years
http,{M1R3-G8BD32MN-7372MNTM},11/19/2010 11:39:37,ABC0174,PC-5156,http://raytheon.com/WboUhagvat343187784.jsp,passion hours growth people part-time platform growth visual initiative platform develop resume initiative experience benefits required equivalent equivalent concepts process develop sales contribute technologies multitask experience on-time years resume part-time growth multitask contribute guidance resume multiple multitask starter technologies degree job multitask interface analyze responsibilities degree experience platform multiple concepts passion sales years on-line permanent visual multiple strong on-time experience experience report technologies salary skills develop call experience required multitask engineer equivalent management job opening equivalent contribute guidance initiative years process hours sales
http,{C7Q0-P3BK11CF-3177NDDM},11/19/2010 12:14:49,ABC0174,PC-5156,http://hp.com/WboUhagvat1944152218.jsp,technologies salary equivalent industry sales required engineer people industry opening expert starter sales expert years technologies salary responsibilities management analyze initiative interface strong benefits job dynamic start job required initiative degree skills benefits customer process hours permanent resume hours expert multitask required resume concepts visual industry experience management responsibilities sales starter technologies sales starter
http,{B3Z2-N3AD35SK-1443RECC},11/19/2010 15:42:56,ABC0174,PC-5156,http://indeed.com/WboUhagvat1680703797.html,sales platform technologies required experience resume dynamic report skills guidance salary years benefits industry self required opening degree start resume industry resume growth customer people guidance benefits team report develop start self job initiative required growth expert interface compensation job concepts start equivalent growth guidance job analyze contribute hours multitask concepts technologies benefits
http,{A8M5-G8NS61IJ-3173CFDN},11/20/2010 07:57:53,ABC0174,PC-5156,http://indeed.com/WboUhagvat1680703797.html,multitask technologies develop industry guidance required sales degree start interface part-time degree sales multiple team growth initiative multitask experience resume technologies start start opening hours growth guidance multitask multiple process resume technologies skills growth opening visual starter develop on-time skills dynamic sales on-time growth on-time required resume technologies
http,{Z0R7-T5BT11GC-1356KMUZ},11/20/2010 08:42:29,ABC0174,PC-5156,http://northropgrumman.com/WboUhagvat572113271.aspx,initiative responsibilities start growth analyze opening permanent call years strong platform platform responsibilities expert concepts platform benefits develop opening skills concepts skills years compensation resume responsibilities initiative dynamic years technologies strong required customer responsibilities management multitask experience management platform years part-time dynamic management permanent responsibilities concepts guidance
http,{Y2D9-I0QW29LB-5103SVJW},11/20/2010 08:42:44,ABC0174,PC-5156,http://craigslist.org/WboUhagvat1105403916.aspx,salary self required part-time customer years management platform benefits multiple contribute opening analyze years concepts multitask strong platform experience multitask multitask required process sales start platform sales customer experience contribute multiple salary passion growth multiple multitask experience equivalent
http,{P8O8-H2FY81YC-8398OMML},11/20/2010 08:47:46,ABC0174,PC-5156,http://jobhuntersbible.com/WboUhagvat1258877042.aspx,self guidance technologies responsibilities resume job resume skills multitask report management technologies experience years sales resume responsibilities hours multiple interface growth self required on-time passion starter technologies experience starter resume dynamic start hours contribute skills report platform resume strong resume benefits report job multiple expert process opening experience degree management report contribute platform initiative job years multiple growth develop permanent multitask
http,{S4O4-V1IR18GV-3502DOEC},11/20/2010 10:09:41,ABC0174,PC-5156,http://indeed.com/WboUhagvat1680703797.html,concepts contribute degree expert degree equivalent industry years customer industry sales people process required equivalent interface opening responsibilities develop expert degree contribute people experience industry resume resume dynamic benefits equivalent engineer resume interface experience industry
http,{O0L5-O8PH02YL-7571ZKAJ},11/20/2010 15:33:30,ABC0174,PC-5156,http://craigslist.org/WboUhagvat1105403916.aspx,concepts opening multitask starter resume team hours resume part-time customer required concepts required technologies resume permanent technologies experience process skills customer years expert multitask permanent required resume multiple contribute guidance skills process expert required multiple start part-time experience process management growth passion process platform compensation years equivalent benefits equivalent years resume platform sales degree experience industry
http,{P0H2-U3CR10BQ-6022TKDH},11/21/2010 08:28:09,ABC0174,PC-5156,http://hp.com/WboUhagvat1944152218.jsp,responsibilities develop multitask strong analyze passion analyze resume customer required multitask initiative multiple team develop management multiple engineer permanent growth industry develop concepts interface multitask compensation job required responsibilities years sales passion process skills degree start report call develop job multiple responsibilities permanent initiative
http,{L4Q5-X4HC67TI-8716DLNL},11/21/2010 08:39:03,ABC0174,PC-5156,http://linkedin.com/WboUhagvat1479839504.aspx,develop industry multiple management multitask team degree on-time starter sales job degree on-time contribute years responsibilities contribute skills benefits required platform resume equivalent on-time report benefits platform multiple dynamic responsibilities opening dynamic degree technologies opening analyze multitask on-time degree experience team team sales develop compensation resume multitask contribute years required develop start equivalent growth required
http,{W6V3-E4WF67PN-7089QOCE},11/21/2010 09:05:28,ABC0174,PC-5156,http://lockheedmartin.com/WboUhagvat1636367808.htm,report dynamic experience sales start responsibilities part-time technologies concepts customer technologies expert concepts customer degree years resume salary sales develop people opening dynamic resume years salary required concepts management passion multiple visual people experience salary degree hours develop years passion opening responsibilities benefits technologies resume multitask report
http,{J1X9-S3PU13EX-1714RFDT},11/21/2010 09:10:49,ABC0174,PC-5156,http://raytheon.com/WboUhagvat343187784.jsp,multitask equivalent strong expert interface on-time responsibilities process experience concepts responsibilities equivalent contribute responsibilities interface guidance team degree responsibilities on-line hours multitask compensation multitask benefits years team expert on-line technologies sales growth multitask platform engineer team required years develop multitask platform process on-time concepts part-time multiple initiative sales resume dynamic on-line responsibilities multitask platform degree responsibilities strong skills multitask
http,{H1J9-E2JI04HV-5348TRHO},11/21/2010 09:55:17,ABC0174,PC-5156,http://job-hunt.org/WboUhagvat919122234.html,experience people guidance contribute contribute strong growth passion customer skills responsibilities years process years equivalent resume visual multitask salary report team salary contribute concepts multiple multiple hours contribute salary resume people years initiative multitask skills opening required opening resume responsibilities experience contribute initiative salary compensation visual contribute dynamic start people skills customer multiple required customer years team
http,{F2W1-Q7BW28WM-9471PCBX},11/21/2010 10:26:12,ABC0174,PC-5156,http://boeing.com/WboUhagvat1904327536.htm,develop team equivalent experience technologies experience contribute contribute job skills team team multiple team benefits on-time job skills customer experience recruiter degree start opening expert opening industry years years develop strong start expert interface required contribute customer compensation growth industry visual opening permanent concepts experience required salary strong develop team multitask sales report years
http,{R1Z3-N0VC69QM-8171QDTA},11/21/2010 10:39:44,ABC0174,PC-5156,http://hp.com/WboUhagvat1944152218.jsp,initiative responsibilities team call part-time relocation report platform hours contribute equivalent interface opening contribute concepts team develop experience growth resume industry analyze required benefits guidance skills on-time part-time strong responsibilities opening equivalent resume report report technologies team customer part-time salary people customer passion start process multitask starter technologies interface required years experience technologies equivalent platform team expert relocation team required customer
http,{S7P1-R0VB32XU-5995NRDA},11/21/2010 10:47:05,ABC0174,PC-5156,http://boeing.com/WboUhagvat1904327536.htm,job degree concepts develop equivalent growth expert initiative dynamic degree people skills degree job multiple self starter customer passion passion skills hours industry report skills on-time responsibilities skills management customer experience job people resume customer degree required people people team
http,{L2S7-I8UQ12JK-4600EMEZ},11/21/2010 14:31:26,ABC0174,PC-5156,http://jobhuntersbible.com/WboUhagvat1258877042.aspx,job passion concepts degree responsibilities management start growth passion strong equivalent job part-time multitask experience industry industry part-time years multitask experience responsibilities team strong team customer report industry multitask multitask customer interface customer team required interface multitask degree develop technologies concepts resume interface dynamic team permanent
http,{D6Y3-K7WK24ZB-8057CHVX},11/21/2010 14:57:26,ABC0174,PC-5156,http://job-hunt.org/WboUhagvat919122234.html,equivalent report interface multiple customer customer experience develop guidance team relocation strong passion multitask self industry expert years required platform equivalent self interface industry growth passion permanent passion sales growth experience responsibilities management customer on-time resume develop expert responsibilities skills experience platform years on-time degree equivalent required strong part-time years process skills degree responsibilities equivalent opening customer
http,{J8K0-J9ZN61XK-9596KCPJ},11/22/2010 10:44:07,ABC0174,PC-5156,http://northropgrumman.com/WboUhagvat572113271.aspx,resume dynamic years platform contribute strong hours strong resume opening years multiple growth years multitask initiative customer self industry customer skills contribute develop customer team resume customer technologies process growth start interface required required technologies starter degree self resume hours required start guidance report industry
http,{N4L5-A0YG55CS-5775DHTR},11/22/2010 13:07:52,ABC0174,PC-5156,http://boeing.com/WboUhagvat1904327536.htm,compensation degree growth platform passion report growth starter customer degree relocation industry job people sales multiple recruiter sales customer industry strong engineer industry start required years platform on-time responsibilities benefits resume people strong responsibilities experience opening growth platform passion required responsibilities skills initiative develop develop growth sales permanent opening start job responsibilities experience compensation
http,{S5N4-F8TX27OY-2348FWGR},11/22/2010 13:23:17,ABC0174,PC-5156,http://hp.com/WboUhagvat1944152218.jsp,process multitask contribute analyze develop expert multitask benefits strong industry job concepts concepts contribute salary team benefits degree guidance people people management technologies required call people skills experience report skills responsibilities degree multitask technologies experience customer resume team hours resume management
http,{Y6I6-G6ZP08ZP-7157DOWC},11/22/2010 13:44:31,ABC0174,PC-5156,http://boeing.com/WboUhagvat1904327536.htm,multitask customer multitask expert management industry industry experience responsibilities management initiative multiple required contribute resume years contribute concepts customer resume guidance concepts years initiative required team contribute analyze benefits growth years equivalent engineer people skills compensation multiple growth start initiative degree concepts opening
http,{H3D3-Y1NX57TI-9007DIYA},11/23/2010 13:36:23,ABC0174,PC-5156,http://jobhuntersbible.com/WboUhagvat1258877042.aspx,opening people multitask customer benefits interface dynamic benefits start job years initiative opening growth management strong required process develop skills benefits develop report self contribute benefits skills multiple self multiple team engineer start interface team multitask responsibilities process industry required relocation degree skills
http,{X5D5-A2DQ30VQ-8111ESZJ},11/23/2010 13:41:20,ABC0174,PC-5156,http://indeed.com/WboUhagvat1680703797.html,management contribute experience degree required required passion platform multiple passion expert analyze technologies contribute customer multiple equivalent multitask expert industry call responsibilities develop contribute multiple strong management contribute salary team salary opening required develop strong experience required benefits dynamic responsibilities guidance analyze experience equivalent team multiple experience visual skills on-time develop skills develop guidance
http,{G1B7-A4KO33QU-9850OSOZ},11/23/2010 14:53:11,ABC0174,PC-5156,http://craigslist.org/WboUhagvat1105403916.aspx,industry part-time start platform industry management visual skills concepts job engineer growth multitask equivalent multiple platform job multitask visual job interface sales growth experience concepts passion experience opening report equivalent technologies technologies resume growth part-time degree resume sales analyze develop opening initiative responsibilities on-time develop resume
http,{G6Y0-D6IE14QR-8640AMQE},11/23/2010 15:27:27,ABC0174,PC-5156,http://linkedin.com/WboUhagvat1479839504.aspx,resume job passion salary required degree start management initiative report skills call equivalent strong growth team benefits customer technologies opening permanent benefits multiple multiple degree expert permanent resume part-time multitask initiative skills contribute part-time benefits contribute required management industry resume platform contribute develop starter industry years multitask sales management equivalent initiative hours industry
http,{L1D1-R5QD14LJ-8476EZPZ},11/24/2010 09:48:09,ABC0174,PC-5156,http://yahoo.com/hotjobs/WboUhagvat752138490.php,management interface benefits responsibilities interface multitask equivalent required responsibilities technologies starter on-time compensation experience customer opening growth technologies degree customer years resume develop guidance expert benefits visual people experience opening team salary resume responsibilities passion equivalent customer benefits job required experience
http,{M7H0-L7YX69IT-7926JLOJ},11/24/2010 12:07:47,ABC0174,PC-5156,http://indeed.com/WboUhagvat1680703797.html,engineer initiative process degree contribute team job hours sales initiative start degree passion growth concepts responsibilities degree skills strong dynamic technologies start platform multiple experience required years on-line multiple develop platform management equivalent develop degree hours growth permanent opening report multiple passion start expert job responsibilities multitask opening customer multitask multitask contribute technologies skills degree start self sales responsibilities team management industry technologies degree start permanent resume resume degree skills compensation
http,{E6Y9-Q8YP26KQ-9692ZTYS},11/24/2010 13:24:06,ABC0174,PC-5156,http://jobhuntersbible.com/WboUhagvat1258877042.aspx,initiative sales initiative multitask team industry degree multitask equivalent responsibilities self technologies experience salary degree management concepts concepts salary skills start on-time benefits recruiter growth experience on-line people engineer management initiative hours required permanent hours growth people years customer responsibilities equivalent concepts passion resume interface compensation dynamic degree experience recruiter years equivalent
http,{V3J8-A6CF28BM-7982ZEZR},11/25/2010 09:23:41,ABC0174,PC-5156,http://yahoo.com/hotjobs/WboUhagvat752138490.php,years degree skills multiple on-time responsibilities years hours guidance required years permanent sales contribute required customer responsibilities starter benefits industry starter starter years technologies job required resume management compensation years years passion guidance initiative start platform compensation job start growth sales equivalent customer
