type,id,date,user,pc,activity
device,{X5U8-Z4XC86QS-5949ROKV},08/06/2010 09:27:24,IJM0776,PC-0198,Connect
device,{Z0S3-A5MX03AY-0184PNWO},08/06/2010 09:36:53,IJM0776,PC-0198,Disconnect
device,{X4G5-B2TE46HR-9348IGTU},08/06/2010 10:02:44,IJM0776,PC-0198,Connect
device,{P7M8-L1WJ21IN-4440SGHO},08/06/2010 10:04:49,IJM0776,PC-0198,Disconnect
device,{W7W5-I6VY17YK-7084RCZB},08/06/2010 10:34:17,IJM0776,PC-0198,Connect
device,{I6T7-E7DQ49AY-7272BMUI},08/06/2010 11:06:00,IJM0776,PC-0198,Disconnect
device,{U3H5-W4KJ81JS-9227LEFT},08/06/2010 11:23:02,IJM0776,PC-0198,Connect
device,{A1H5-L4VF58RY-2966GHQG},08/06/2010 11:41:54,IJM0776,PC-0198,Disconnect
device,{R7B5-C2WL21ZV-3910ZUEV},08/06/2010 11:58:42,IJM0776,PC-0198,Connect
device,{F2S3-Z1EX62UH-6536RJEF},08/06/2010 12:01:46,IJM0776,PC-0198,Disconnect
device,{V4G2-Q9NA28KG-0451GOPX},08/06/2010 13:29:14,IJM0776,PC-0198,Connect
device,{C2T8-D2FT35FC-5237EXDN},08/06/2010 13:44:55,IJM0776,PC-0198,Disconnect
device,{W7M0-D1TM79ZB-0119GDEG},08/06/2010 14:53:48,IJM0776,PC-0198,Connect
device,{U8C4-T5YP22TQ-0991RHKJ},08/06/2010 15:06:12,IJM0776,PC-0198,Disconnect
device,{Y8N9-Q0FY23UG-5168ZNJB},08/06/2010 16:04:05,IJM0776,PC-0198,Connect
device,{Y4L4-I4ME75UN-0866BYDW},08/06/2010 16:08:01,IJM0776,PC-0198,Disconnect
device,{Q6F6-P9JW56KR-9000CXSS},08/09/2010 09:28:24,IJM0776,PC-0198,Connect
device,{X9X0-X9TU16FT-3629GKNL},08/09/2010 09:30:48,IJM0776,PC-0198,Disconnect
device,{N8P8-P2XO97PY-7417CAXP},08/09/2010 10:18:56,IJM0776,PC-0198,Connect
device,{R0A1-J0HR31PP-1865HGFW},08/09/2010 10:39:59,IJM0776,PC-0198,Disconnect
device,{P1I1-V4DC16GS-4047WIHH},08/09/2010 11:58:12,IJM0776,PC-0198,Connect
device,{F3N1-D3UU45HG-1252DUTV},08/09/2010 12:11:03,IJM0776,PC-0198,Disconnect
device,{B6E4-Q3OD56SH-2797YQRT},08/09/2010 13:09:32,IJM0776,PC-0198,Connect
device,{Y0K7-M1NK83PN-9381CRPX},08/09/2010 13:11:10,IJM0776,PC-0198,Disconnect
device,{X1E6-H6HE77RA-0286LSGI},08/09/2010 13:35:21,IJM0776,PC-0198,Connect
device,{B0W0-P2PT08UH-6461PHSA},08/09/2010 13:55:28,IJM0776,PC-0198,Disconnect
device,{O1K9-J9TZ08BT-7217NGVR},08/09/2010 15:21:25,IJM0776,PC-0198,Connect
device,{K1K1-K0II02JI-2623KHRM},08/09/2010 15:52:03,IJM0776,PC-0198,Disconnect
device,{D7O2-I2OR88NL-1319MHOO},08/18/2010 08:38:59,IJM0776,PC-0198,Connect
device,{O1K3-S2KS39ZR-6929ZRQY},08/18/2010 08:56:06,IJM0776,PC-0198,Disconnect
device,{E9Q9-V3IP53RZ-3790HYEQ},08/18/2010 10:04:01,IJM0776,PC-0198,Connect
device,{E3R2-H2ZY77YR-0818NAKH},08/18/2010 10:10:12,IJM0776,PC-0198,Disconnect
device,{L0R2-T3NR42PR-5614EGPU},08/18/2010 11:08:01,IJM0776,PC-0198,Connect
device,{I9M8-V6BO34RB-5252JVAX},08/18/2010 11:29:56,IJM0776,PC-0198,Disconnect
device,{W2B3-Y7GZ23NB-4778GVTX},08/18/2010 11:49:02,IJM0776,PC-0198,Connect
device,{L8A4-W3DY23ET-4372GCLP},08/18/2010 11:49:49,IJM0776,PC-0198,Disconnect
device,{X1D9-E1EF88GO-1763CWPZ},08/18/2010 15:09:15,IJM0776,PC-0198,Connect
device,{W3T8-C1NM45SI-5549KSDW},08/18/2010 15:09:18,IJM0776,PC-0198,Disconnect
device,{Y9E5-V5HH62SG-9409LHWW},08/19/2010 08:51:04,IJM0776,PC-0198,Connect
device,{U0Q7-G7ZN74GX-0637UFYZ},08/19/2010 09:36:52,IJM0776,PC-0198,Disconnect
device,{A8U0-P2MW26CB-4944YHJU},08/19/2010 11:24:38,IJM0776,PC-0198,Connect
device,{P6I0-O1SE42OC-6718WMDM},08/19/2010 11:26:44,IJM0776,PC-0198,Disconnect
device,{N7S2-A5GS17SJ-3096VEFZ},08/19/2010 12:13:39,IJM0776,PC-0198,Connect
device,{A0H6-Y2IH34HG-7962YRDS},08/19/2010 12:15:29,IJM0776,PC-0198,Disconnect
device,{F7W1-I9ME40ZK-4808MZDZ},08/19/2010 12:59:34,IJM0776,PC-0198,Connect
device,{D9Y8-T8MD34MT-6777TRZH},08/19/2010 13:41:04,IJM0776,PC-0198,Disconnect
device,{Y5E1-W2QJ31HX-7361KZYQ},08/19/2010 13:53:21,IJM0776,PC-0198,Connect
device,{X1R5-P5SB84AH-2260GUFS},08/19/2010 14:23:27,IJM0776,PC-0198,Disconnect
device,{O0H0-X8RU01JS-1627QSWK},08/19/2010 15:26:19,IJM0776,PC-0198,Connect
device,{D0T4-F1XR96OV-0896QNMZ},08/19/2010 16:26:35,IJM0776,PC-0198,Disconnect
device,{T8H5-O6CK29SQ-5902MUYG},09/01/2010 08:36:58,IJM0776,PC-0198,Connect
device,{U2V3-O7PR95MM-4545ZOTV},09/01/2010 09:12:07,IJM0776,PC-0198,Disconnect
device,{P3U1-N0QD43JZ-0391IFYN},09/01/2010 09:20:16,IJM0776,PC-0198,Connect
device,{K8E2-D4YC98PD-2362MHUR},09/01/2010 09:28:06,IJM0776,PC-0198,Disconnect
device,{C7J8-Y4PY96IU-6668CFGZ},09/01/2010 09:45:54,IJM0776,PC-0198,Connect
device,{S7L0-P1GT06GS-3937FSUQ},09/01/2010 09:47:12,IJM0776,PC-0198,Disconnect
device,{X5L1-E0FL04BQ-4899FFHQ},09/01/2010 11:14:22,IJM0776,PC-0198,Connect
device,{C5K8-J2NO64NZ-6996HUSH},09/01/2010 11:26:26,IJM0776,PC-0198,Disconnect
device,{W4L7-W6OL17AH-2987RSZK},09/01/2010 11:39:09,IJM0776,PC-0198,Connect
device,{X4O0-P9ZF87OC-6463ZUHS},09/01/2010 11:45:08,IJM0776,PC-0198,Disconnect
device,{K7M5-P6BK69BI-4191OROQ},09/01/2010 11:50:08,IJM0776,PC-0198,Connect
device,{J8T6-V4IP22FD-0922IZAM},09/01/2010 12:05:09,IJM0776,PC-0198,Disconnect
device,{A0K9-M6KZ82SL-8069VMRA},09/01/2010 14:05:30,IJM0776,PC-0198,Connect
device,{I3Y1-T1CW57CB-8256EJMZ},09/01/2010 14:10:31,IJM0776,PC-0198,Disconnect
