type,id,date,user,pc,to,cc,bcc,from,size,attachments,content
email,{N2V9-Z3MA96AA-8489CHAS},07/12/2010 08:33:33,IJM0776,PC-0198,Slater.Nigel@raytheon.com,,,Indira.Jocelyn.Mack@dtaa.com,26370,0,job industry contribute dynamic customer years management opening benefits platform develop contribute skills interface experience salary strong skills report strong develop team permanent equivalent develop passion salary customer management develop concepts call strong start concepts responsibilities responsibilities responsibilities start dynamic growth
email,{Z2Q5-F5FI03JK-9039GXYR},07/12/2010 15:04:56,IJM0776,PC-0198,Slater.Nigel@raytheon.com,,,Indira.Jocelyn.Mack@dtaa.com,32330,0,job compensation skills process initiative start degree equivalent concepts permanent sales permanent strong develop customer hours resume analyze self years experience job strong resume team start interface experience benefits job equivalent salary expert responsibilities develop resume job opening strong multitask dynamic growth responsibilities
email,{T1D1-D9IQ62FJ-2585FGQI},07/15/2010 13:28:21,IJM0776,PC-0198,Slater.Nigel@raytheon.com,,,Indira.Jocelyn.Mack@dtaa.com,16160,0,multiple years industry compensation skills multiple concepts skills customer resume skills permanent technologies call degree opening report equivalent growth resume initiative growth starter resume team sales skills concepts compensation skills initiative platform required concepts visual management equivalent start contribute part-time passion multiple strong management experience years management permanent job skills concepts
email,{M8J0-U1AZ85RK-8544KRSO},07/15/2010 14:22:01,IJM0776,PC-0198,Slater.Nigel@raytheon.com,,,Indira.Jocelyn.Mack@dtaa.com,40539,0,interface salary passion growth job equivalent process concepts platform degree on-time people industry interface analyze multitask years dynamic opening skills responsibilities equivalent multitask opening equivalent salary initiative multitask benefits develop resume required benefits dynamic team benefits skills growth platform job growth start sales salary
email,{A8L7-E2NG41WZ-0044UNKX},07/21/2010 09:42:43,IJM0776,PC-0198,Slater.Nigel@raytheon.com,,,Indira.Jocelyn.Mack@dtaa.com,27062,0,resume develop initiative equivalent management equivalent required team growth passion responsibilities responsibilities experience multiple dynamic responsibilities guidance start industry years compensation report contribute interface opening responsibilities years analyze equivalent expert expert resume team degree sales growth required process equivalent salary team industry team
email,{U9R0-T3AK83AX-6771AVFR},07/21/2010 12:06:26,IJM0776,PC-0198,Slater.Nigel@raytheon.com,,,Indira.Jocelyn.Mack@dtaa.com,24669,0,skills skills equivalent contribute responsibilities process degree required industry job process technologies people experience initiative on-line multiple team resume benefits relocation degree opening team management equivalent strong equivalent develop expert experience resume degree industry experience starter platform concepts develop equivalent responsibilities contribute interface opening process equivalent skills growth job self growth concepts industry contribute sales develop years job multitask experience dynamic customer job process initiative people contribute management multitask engineer analyze resume growth job
email,{S3V5-C0QP49JZ-1034FWRZ},07/21/2010 15:18:15,IJM0776,PC-0198,Slater.Nigel@raytheon.com,,,Indira.Jocelyn.Mack@dtaa.com,25905,0,benefits develop benefits hours team guidance experience experience team contribute initiative management compensation job benefits years required opening develop passion team on-time team skills degree process years passion permanent equivalent hours multitask opening permanent years dynamic on-time visual
email,{Q1K4-T0KN16TJ-4530NZSH},07/27/2010 10:35:32,IJM0776,PC-0198,Slater.Nigel@raytheon.com,,,Indira.Jocelyn.Mack@dtaa.com,23355,0,growth job customer job team permanent team job contribute strong compensation resume team call required responsibilities experience required skills multiple initiative opening people experience multiple degree experience years passion dynamic guidance job management passion benefits sales dynamic customer multitask benefits multitask resume degree required interface hours guidance industry platform engineer resume passion call hours engineer resume
email,{S9O2-O8TQ14FE-0898VSDN},07/27/2010 10:54:27,IJM0776,PC-0198,Slater.Nigel@raytheon.com,,,Indira.Jocelyn.Mack@dtaa.com,28090,0,growth expert technologies salary responsibilities opening sales technologies opening degree technologies expert multiple sales guidance technologies management concepts concepts job degree expert start initiative degree skills benefits resume responsibilities multitask job starter guidance years analyze customer compensation dynamic on-line team sales team concepts sales responsibilities start concepts strong contribute report multiple resume
email,{B4M9-O2HP70IZ-7564RLDT},07/27/2010 13:20:12,IJM0776,PC-0198,Slater.Nigel@raytheon.com,,,Indira.Jocelyn.Mack@dtaa.com,38030,0,interface concepts part-time multitask contribute salary responsibilities expert multitask multiple passion develop on-time guidance job dynamic required guidance skills on-time degree platform resume job technologies growth report resume strong guidance people job engineer develop sales equivalent people dynamic experience responsibilities years contribute multiple
email,{Y9G5-T2JV28EV-7909TQTZ},07/30/2010 14:14:55,IJM0776,PC-0198,Slater.Nigel@raytheon.com,,,Indira.Jocelyn.Mack@dtaa.com,27356,0,salary starter growth salary responsibilities degree management interface concepts management responsibilities contribute growth engineer skills benefits experience team people concepts resume experience visual skills hours permanent passion passion develop responsibilities concepts dynamic multitask customer experience interface visual resume customer concepts management team permanent process permanent develop permanent technologies growth hours resume responsibilities management guidance people interface equivalent responsibilities interface resume experience sales
email,{A8Z0-P7PL26NM-1802GPPU},07/30/2010 14:19:16,IJM0776,PC-0198,Slater.Nigel@raytheon.com,,,Indira.Jocelyn.Mack@dtaa.com,17621,0,resume interface experience process process engineer hours experience engineer report growth people responsibilities experience team guidance sales required starter dynamic expert experience resume degree equivalent opening responsibilities customer people experience dynamic platform multitask years technologies multitask industry salary skills multitask expert benefits skills platform
email,{F9M1-J2MI63QO-0452TDSX},08/03/2010 08:46:53,IJM0776,PC-0198,Slater.Nigel@raytheon.com,,,Indira.Jocelyn.Mack@dtaa.com,43777,0,management initiative benefits contribute benefits contribute sales skills expert concepts self job resume develop equivalent team people resume opening interface resume analyze technologies passion resume interface multiple team concepts opening opening resume process people salary permanent multitask responsibilities initiative equivalent hours expert on-line interface management responsibilities skills multitask opening platform passion equivalent years people resume multiple management opening customer on-time platform
email,{A9Z5-H8XZ32ML-5966SPSO},08/03/2010 15:30:57,IJM0776,PC-0198,Slater.Nigel@raytheon.com,,,Indira.Jocelyn.Mack@dtaa.com,28786,0,skills permanent hours skills job expert relocation strong sales responsibilities experience skills engineer management people starter multitask resume resume visual develop starter starter interface management strong people customer required compensation required dynamic people self passion responsibilities analyze resume
email,{E9Q9-P5SX26QZ-9913PUFW},08/04/2010 13:34:01,IJM0776,PC-0198,Slater.Nigel@raytheon.com,,,Indira.Jocelyn.Mack@dtaa.com,26732,1,experience multitask permanent required team dynamic starter skills start opening industry concepts responsibilities required industry technologies required concepts multiple compensation initiative compensation growth management visual permanent on-line develop degree job experience degree degree permanent benefits technologies platform process process multitask experience multiple management resume multitask benefits on-line resume platform
email,{C2K4-B5OX45HX-9412TMCS},08/17/2010 10:36:14,IJM0776,PC-0198,Blaine.Helen.Cervantes@dtaa.com,,,Indira.Jocelyn.Mack@dtaa.com,21962,0,key week exit exit resignation resign opportunity position resignation of thanks resign notice of opportunity resign exit resignation opportunity week 2 notice of notice position position of tender resignation resign exit resign resign letter key interview of week position position resignation 2 resignation tender resignation thanks position position resignation week notice resign
