type,id,date,user,pc,to,cc,bcc,from,size,attachments,content
email,{U1Z1-N0LL23DF-8707TGGV},09/07/2010 09:30:41,HXL0968,PC-0623,BLG798@raytheon.com,,,Holly.Xerxes.Lara@dtaa.com,30471,0,skills on-line starter customer develop customer required multiple management equivalent develop multiple contribute customer years degree interface resume start skills passion benefits hours multitask guidance analyze years customer salary multitask hours management required industry expert team report equivalent interface start resume multiple analyze multitask dynamic people compensation strong equivalent team required people growth equivalent interface concepts part-time technologies start process contribute concepts benefits customer required
email,{J3C3-S3SK82RJ-5995PYAK},09/13/2010 11:03:38,HXL0968,PC-0623,BLG798@raytheon.com,,,Holly.Xerxes.Lara@dtaa.com,23797,0,start guidance on-time start report resume engineer degree customer people management guidance technologies opening contribute passion on-time job degree interface multiple relocation degree customer skills passion resume technologies permanent industry skills equivalent interface growth industry benefits hours experience degree passion resume required strong guidance expert industry job responsibilities job opening part-time initiative initiative opening customer
email,{X2E8-B6IN44LL-8247DOCP},09/13/2010 15:45:07,HXL0968,PC-0623,BLG798@raytheon.com,,,Holly.Xerxes.Lara@dtaa.com,17594,0,on-time process passion sales years platform experience equivalent skills benefits sales develop team resume sales resume customer contribute analyze initiative benefits team growth people hours visual skills sales relocation contribute on-time degree people experience benefits skills required contribute required expert multiple multitask develop skills interface management sales required responsibilities
email,{L1J5-X7VK88SA-0646WVQE},09/15/2010 15:52:30,HXL0968,PC-0623,BLG798@raytheon.com,,,Holly.Xerxes.Lara@dtaa.com,15471,1,industry required contribute years equivalent experience resume team relocation passion on-time hours on-time self management equivalent concepts starter responsibilities management benefits concepts opening job platform multiple develop multitask on-time on-time concepts start on-time on-time responsibilities multiple people experience degree industry
email,{Z9O4-U7HU05HS-3071NPPY},09/20/2010 10:29:32,HXL0968,PC-0623,BLG798@raytheon.com,,,Holly.Xerxes.Lara@dtaa.com,22999,0,develop job interface passion passion experience concepts start analyze customer team experience report required platform skills guidance opening resume opening contribute team growth responsibilities visual concepts equivalent job management management opening responsibilities strong experience analyze opening job years skills
email,{R5H1-P2IL70OQ-7029QZSI},09/20/2010 12:22:29,HXL0968,PC-0623,BLG798@raytheon.com,,,Holly.Xerxes.Lara@dtaa.com,40578,1,visual salary years equivalent growth visual platform sales responsibilities analyze technologies strong experience hours team platform salary start on-time equivalent resume multiple salary customer people passion responsibilities experience resume job job management experience responsibilities team multitask experience permanent benefits dynamic develop customer strong degree degree dynamic permanent
email,{O9X6-K6NV15DJ-0303RFUT},09/30/2010 08:52:16,HXL0968,PC-0623,BLG798@raytheon.com,,,Holly.Xerxes.Lara@dtaa.com,50994,0,customer interface initiative team team job engineer engineer responsibilities develop skills start contribute responsibilities experience technologies management hours skills experience growth develop customer contribute permanent skills contribute passion multitask passion interface develop required years on-line analyze permanent report process management process on-time opening part-time experience platform customer guidance on-line salary start growth develop technologies process passion passion multiple multitask on-line required management start benefits
email,{W1H8-R2QH85BP-3059BUWT},09/30/2010 12:20:50,HXL0968,PC-0623,BLG798@raytheon.com,,,Holly.Xerxes.Lara@dtaa.com,25239,0,relocation multitask resume permanent start benefits multiple experience multitask team years technologies guidance part-time customer sales permanent team platform contribute technologies skills develop start experience
email,{G5R8-A1DS96BN-5728EFRF},09/30/2010 15:46:59,HXL0968,PC-0623,BLG798@raytheon.com,,,Holly.Xerxes.Lara@dtaa.com,34543,2,required on-line engineer develop degree contribute compensation passion job degree concepts technologies resume on-time people required growth multiple hours visual passion team customer skills required industry customer call contribute report industry interface equivalent strong years strong interface strong growth opening compensation compensation responsibilities job technologies management visual process develop required platform permanent
email,{G6T6-E1HY18UI-5599QIAO},10/13/2010 15:10:50,HXL0968,PC-0623,Sandra.Beverly.Diaz@dtaa.com,,,Holly.Xerxes.Lara@dtaa.com,33167,0,of interview position exit week week my key exit letter resign interview resign my my interview week opportunity position 2 of letter of letter key position position resign key of week my 2 of exit tender resign resign tender resignation week key 2 notice letter interview 2 letter resign exit position letter notice 2
