type,id,date,user,pc,url,content
http,{W9F2-N1PK88MI-9505QHZC},08/31/2010 07:51:41,HXL0968,PC-0623,http://craigslist.org/WboUhagvat1105403916.aspx,responsibilities experience degree compensation growth multiple responsibilities resume years start report passion report platform interface resume multiple experience process report process contribute degree equivalent sales develop team people experience compensation responsibilities initiative people required degree multitask develop dynamic report engineer technologies interface experience experience contribute experience engineer years permanent people report skills
http,{A1F3-Q1DW79KA-2237BLEF},08/31/2010 09:01:51,HXL0968,PC-0623,http://northropgrumman.com/WboUhagvat572113271.aspx,experience experience technologies opening analyze initiative degree passion customer permanent platform platform people concepts management permanent job multitask equivalent permanent equivalent responsibilities contribute on-time guidance dynamic job multitask degree experience degree contribute starter on-time management degree skills dynamic concepts growth customer years experience team concepts years years degree team opening
http,{Q6F4-A8YC22OS-8800UYJS},08/31/2010 12:02:40,HXL0968,PC-0623,http://jobhuntersbible.com/WboUhagvat1258877042.aspx,analyze dynamic required report concepts responsibilities degree resume required start industry years people experience on-time people multitask customer technologies dynamic multiple skills years team growth management people responsibilities contribute develop contribute required multiple report equivalent skills recruiter develop start strong experience salary customer contribute engineer
http,{F2I6-Y2LC43VS-0439XINT},08/31/2010 14:02:40,HXL0968,PC-0623,http://hp.com/WboUhagvat1944152218.jsp,guidance multiple strong management process dynamic on-time equivalent degree responsibilities skills responsibilities people degree skills sales degree multitask management responsibilities years equivalent start starter platform resume responsibilities hours passion contribute multitask start on-line multitask initiative analyze required develop multiple analyze degree develop process job team industry growth job experience process permanent skills interface
http,{E4L2-D6LN68MF-7195ECTI},09/01/2010 07:39:25,HXL0968,PC-0623,http://boeing.com/WboUhagvat1904327536.htm,experience skills passion responsibilities experience team multiple resume start degree responsibilities engineer job experience management required benefits degree sales expert experience passion guidance customer develop multiple contribute part-time responsibilities required management passion interface required experience multitask responsibilities contribute concepts industry strong compensation part-time industry opening opening concepts resume technologies customer management analyze dynamic contribute customer equivalent technologies multiple resume technologies years relocation resume report technologies guidance
http,{X6D2-C8PH16DD-5948YLFF},09/01/2010 07:49:53,HXL0968,PC-0623,http://northropgrumman.com/WboUhagvat572113271.aspx,years skills skills industry dynamic passion job hours years multiple experience sales permanent expert analyze start process job growth permanent years skills multitask salary guidance customer multitask resume experience
http,{L0Z2-E5YD69EM-9443YFLO},09/01/2010 08:33:27,HXL0968,PC-0623,http://job-hunt.org/WboUhagvat919122234.html,dynamic analyze skills start people customer technologies interface required team technologies required contribute contribute multiple skills analyze dynamic customer customer job multitask expert resume degree required job expert benefits resume skills interface years benefits multitask required passion sales management
http,{N5B3-X0RY96MI-4064PYKK},09/01/2010 11:17:20,HXL0968,PC-0623,http://linkedin.com/WboUhagvat1479839504.aspx,customer contribute develop strong dynamic process required benefits team multiple people recruiter strong responsibilities initiative equivalent growth sales multiple experience responsibilities experience multiple required salary responsibilities on-time concepts equivalent resume start interface sales required experience years passion benefits guidance passion on-time contribute degree required
http,{T9D4-S0LG71VS-0292PQNM},09/01/2010 11:31:20,HXL0968,PC-0623,http://aol.com/jobs/WboUhagvat1963819229.jsp,industry permanent interface technologies develop strong passion part-time resume interface multiple management job people passion interface platform multiple degree equivalent contribute process concepts experience required platform passion on-line required guidance resume initiative customer dynamic experience degree contribute on-line customer passion concepts resume years required
http,{U6K5-S7BX63NY-7433AWVV},09/01/2010 12:36:53,HXL0968,PC-0623,http://indeed.com/WboUhagvat1680703797.html,permanent permanent people interface job dynamic skills initiative management platform platform team multiple visual strong skills develop required equivalent customer industry compensation customer interface passion expert years management report team dynamic sales sales opening start interface passion required degree responsibilities hours passion skills multiple benefits skills team experience team required start technologies resume responsibilities management multitask job team dynamic
http,{S1D5-L2OK02AU-9666IOLS},09/01/2010 13:36:37,HXL0968,PC-0623,http://aol.com/jobs/WboUhagvat1963819229.jsp,industry degree on-time degree technologies passion concepts strong experience team equivalent degree concepts multitask sales process resume process platform passion multitask contribute strong growth years growth initiative opening years multitask permanent multitask starter skills interface resume dynamic strong hours concepts technologies engineer skills start contribute required initiative multitask start develop interface expert permanent degree
http,{W1F7-I6BU32TI-2720WBOY},09/02/2010 08:04:18,HXL0968,PC-0623,http://boeing.com/WboUhagvat1904327536.htm,report platform interface multitask responsibilities opening responsibilities interface customer experience contribute guidance equivalent responsibilities growth years required initiative dynamic technologies multiple industry platform resume required required benefits start start people hours expert technologies passion salary permanent team resume years degree opening customer required degree permanent responsibilities responsibilities on-time start required
http,{X1D0-P8GU17YG-9893BJNO},09/02/2010 09:04:09,HXL0968,PC-0623,http://indeed.com/WboUhagvat1680703797.html,team guidance skills process permanent initiative multiple resume dynamic responsibilities management dynamic concepts technologies on-time team strong start start benefits engineer job passion required analyze years contribute concepts dynamic resume responsibilities equivalent multitask team resume resume years
http,{R6W4-S2YT98EI-0362OIJA},09/02/2010 12:03:52,HXL0968,PC-0623,http://monster.com/WboUhagvat1180707852.html,guidance years salary growth job skills multitask technologies strong customer on-time visual experience develop interface develop sales job responsibilities expert start team equivalent sales sales resume required management hours job develop required on-time sales opening customer platform skills develop people start customer job platform resume technologies
http,{E5O0-M2CI64DD-9791ANKB},09/02/2010 16:07:01,HXL0968,PC-0623,http://careerbuilder.com/WboUhagvat660170997.htm,multitask required start equivalent sales concepts concepts job contribute customer responsibilities visual experience multitask develop customer experience years resume platform required industry start job process concepts contribute develop part-time experience guidance platform dynamic strong skills experience multitask people required resume industry industry job guidance passion years passion dynamic permanent start on-line concepts resume expert degree self benefits technologies equivalent benefits management customer
http,{J1X6-E0UZ41SP-6536ILGW},09/03/2010 07:39:22,HXL0968,PC-0623,http://yahoo.com/hotjobs/WboUhagvat752138490.php,resume part-time multitask customer job passion years skills resume sales multiple relocation permanent starter strong years resume skills customer concepts expert permanent analyze growth part-time degree responsibilities resume people multiple degree analyze resume hours platform dynamic develop required technologies platform skills platform
http,{J4E6-T9NK51ZL-3328VFJG},09/03/2010 08:28:47,HXL0968,PC-0623,http://careerbuilder.com/WboUhagvat660170997.htm,people people required initiative contribute interface opening dynamic on-time sales management degree sales opening growth compensation multitask resume experience industry growth responsibilities responsibilities years contribute skills industry experience self benefits contribute platform equivalent process on-time benefits on-time team years analyze compensation industry skills equivalent call multiple passion team industry customer hours benefits visual degree
http,{M1V9-K4UD39OA-3036NEND},09/03/2010 10:43:29,HXL0968,PC-0623,http://raytheon.com/WboUhagvat343187784.jsp,job on-time start multitask job years experience passion people resume analyze initiative experience call start job dynamic skills required team job report experience industry customer job management self degree years growth start team platform contribute contribute interface analyze opening on-time required growth responsibilities team equivalent develop technologies benefits guidance interface salary years growth customer compensation years team engineer guidance permanent
http,{E6C7-K4XD74PB-4909OEWG},09/07/2010 08:59:52,HXL0968,PC-0623,http://linkedin.com/WboUhagvat1479839504.aspx,on-time multitask customer start visual passion permanent team required report contribute guidance develop degree analyze contribute customer concepts required technologies dynamic develop report initiative equivalent concepts salary sales years required platform on-line visual technologies report guidance sales resume permanent passion sales develop starter concepts years benefits years job industry analyze passion opening
http,{Y7M8-L6YP38BH-7869UHPL},09/07/2010 09:48:00,HXL0968,PC-0623,http://careerbuilder.com/WboUhagvat660170997.htm,passion opening multiple customer degree develop start responsibilities develop interface interface multitask job experience develop dynamic management starter guidance years multitask analyze passion develop contribute skills passion interface responsibilities people concepts contribute equivalent salary visual benefits growth multiple self compensation passion develop growth passion resume management analyze growth self multiple benefits guidance sales develop experience
http,{C7A1-Q0KG95TY-0844KHOO},09/07/2010 10:47:51,HXL0968,PC-0623,http://northropgrumman.com/WboUhagvat572113271.aspx,passion sales salary resume years multiple analyze skills management required required required develop team interface skills engineer concepts multiple responsibilities call permanent interface guidance contribute strong on-time customer contribute interface degree resume degree benefits strong team analyze team degree years years develop resume relocation salary management multiple job passion experience develop contribute
http,{C6N7-X8ZT17KV-9364YUWX},09/07/2010 11:45:42,HXL0968,PC-0623,http://aol.com/jobs/WboUhagvat1963819229.jsp,job people benefits management skills passion equivalent benefits degree starter job industry report responsibilities multiple degree process platform required contribute multitask technologies strong required required experience resume job skills management team experience passion industry sales start equivalent people process on-time strong management self report years people concepts process team develop skills guidance responsibilities customer
http,{J3V6-Q4OC84FH-6021VYZW},09/07/2010 12:10:40,HXL0968,PC-0623,http://job-hunt.org/WboUhagvat919122234.html,multitask technologies team part-time customer sales years growth industry multiple management years multitask strong responsibilities experience resume on-time job resume experience call self customer multiple permanent multiple hours develop benefits benefits skills salary degree years growth customer job permanent compensation required hours expert skills team report engineer recruiter skills initiative dynamic management relocation
http,{R2S8-B5AM09BS-4990JUTW},09/07/2010 12:15:35,HXL0968,PC-0623,http://lockheedmartin.com/WboUhagvat1636367808.htm,years start job responsibilities job resume concepts team experience benefits industry years benefits dynamic platform team contribute expert contribute permanent management benefits multiple team start guidance growth concepts years industry management customer technologies job responsibilities years recruiter
http,{X3H8-Y5PD95SK-2205TYBJ},09/07/2010 16:19:52,HXL0968,PC-0623,http://harris.com/WboUhagvat1919385663.htm,technologies experience on-line job multitask opening platform permanent develop responsibilities benefits technologies customer start interface report contribute hours self required self dynamic recruiter contribute required develop skills passion degree responsibilities strong opening responsibilities multiple process multiple platform
http,{A7N2-Z2NO44BU-8019XXZD},09/08/2010 14:30:27,HXL0968,PC-0623,http://harris.com/WboUhagvat1919385663.htm,skills opening benefits process degree growth technologies equivalent team management start opening degree multitask multitask start technologies resume interface opening opening team resume concepts permanent on-time degree initiative people resume multiple passion multiple skills growth job years concepts platform equivalent years report process contribute sales job hours responsibilities benefits visual
http,{E1G5-W5NT36ED-5101ECNC},09/08/2010 14:36:16,HXL0968,PC-0623,http://harris.com/WboUhagvat1919385663.htm,multitask passion job platform on-time resume team analyze expert report passion customer concepts degree years guidance growth strong industry process permanent degree concepts expert concepts job technologies industry initiative passion customer compensation skills responsibilities expert concepts on-line responsibilities analyze years equivalent passion team analyze job process required permanent dynamic responsibilities responsibilities degree resume resume
http,{J1F8-D3FC02VS-3849LXIH},09/09/2010 07:33:46,HXL0968,PC-0623,http://raytheon.com/WboUhagvat343187784.jsp,opening resume expert concepts contribute report multitask opening skills hours skills multitask years start interface technologies part-time hours self report resume job team job skills job initiative responsibilities degree multitask report responsibilities strong passion benefits industry dynamic on-line on-time customer people strong part-time visual responsibilities platform equivalent
http,{I3N4-W8SC40SS-3037DHLW},09/09/2010 07:37:36,HXL0968,PC-0623,http://hp.com/WboUhagvat1944152218.jsp,multitask skills experience starter multiple contribute recruiter customer degree experience starter years start skills multitask develop years customer responsibilities hours platform initiative responsibilities on-time resume strong hours benefits responsibilities on-time opening responsibilities strong concepts concepts part-time management responsibilities self on-time growth resume hours dynamic people customer experience opening skills contribute years contribute concepts skills sales team experience concepts salary interface opening degree team start permanent technologies starter years on-time salary customer contribute equivalent
http,{L8C2-Q0VU81KQ-4267OBYV},09/09/2010 07:42:03,HXL0968,PC-0623,http://lockheedmartin.com/WboUhagvat1636367808.htm,compensation visual sales self starter required skills job concepts multiple responsibilities technologies multitask multiple guidance develop degree report years resume skills interface skills interface on-time degree multitask technologies concepts platform sales strong guidance customer benefits opening guidance years resume on-time industry develop team management platform team experience concepts salary self
http,{Y0X7-Y3IX28UE-2365IDMK},09/09/2010 09:32:00,HXL0968,PC-0623,http://yahoo.com/hotjobs/WboUhagvat752138490.php,degree passion call technologies job responsibilities hours initiative people required strong industry passion analyze required contribute permanent passion report degree strong multiple skills growth develop permanent visual management platform develop sales required visual permanent engineer years process passion experience resume team start team growth required experience growth platform responsibilities start platform on-line years interface years skills people years technologies multitask visual starter develop customer self experience multiple years technologies strong sales on-line analyze
http,{M5L5-M6RF21GF-9194XKQN},09/09/2010 10:22:55,HXL0968,PC-0623,http://careerbuilder.com/WboUhagvat660170997.htm,years interface degree growth benefits hours start people sales resume permanent multiple responsibilities skills passion process required growth equivalent team report responsibilities strong equivalent self multitask initiative hours multiple customer multiple years part-time dynamic years contribute technologies job years permanent guidance growth develop dynamic sales experience growth self people years responsibilities permanent concepts responsibilities multitask degree equivalent start sales customer responsibilities industry industry guidance technologies concepts platform analyze process dynamic concepts team initiative required benefits dynamic skills
http,{V4S1-W9WF63GX-0891JPQN},09/09/2010 12:32:40,HXL0968,PC-0623,http://indeed.com/WboUhagvat1680703797.html,benefits expert multiple growth guidance initiative job concepts self compensation passion report job start multiple industry strong guidance required permanent team concepts concepts multitask start industry on-time on-line concepts expert passion platform job job technologies report strong job years permanent job required engineer report resume equivalent job hours compensation expert people
http,{Q7N5-S1UV26WC-2105PNBU},09/09/2010 13:51:47,HXL0968,PC-0623,http://monster.com/WboUhagvat1180707852.html,team part-time multitask multitask equivalent interface growth years hours permanent customer multitask growth skills growth starter initiative resume sales start expert experience industry team degree salary process job report passion multitask hours passion process responsibilities passion degree resume team strong passion on-time recruiter degree compensation customer management
http,{I4B8-J2BB27DT-6329IMMM},09/09/2010 13:54:10,HXL0968,PC-0623,http://raytheon.com/WboUhagvat343187784.jsp,skills required salary required start salary contribute expert benefits resume customer opening passion experience required concepts growth platform job experience dynamic responsibilities equivalent multitask opening on-time multiple platform multiple platform concepts benefits responsibilities guidance process years years sales
http,{M9E5-C4ZC52XB-8018OXNW},09/09/2010 15:35:08,HXL0968,PC-0623,http://lockheedmartin.com/WboUhagvat1636367808.htm,customer technologies degree guidance industry strong skills develop strong customer sales degree resume skills team responsibilities responsibilities multiple resume multitask degree strong permanent self sales growth multitask platform analyze responsibilities customer people
http,{R1K5-D5GT64VF-5526MZLF},09/10/2010 07:53:33,HXL0968,PC-0623,http://northropgrumman.com/WboUhagvat572113271.aspx,guidance on-time skills hours contribute team dynamic years years people part-time hours salary permanent engineer technologies report contribute opening interface interface required people expert opening develop responsibilities experience team people people contribute initiative multitask expert degree start contribute platform resume responsibilities years resume dynamic platform start multitask growth permanent dynamic interface skills sales sales dynamic experience call people
http,{S5E2-D9UM51PA-5057ULBK},09/10/2010 07:59:28,HXL0968,PC-0623,http://northropgrumman.com/WboUhagvat572113271.aspx,multitask strong hours platform report analyze dynamic interface degree degree management skills contribute resume report starter sales on-time multiple develop hours required job initiative on-time multiple passion develop dynamic multiple start contribute people resume years dynamic interface analyze interface report growth engineer responsibilities degree on-time skills customer self management responsibilities hours initiative resume degree
http,{F3Z2-L2TY04UR-7733RXLF},09/10/2010 08:05:24,HXL0968,PC-0623,http://job-hunt.org/WboUhagvat919122234.html,job customer starter part-time skills equivalent skills multiple concepts expert interface self resume self degree hours report platform responsibilities call responsibilities resume guidance dynamic degree guidance industry sales experience customer initiative experience growth start experience years permanent job develop multitask initiative team
http,{R1Q0-R4JO71QV-7689LTQP},09/10/2010 08:18:45,HXL0968,PC-0623,http://northropgrumman.com/WboUhagvat572113271.aspx,opening experience growth degree required industry skills required job passion years opening equivalent industry starter self management team team years years interface permanent team recruiter sales skills degree passion compensation team opening part-time analyze process starter degree on-time opening multiple starter experience platform compensation call required visual resume on-time benefits contribute start salary resume team analyze interface industry resume people
http,{O3Q6-W9AU07FY-7582MSCW},09/10/2010 09:21:20,HXL0968,PC-0623,http://northropgrumman.com/WboUhagvat572113271.aspx,platform skills part-time equivalent resume required process strong permanent call equivalent skills team visual expert sales permanent growth degree multiple report equivalent report develop dynamic contribute initiative degree team responsibilities required initiative experience on-time contribute experience sales required industry responsibilities degree strong contribute technologies contribute equivalent customer start process sales resume people
http,{B1O5-O7ZX57ON-9982CUMK},09/10/2010 10:09:36,HXL0968,PC-0623,http://hp.com/WboUhagvat1944152218.jsp,permanent start responsibilities required required multiple opening on-time people growth people team multiple technologies customer call degree strong develop benefits hours engineer team hours multitask skills self people industry responsibilities contribute expert strong initiative industry dynamic guidance self equivalent skills responsibilities team
http,{W4P5-T8NX63RZ-5500SPKO},09/10/2010 10:49:58,HXL0968,PC-0623,http://linkedin.com/WboUhagvat1479839504.aspx,strong develop interface develop develop multitask visual call report job degree resume sales contribute experience contribute multitask skills contribute responsibilities years visual contribute platform develop industry develop compensation team visual opening salary industry part-time skills interface growth team industry call passion degree engineer strong years people on-line skills initiative skills responsibilities customer required management multitask responsibilities team opening multiple benefits benefits years growth contribute benefits develop multitask develop
http,{X8O0-G9AL02AT-4479NXFP},09/10/2010 13:48:32,HXL0968,PC-0623,http://craigslist.org/WboUhagvat1105403916.aspx,contribute opening interface required passion job degree multiple contribute customer required contribute visual technologies on-time analyze responsibilities equivalent benefits industry resume experience benefits sales permanent part-time required customer technologies self resume develop job concepts contribute start degree technologies platform concepts start multiple hours
http,{F3B3-K5ZS51EI-2869SVZP},09/10/2010 14:13:19,HXL0968,PC-0623,http://simplyhired.com/WboUhagvat57469130.jsp,experience people on-time start salary team skills salary expert report self benefits passion experience team guidance industry relocation start report multitask growth years degree permanent responsibilities multiple concepts process contribute skills experience interface concepts analyze years self start resume experience analyze required start multitask degree required experience years strong team degree people process customer
http,{K0F8-Y3UQ67ZO-8189NEQJ},09/13/2010 16:00:22,HXL0968,PC-0623,http://yahoo.com/hotjobs/WboUhagvat752138490.php,opening degree skills sales team multitask visual equivalent contribute process concepts guidance develop visual dynamic interface degree process sales resume process develop report concepts management on-time benefits equivalent multitask permanent analyze passion team people compensation permanent process benefits strong interface years report experience
http,{C5R0-H2MU21XS-7771WJTZ},09/14/2010 07:06:27,HXL0968,PC-0623,http://aol.com/jobs/WboUhagvat1963819229.jsp,customer technologies industry strong visual management sales contribute analyze on-time permanent opening permanent skills part-time responsibilities passion resume recruiter skills technologies skills sales experience contribute customer analyze customer skills start industry degree report initiative multitask industry customer passion opening engineer passion customer responsibilities strong years concepts multiple interface degree multitask concepts opening responsibilities develop experience platform sales growth opening
http,{N4I8-F8LK52GP-1050ENHE},09/14/2010 07:22:12,HXL0968,PC-0623,http://indeed.com/WboUhagvat1680703797.html,team skills resume responsibilities self people job on-time self multiple years recruiter growth industry management required part-time contribute dynamic required passion technologies relocation dynamic degree experience multiple multiple technologies job platform years initiative people concepts passion responsibilities customer customer multitask visual industry customer experience opening permanent required skills people growth skills on-time customer passion on-time strong guidance customer degree expert
http,{D5L3-F4DX07NC-0623DRKC},09/14/2010 07:42:36,HXL0968,PC-0623,http://linkedin.com/WboUhagvat1479839504.aspx,opening people self years growth job multiple interface starter responsibilities salary visual start resume initiative develop guidance contribute concepts benefits initiative concepts people people start team guidance interface develop experience concepts degree resume skills years salary hours report initiative growth experience experience guidance on-line customer growth resume responsibilities responsibilities customer resume on-time engineer passion recruiter equivalent on-line industry sales customer process guidance experience starter guidance
http,{Q0Y1-F1FZ19WP-3594VICZ},09/14/2010 07:58:03,HXL0968,PC-0623,http://boeing.com/WboUhagvat1904327536.htm,start visual platform dynamic required people degree platform required dynamic customer technologies required concepts interface sales opening process growth strong degree multitask self required years responsibilities years growth contribute skills required years responsibilities on-time relocation part-time resume opening growth experience benefits multitask degree initiative experience skills strong technologies dynamic platform management equivalent required multitask years opening skills multitask degree technologies process interface develop
http,{V2J3-Y2LN98XK-2439PCZE},09/14/2010 08:42:24,HXL0968,PC-0623,http://simplyhired.com/WboUhagvat57469130.jsp,analyze multiple experience permanent dynamic sales permanent on-time report job hours customer benefits benefits permanent resume degree report multitask experience report industry opening opening opening customer skills multitask platform opening strong degree develop job benefits passion resume years contribute initiative develop multitask benefits years dynamic job
http,{R8D4-D1PG16DF-6555UGLU},09/14/2010 09:14:49,HXL0968,PC-0623,http://simplyhired.com/WboUhagvat57469130.jsp,benefits starter customer team platform customer skills opening contribute salary passion benefits customer guidance interface degree skills interface initiative benefits equivalent required expert concepts on-time job resume experience starter multiple self initiative recruiter degree multitask multitask interface develop initiative experience responsibilities report required part-time resume job sales passion analyze concepts
http,{T1E0-Q8JT88TO-7727SKXV},09/14/2010 11:03:38,HXL0968,PC-0623,http://lockheedmartin.com/WboUhagvat1636367808.htm,expert part-time concepts customer report skills team passion strong management develop analyze job platform years hours management technologies platform interface start concepts industry develop industry call recruiter analyze report contribute compensation on-time customer equivalent technologies resume on-time responsibilities multitask skills resume multitask salary on-time years team skills required recruiter job contribute compensation
http,{O6T1-B1TD57JP-0447ZHRV},09/14/2010 13:11:54,HXL0968,PC-0623,http://indeed.com/WboUhagvat1680703797.html,multiple job opening benefits starter analyze platform platform experience start years analyze concepts strong degree multitask visual multitask expert degree self customer growth passion contribute guidance experience opening platform benefits team process
http,{M9N8-Y3TQ94IR-7330LZHO},09/14/2010 15:16:54,HXL0968,PC-0623,http://harris.com/WboUhagvat1919385663.htm,responsibilities years management visual multitask analyze multitask dynamic self degree years degree management salary part-time team initiative strong start industry contribute analyze degree required contribute team interface industry compensation industry technologies years passion required technologies job people initiative multitask contribute resume people dynamic people on-time concepts interface benefits permanent technologies start salary required equivalent
http,{P9J7-K4EV40NH-9535OIXU},09/14/2010 15:29:35,HXL0968,PC-0623,http://jobhuntersbible.com/WboUhagvat1258877042.aspx,compensation required platform concepts customer responsibilities job people growth start engineer team industry experience on-line customer customer starter required people guidance hours people on-line process strong develop platform passion customer analyze strong strong management on-time contribute expert call degree engineer job permanent industry technologies resume skills self dynamic resume opening part-time experience platform team
http,{Z3U4-P5QM24SZ-8408QDFV},09/15/2010 08:08:28,HXL0968,PC-0623,http://harris.com/WboUhagvat1919385663.htm,team platform guidance sales management degree interface team responsibilities process guidance required years required required strong compensation dynamic on-time team industry self people guidance management on-line team platform sales responsibilities experience develop concepts skills management on-time required technologies contribute part-time technologies dynamic resume technologies start multiple passion customer technologies dynamic degree hours develop job start
http,{C0Q0-C2AD42CT-4216HMNC},09/15/2010 13:10:09,HXL0968,PC-0623,http://jobhuntersbible.com/WboUhagvat1258877042.aspx,multiple engineer develop degree resume starter engineer industry permanent process platform resume compensation equivalent process industry resume degree team team required equivalent engineer strong people multitask benefits required people contribute industry initiative start multitask job sales experience expert develop passion industry job opening compensation skills equivalent permanent analyze years years
http,{S9P3-X1MJ94WL-2152ESPE},09/15/2010 13:23:31,HXL0968,PC-0623,http://indeed.com/WboUhagvat1680703797.html,interface customer required experience report platform resume industry strong opening resume experience skills start contribute opening guidance multiple years guidance resume opening permanent equivalent job skills platform equivalent resume report part-time degree recruiter years
http,{U1E6-H9YP82KR-5492ZYPK},09/15/2010 13:34:42,HXL0968,PC-0623,http://craigslist.org/WboUhagvat1105403916.aspx,on-time sales team multiple equivalent start start multitask team technologies management skills benefits degree hours resume start guidance contribute strong platform people develop years technologies self management concepts contribute on-time team develop strong contribute initiative experience customer concepts skills hours guidance engineer technologies platform degree responsibilities on-time experience job initiative interface degree passion concepts multitask skills concepts develop management experience call starter start on-line concepts on-line dynamic equivalent responsibilities sales
http,{J6B0-L5GK04BO-2948IPTG},09/15/2010 14:40:47,HXL0968,PC-0623,http://job-hunt.org/WboUhagvat919122234.html,team experience multiple dynamic experience required expert benefits management sales hours customer customer compensation responsibilities required concepts platform degree multitask develop experience concepts multiple report technologies concepts develop start job hours responsibilities develop management report degree multiple opening benefits recruiter
http,{M1N7-N6JQ76PJ-9469JGDE},09/15/2010 15:33:41,HXL0968,PC-0623,http://hp.com/WboUhagvat1944152218.jsp,team benefits skills multitask opening job equivalent dynamic guidance multiple develop experience expert industry customer equivalent sales strong skills platform passion equivalent industry team responsibilities resume contribute multiple multitask multiple multitask resume technologies years skills self resume people growth benefits platform start multitask strong opening required skills multiple technologies
http,{E2W8-S0PF03SO-8374QYCS},09/15/2010 15:38:09,HXL0968,PC-0623,http://hp.com/WboUhagvat1944152218.jsp,responsibilities guidance experience equivalent multitask develop interface expert on-line platform opening starter on-time platform technologies skills contribute customer start develop years skills concepts analyze strong responsibilities people management expert team concepts management benefits skills industry required people management multiple start strong management initiative team equivalent responsibilities resume sales experience develop opening sales resume
http,{M9X3-T5FZ50ZP-1352AOMG},09/16/2010 11:12:01,HXL0968,PC-0623,http://raytheon.com/WboUhagvat343187784.jsp,years benefits degree start resume team report customer experience years permanent skills initiative technologies degree benefits interface equivalent industry visual self report contribute job multitask skills start contribute part-time growth initiative strong responsibilities skills years job guidance customer customer years equivalent
http,{W6I5-I9GR83GN-3657JTSP},09/16/2010 15:16:45,HXL0968,PC-0623,http://job-hunt.org/WboUhagvat919122234.html,dynamic job customer resume part-time initiative interface people analyze multiple customer people multitask start management team responsibilities resume dynamic job contribute growth visual passion report multitask develop guidance people opening compensation start concepts growth strong required salary degree required skills dynamic on-time people visual resume experience contribute required starter salary multitask sales
http,{Z1X2-Y6RI99HZ-8236IEVV},09/16/2010 15:52:46,HXL0968,PC-0623,http://hp.com/WboUhagvat1944152218.jsp,multiple passion management process sales skills resume skills sales engineer responsibilities develop growth concepts required concepts recruiter concepts experience report on-time multitask passion passion required resume interface customer job customer start self degree resume sales multiple team degree multitask job resume contribute equivalent contribute analyze team develop technologies degree multitask management technologies initiative platform years on-time permanent multiple benefits
http,{H6X0-F6EN59YP-1902LBUD},09/17/2010 07:19:18,HXL0968,PC-0623,http://boeing.com/WboUhagvat1904327536.htm,job management relocation multiple experience technologies hours experience platform resume required on-time opening job starter sales equivalent opening contribute analyze concepts contribute multitask years degree recruiter experience guidance concepts team start growth degree expert analyze years report start platform opening customer
http,{S9X7-Z3YC95EX-1010XNCK},09/17/2010 08:27:20,HXL0968,PC-0623,http://careerbuilder.com/WboUhagvat660170997.htm,starter contribute salary platform sales report customer industry required people passion skills sales benefits management opening responsibilities passion management skills growth benefits skills skills report growth degree job sales engineer people experience industry strong analyze degree years required resume experience multiple strong strong skills part-time contribute job concepts degree resume industry skills technologies start industry multitask degree multiple industry concepts part-time growth
http,{U8O5-Z8PK13RV-5715JTDW},09/17/2010 11:05:56,HXL0968,PC-0623,http://monster.com/WboUhagvat1180707852.html,passion platform develop engineer job concepts customer develop equivalent strong years opening self industry people skills process management guidance technologies skills dynamic skills initiative contribute platform skills team engineer customer required starter skills team team opening skills resume dynamic contribute resume job team guidance team dynamic develop salary contribute
http,{Z9Z4-J9IA69BS-5717GBSI},09/17/2010 12:01:30,HXL0968,PC-0623,http://careerbuilder.com/WboUhagvat660170997.htm,team responsibilities customer opening required years starter team team resume benefits report team job required resume visual people compensation degree team on-time equivalent analyze part-time initiative dynamic contribute strong concepts skills resume technologies sales skills passion team industry platform industry responsibilities resume required analyze concepts starter
http,{B1H4-E1HH93YH-7130DLJA},09/17/2010 13:58:23,HXL0968,PC-0623,http://raytheon.com/WboUhagvat343187784.jsp,benefits self expert analyze equivalent responsibilities guidance multitask skills multitask analyze permanent self people expert start dynamic responsibilities job required concepts years platform management degree guidance experience people required salary job multitask required initiative multitask interface degree resume dynamic engineer benefits opening years required
http,{Y8P7-F9AZ94WR-7844MXVY},09/17/2010 14:06:18,HXL0968,PC-0623,http://northropgrumman.com/WboUhagvat572113271.aspx,permanent responsibilities start contribute years process required concepts multiple job responsibilities resume guidance develop process job passion required develop growth compensation dynamic call hours benefits develop salary platform concepts multiple concepts self management responsibilities people call resume hours industry resume skills report develop guidance required passion sales experience develop management people resume develop team report people experience people interface degree
http,{Z2Y6-X2VG63TG-2532ETWM},09/17/2010 15:38:29,HXL0968,PC-0623,http://monster.com/WboUhagvat1180707852.html,equivalent passion degree opening start multiple growth degree platform responsibilities team people growth contribute years experience people dynamic start opening industry dynamic platform team opening contribute self process interface degree guidance opening equivalent job responsibilities report growth process contribute resume skills sales skills experience start multitask responsibilities technologies job sales degree technologies team process experience
http,{Z3R6-Q5GI79VU-8156NIMB},09/17/2010 15:46:49,HXL0968,PC-0623,http://careerbuilder.com/WboUhagvat660170997.htm,people dynamic guidance people job job years degree skills on-time analyze skills technologies required resume job passion management passion strong relocation experience platform report concepts report on-time experience degree management team growth experience passion permanent contribute initiative contribute management part-time initiative self
http,{T7B4-Z3LJ29TN-2910ONHE},09/20/2010 07:27:59,HXL0968,PC-0623,http://job-hunt.org/WboUhagvat919122234.html,resume platform multitask initiative customer contribute salary people expert years opening sales management team multiple report opening resume guidance develop resume multitask start start sales multitask platform opening experience opening strong visual multitask job job platform contribute process concepts growth experience years process platform dynamic dynamic multiple people concepts
http,{X8K7-Q7HM92TQ-2634DYJM},09/20/2010 11:34:02,HXL0968,PC-0623,http://monster.com/WboUhagvat1180707852.html,hours industry customer analyze growth start industry years growth management team responsibilities management technologies dynamic experience concepts degree concepts resume salary benefits hours growth develop people degree develop concepts experience part-time dynamic skills strong guidance process people industry customer management responsibilities visual contribute required benefits report permanent equivalent permanent people
http,{N5Y2-T2HL08MQ-1460AIFO},09/20/2010 12:24:54,HXL0968,PC-0623,http://monster.com/WboUhagvat1180707852.html,process platform industry industry customer technologies experience customer strong multiple develop responsibilities job start interface equivalent multitask required strong develop process platform concepts industry initiative job customer job experience dynamic concepts
http,{G5O5-C8PK85MH-6889DIFL},09/20/2010 14:58:06,HXL0968,PC-0623,http://indeed.com/WboUhagvat1680703797.html,dynamic benefits platform benefits people growth skills industry skills guidance management interface process growth required part-time start dynamic responsibilities years self interface start concepts experience hours team equivalent on-time job develop technologies sales skills sales required experience team multitask team visual
http,{D8Q8-C2IO37CX-7269POYY},09/20/2010 15:12:08,HXL0968,PC-0623,http://linkedin.com/WboUhagvat1479839504.aspx,concepts strong job management strong years technologies technologies multitask concepts concepts sales experience concepts management job required responsibilities team team concepts initiative on-line industry team required customer engineer years required resume on-time sales multitask technologies equivalent contribute industry process opening customer interface job
http,{R1I8-D5SB64OY-7390INDC},09/21/2010 09:29:19,HXL0968,PC-0623,http://northropgrumman.com/WboUhagvat572113271.aspx,people resume team management responsibilities strong years team customer hours benefits team responsibilities equivalent guidance guidance passion strong years experience self customer report team responsibilities starter experience years part-time develop develop resume salary guidance experience compensation starter initiative years degree multiple years team opening initiative equivalent opening salary job customer develop dynamic resume team analyze degree on-time multitask strong multitask management responsibilities responsibilities responsibilities
http,{M5T4-K1VO35ET-1278UVGT},09/21/2010 09:54:01,HXL0968,PC-0623,http://lockheedmartin.com/WboUhagvat1636367808.htm,opening strong years compensation resume guidance skills passion analyze technologies required relocation multiple technologies dynamic dynamic customer compensation call required team start responsibilities skills interface opening multiple dynamic passion growth contribute multitask customer industry dynamic degree start required degree part-time start resume platform sales required growth expert platform resume skills platform equivalent strong team resume
http,{L8P8-V3YF76WT-1982DMKW},09/21/2010 11:49:43,HXL0968,PC-0623,http://simplyhired.com/WboUhagvat57469130.jsp,guidance report start degree process resume interface concepts industry report sales salary permanent sales process team experience guidance contribute years starter years starter opening industry sales dynamic passion resume on-line years required on-time multitask years passion job experience call platform develop growth opening skills people people interface skills opening report develop platform on-time
http,{K7W5-C3JQ00OU-4842ECNK},09/21/2010 13:23:43,HXL0968,PC-0623,http://jobhuntersbible.com/WboUhagvat1258877042.aspx,benefits sales team report resume guidance concepts opening concepts develop guidance management multiple dynamic passion management initiative multitask expert platform industry permanent growth interface required visual skills on-time initiative degree interface team sales concepts concepts contribute team process degree concepts resume team technologies contribute salary resume industry develop compensation job passion
http,{U5M4-O0KF46TS-9978BIBL},09/21/2010 13:36:50,HXL0968,PC-0623,http://jobhuntersbible.com/WboUhagvat1258877042.aspx,interface sales team permanent report people experience customer report concepts visual contribute growth skills management years skills customer guidance industry hours process people years people start develop industry dynamic benefits growth equivalent sales growth required benefits multiple analyze equivalent industry degree compensation initiative opening resume compensation years people engineer experience team guidance platform on-time required required sales
http,{H5H9-R6JD98CW-2484ZBTQ},09/21/2010 13:52:08,HXL0968,PC-0623,http://linkedin.com/WboUhagvat1479839504.aspx,initiative degree responsibilities customer resume experience platform opening passion dynamic degree dynamic technologies report equivalent dynamic experience team opening develop passion experience process dynamic responsibilities responsibilities concepts team opening technologies skills platform years job experience job degree salary job on-line responsibilities on-time management strong required multitask technologies
http,{E5W8-F2GK71MY-7604YLJU},09/21/2010 14:11:01,HXL0968,PC-0623,http://jobhuntersbible.com/WboUhagvat1258877042.aspx,growth hours visual report responsibilities part-time management responsibilities multitask opening multitask develop dynamic guidance starter dynamic interface start on-time job team equivalent multiple team concepts growth customer compensation required degree interface benefits permanent contribute compensation multitask dynamic sales skills multiple responsibilities job salary years team management dynamic people industry required customer benefits develop experience years job contribute report responsibilities process dynamic recruiter
http,{V8G6-I9LX13SD-4457IBRJ},09/21/2010 14:52:23,HXL0968,PC-0623,http://monster.com/WboUhagvat1180707852.html,call management starter multitask initiative on-line experience contribute interface develop years develop benefits required required benefits develop experience on-time multiple years growth develop initiative opening dynamic experience required degree years platform multitask interface people required contribute experience dynamic years team concepts experience
http,{I5W0-E0HX93KA-1788NLJA},09/21/2010 14:53:42,HXL0968,PC-0623,http://jobhuntersbible.com/WboUhagvat1258877042.aspx,required dynamic engineer concepts develop analyze required start growth industry passion degree platform years contribute industry salary industry hours skills salary passion years growth report analyze equivalent degree team permanent equivalent customer develop management report benefits report resume job customer responsibilities
http,{X5J0-E8ZL70FQ-2352FNLY},09/22/2010 07:50:04,HXL0968,PC-0623,http://harris.com/WboUhagvat1919385663.htm,resume opening technologies responsibilities develop multitask dynamic resume report passion equivalent part-time team strong opening self industry resume team years responsibilities interface required report team passion salary required degree technologies resume resume technologies passion sales start guidance passion experience start report multiple process growth self multiple industry experience required report years initiative interface
http,{E9B2-B2HG36NT-2605FSAF},09/22/2010 07:58:37,HXL0968,PC-0623,http://aol.com/jobs/WboUhagvat1963819229.jsp,contribute concepts team multiple job on-time multitask passion sales experience salary opening growth skills multitask resume develop expert years skills expert multitask on-line starter analyze permanent platform contribute expert multitask initiative customer responsibilities initiative on-time skills required degree multiple interface industry customer start multiple compensation passion customer sales opening responsibilities contribute responsibilities
http,{J8O0-B4DB40BK-3314WQVS},09/22/2010 10:36:16,HXL0968,PC-0623,http://lockheedmartin.com/WboUhagvat1636367808.htm,growth team multiple concepts team benefits analyze visual degree visual passion permanent equivalent customer benefits required multiple report responsibilities experience resume experience hours years permanent contribute management dynamic skills relocation responsibilities required concepts starter years permanent on-time initiative starter passion process platform analyze equivalent equivalent self resume equivalent responsibilities platform hours dynamic
http,{Z0F5-K6LY14HG-9738RLPN},09/22/2010 12:34:23,HXL0968,PC-0623,http://careerbuilder.com/WboUhagvat660170997.htm,develop self part-time benefits multitask dynamic platform visual technologies skills salary people years multitask report equivalent management years years job strong degree passion analyze required develop required experience required concepts job concepts guidance on-line interface benefits customer experience resume multiple experience initiative interface
http,{G5E2-R8QW48PK-9729VYBQ},09/22/2010 13:21:17,HXL0968,PC-0623,http://careerbuilder.com/WboUhagvat660170997.htm,strong opening analyze strong multitask guidance years strong permanent platform multiple opening report part-time resume customer self resume customer job degree passion people skills interface strong experience multiple team technologies customer sales process platform customer process process
http,{Q8G9-T5XY24OD-5787SRIX},09/22/2010 13:37:49,HXL0968,PC-0623,http://lockheedmartin.com/WboUhagvat1636367808.htm,responsibilities report experience interface years degree sales customer experience initiative years self required skills multiple initiative equivalent responsibilities expert customer passion benefits skills required dynamic hours industry develop management interface management platform sales permanent responsibilities platform initiative hours people degree analyze team initiative customer develop benefits report equivalent part-time opening develop growth opening growth degree opening degree responsibilities engineer people multiple
http,{L6A3-D9CO99WS-3666JCHF},09/22/2010 14:33:08,HXL0968,PC-0623,http://northropgrumman.com/WboUhagvat572113271.aspx,benefits industry passion compensation permanent multiple responsibilities platform part-time initiative sales call report strong required platform growth degree multitask multiple platform on-time skills growth analyze required concepts opening opening strong expert people degree management skills start job years multitask interface team contribute hours management multiple skills platform customer responsibilities required
http,{B5Q6-V2NE89LA-7669BMCA},09/23/2010 09:04:50,HXL0968,PC-0623,http://job-hunt.org/WboUhagvat919122234.html,benefits customer develop opening passion skills people guidance on-line sales strong responsibilities visual degree concepts compensation develop responsibilities experience sales sales expert team growth interface management job multitask contribute industry management passion skills platform on-time responsibilities multitask compensation expert platform responsibilities team years strong job team report
http,{A6E1-S9LH92CC-7248OPDK},09/23/2010 09:09:37,HXL0968,PC-0623,http://monster.com/WboUhagvat1180707852.html,customer skills initiative strong process develop interface initiative opening part-time contribute self report degree develop platform expert expert industry hours years required customer resume equivalent expert job platform initiative degree passion people dynamic passion experience hours skills passion sales contribute passion sales years experience degree starter passion on-line multiple benefits sales sales growth resume interface platform sales benefits opening report years
http,{A2Y2-X5IP15DA-6698LTGD},09/23/2010 09:34:39,HXL0968,PC-0623,http://jobhuntersbible.com/WboUhagvat1258877042.aspx,job required strong multitask equivalent platform on-time job self technologies develop responsibilities industry skills degree experience people growth resume opening required multitask multitask dynamic years experience engineer platform develop job years technologies benefits technologies start resume years job management resume people industry opening years
http,{M2R5-E5GP83QO-2407PYYJ},09/23/2010 09:45:10,HXL0968,PC-0623,http://job-hunt.org/WboUhagvat919122234.html,required hours resume resume hours expert required expert experience compensation platform job industry responsibilities on-time permanent visual required platform hours multitask strong responsibilities resume develop growth team required analyze platform customer industry resume resume job platform customer dynamic multiple initiative years interface interface salary on-line industry analyze required initiative platform
http,{H2K6-L9HO86RQ-4556BODG},09/23/2010 11:46:24,HXL0968,PC-0623,http://raytheon.com/WboUhagvat343187784.jsp,process experience management required multiple process responsibilities benefits dynamic multitask platform degree team permanent guidance years initiative hours dynamic expert experience dynamic report guidance sales contribute dynamic industry benefits experience strong responsibilities passion platform part-time analyze concepts platform contribute experience people industry benefits growth platform resume contribute customer on-line relocation
http,{J7A0-F8KY00LJ-0224QHZF},09/24/2010 07:44:16,HXL0968,PC-0623,http://jobhuntersbible.com/WboUhagvat1258877042.aspx,guidance experience degree customer technologies sales people self salary people degree sales experience analyze management years resume industry team industry multitask job initiative years job required customer responsibilities guidance initiative multitask degree on-time expert interface resume equivalent required equivalent growth required technologies initiative multitask
http,{C3F4-H4AT64BA-2861MPKS},09/24/2010 07:50:40,HXL0968,PC-0623,http://linkedin.com/WboUhagvat1479839504.aspx,relocation engineer multiple multiple dynamic process skills part-time multiple passion degree management years start initiative dynamic skills platform develop responsibilities job skills contribute skills on-time platform multiple experience on-time strong growth dynamic years customer years team sales develop years passion responsibilities people analyze customer equivalent initiative growth multitask interface on-time industry skills passion starter interface
http,{U3Q9-K2QV42OK-0819BAXV},09/24/2010 07:54:48,HXL0968,PC-0623,http://boeing.com/WboUhagvat1904327536.htm,required technologies on-time concepts contribute multiple management multitask skills platform team multiple compensation develop benefits starter interface part-time years on-line resume equivalent report resume degree initiative sales experience contribute report resume hours report benefits interface part-time people sales experience hours industry team report team salary contribute
http,{F4G9-B4JP35YZ-8789MRWD},09/24/2010 08:20:13,HXL0968,PC-0623,http://raytheon.com/WboUhagvat343187784.jsp,responsibilities strong degree develop passion management technologies equivalent benefits responsibilities report responsibilities multiple job dynamic resume multiple guidance start team analyze expert dynamic passion growth benefits equivalent customer on-time responsibilities required benefits self multitask industry required process equivalent opening sales benefits
http,{R0A6-V3JP20YO-1923VKYA},09/24/2010 11:26:26,HXL0968,PC-0623,http://indeed.com/WboUhagvat1680703797.html,permanent required initiative multiple develop experience skills job salary required start compensation management strong sales platform resume part-time team salary hours multitask platform industry years permanent responsibilities responsibilities dynamic growth concepts sales people expert initiative opening
http,{I9R5-I4OA07EA-4783EYVA},09/24/2010 12:09:48,HXL0968,PC-0623,http://careerbuilder.com/WboUhagvat660170997.htm,experience strong job opening dynamic multiple years job concepts visual interface growth concepts permanent management platform start degree years skills start team degree dynamic call customer industry passion responsibilities team experience dynamic self required concepts on-time technologies concepts on-time initiative job multiple process multiple growth interface multitask resume start dynamic report responsibilities sales expert starter job opening process
http,{R2F3-H4ZX27GT-8074PVIG},09/24/2010 12:12:13,HXL0968,PC-0623,http://harris.com/WboUhagvat1919385663.htm,team develop contribute strong degree start responsibilities benefits job dynamic growth benefits passion industry start platform management required initiative dynamic team job expert degree growth develop industry opening experience contribute salary job resume job starter growth sales opening starter multitask customer passion years compensation interface degree start equivalent responsibilities recruiter industry part-time call start opening management initiative on-time benefits experience customer dynamic resume years
http,{J7J1-U3JH67LT-3326JWBO},09/24/2010 13:07:36,HXL0968,PC-0623,http://indeed.com/WboUhagvat1680703797.html,responsibilities customer required benefits passion initiative relocation skills expert multitask passion responsibilities years concepts passion strong skills platform interface contribute years multiple develop guidance responsibilities technologies degree customer develop interface degree permanent multitask experience visual experience team responsibilities responsibilities
http,{T7U8-Z8WW21LW-8996OWJE},09/24/2010 13:52:20,HXL0968,PC-0623,http://raytheon.com/WboUhagvat343187784.jsp,skills job resume years develop concepts engineer hours responsibilities people required resume sales on-time analyze develop process required industry skills multiple benefits team job engineer permanent experience sales equivalent part-time management opening self recruiter platform engineer compensation engineer multitask required resume visual starter platform job people multiple starter degree skills initiative experience responsibilities multiple concepts develop
http,{M5G0-A2FZ59SN-5139AEOF},09/27/2010 14:46:05,HXL0968,PC-0623,http://monster.com/WboUhagvat1180707852.html,required multiple responsibilities develop degree management growth self resume technologies required equivalent growth platform responsibilities multitask self resume platform skills interface responsibilities contribute contribute growth contribute platform sales on-time technologies expert engineer dynamic analyze job multitask responsibilities resume years initiative guidance multiple resume experience degree
http,{V1P8-Y2WF25FU-9290AVUD},09/28/2010 07:33:10,HXL0968,PC-0623,http://job-hunt.org/WboUhagvat919122234.html,contribute sales customer develop skills equivalent start team years interface platform equivalent passion engineer multiple develop skills part-time required on-time sales experience experience degree benefits resume experience concepts self multiple contribute platform job management degree skills sales passion growth customer
http,{T4N9-D1LF41YX-7683SBNQ},09/28/2010 07:33:22,HXL0968,PC-0623,http://simplyhired.com/WboUhagvat57469130.jsp,strong expert self develop analyze compensation industry team platform engineer responsibilities initiative sales permanent job responsibilities on-time customer report process sales skills multitask visual platform opening responsibilities platform required industry salary people degree team responsibilities years growth sales multitask initiative industry resume technologies management people expert expert years platform contribute visual part-time team
http,{I8N8-F6EJ47BS-6502TPHS},09/28/2010 08:37:09,HXL0968,PC-0623,http://indeed.com/WboUhagvat1680703797.html,opening degree opening skills required on-time guidance process experience strong start experience engineer strong required starter management equivalent contribute multiple start engineer contribute skills initiative dynamic starter relocation start responsibilities years people years process start multitask concepts team passion initiative team skills start part-time compensation initiative process team interface
http,{Q8L6-X4ZQ21PC-0714XWLJ},09/28/2010 09:25:43,HXL0968,PC-0623,http://linkedin.com/WboUhagvat1479839504.aspx,strong industry process multiple contribute start platform dynamic analyze years interface multiple develop technologies experience skills permanent customer customer customer resume hours permanent resume platform multitask opening develop visual years start years develop responsibilities process resume degree multitask opening on-time starter years years compensation start concepts dynamic resume people skills start resume expert required experience degree on-line concepts degree part-time experience team
http,{C3J0-W4TL45QW-6731XION},09/28/2010 13:47:51,HXL0968,PC-0623,http://careerbuilder.com/WboUhagvat660170997.htm,on-time management sales process people analyze job customer engineer technologies technologies management interface multiple people management permanent develop degree on-line report passion develop resume on-time multitask on-time dynamic on-time contribute experience benefits guidance multitask recruiter dynamic initiative job sales permanent strong responsibilities platform degree interface skills compensation part-time report on-time salary contribute degree engineer opening team industry start permanent team equivalent start growth equivalent management years develop on-time equivalent job resume responsibilities process
http,{E6Q2-T6AB12ZG-4028NYZS},09/28/2010 15:32:15,HXL0968,PC-0623,http://monster.com/WboUhagvat1180707852.html,interface develop relocation part-time on-time opening recruiter permanent opening degree develop industry growth responsibilities people interface team concepts required passion permanent contribute guidance passion opening resume industry team industry permanent guidance engineer skills growth people contribute resume experience resume expert start job analyze on-time skills industry industry resume multitask
http,{I0F7-B5ZL26ZM-8446KKPL},09/28/2010 16:19:17,HXL0968,PC-0623,http://indeed.com/WboUhagvat1680703797.html,team team platform initiative degree analyze dynamic job management equivalent permanent expert multiple passion initiative degree develop required develop starter passion growth strong years develop start management multiple compensation experience multiple dynamic degree opening salary years skills skills management self experience interface degree dynamic job opening engineer opening start responsibilities required growth multitask start responsibilities
http,{K1Z0-O0MW31LU-5284XEXI},09/29/2010 08:23:30,HXL0968,PC-0623,http://yahoo.com/hotjobs/WboUhagvat752138490.php,on-line contribute concepts guidance visual visual benefits responsibilities people customer develop on-line responsibilities platform sales degree years permanent skills technologies compensation multitask on-line customer experience skills dynamic technologies degree multiple experience people starter dynamic years concepts salary years multitask resume management develop people dynamic people dynamic report multitask expert engineer permanent skills team degree opening concepts strong
http,{J5J6-X2DA52QC-1821RLWA},09/29/2010 10:48:18,HXL0968,PC-0623,http://indeed.com/WboUhagvat1680703797.html,process guidance permanent degree permanent multitask dynamic growth starter report guidance customer industry experience years industry management multiple expert interface compensation degree report technologies start start multitask start skills benefits salary platform process degree platform interface hours benefits skills starter experience develop job multitask develop required experience job contribute
http,{M7E4-Y3WE38ZZ-4308HCCS},09/29/2010 14:48:47,HXL0968,PC-0623,http://careerbuilder.com/WboUhagvat660170997.htm,concepts benefits people responsibilities job contribute concepts degree management experience contribute strong sales visual customer industry multitask contribute technologies job growth experience experience on-time guidance on-time responsibilities permanent team strong start concepts platform dynamic skills customer degree opening years years team multiple skills required opening self multitask required report years degree responsibilities analyze hours job recruiter team customer contribute compensation team resume concepts start customer customer concepts years
http,{N4U5-J6PU57WL-8557DAQC},09/29/2010 14:53:55,HXL0968,PC-0623,http://boeing.com/WboUhagvat1904327536.htm,skills process people recruiter on-line opening contribute years years passion hours team expert interface visual degree experience benefits compensation on-time resume growth start platform report contribute people benefits growth equivalent interface team opening strong report dynamic growth on-time multiple resume years strong resume initiative start industry years self call
http,{J7M8-F2AS38WE-7886NIKB},09/29/2010 16:07:59,HXL0968,PC-0623,http://aol.com/jobs/WboUhagvat1963819229.jsp,contribute technologies growth engineer hours people required job people starter report people growth interface resume growth platform years years management strong skills self management multitask platform years multiple years technologies analyze develop job responsibilities platform on-time engineer on-time platform platform experience sales skills resume multiple analyze on-time passion self degree job resume contribute contribute platform opening contribute dynamic
http,{C7D2-G9HB20WZ-7454QCYQ},09/30/2010 10:39:50,HXL0968,PC-0623,http://lockheedmartin.com/WboUhagvat1636367808.htm,sales on-time responsibilities resume sales interface initiative strong degree visual opening strong required develop concepts passion report part-time salary people develop experience sales report sales report experience team multiple responsibilities sales interface technologies experience platform customer degree initiative required degree benefits required on-line initiative industry start develop industry required skills customer benefits
http,{Q7S4-I7LV25UL-9098GNWC},09/30/2010 11:24:11,HXL0968,PC-0623,http://linkedin.com/WboUhagvat1479839504.aspx,guidance relocation experience guidance experience contribute resume team develop job report engineer passion initiative degree platform recruiter strong permanent team permanent develop people industry multitask skills growth initiative experience job report passion experience people initiative job benefits job degree technologies multitask benefits contribute responsibilities technologies growth guidance passion dynamic develop sales strong team
http,{I1D0-A5UO96VP-7176DQTX},09/30/2010 15:12:07,HXL0968,PC-0623,http://jobhuntersbible.com/WboUhagvat1258877042.aspx,industry guidance sales multitask passion initiative contribute expert part-time experience develop customer team required growth starter job interface dynamic skills technologies resume contribute required benefits develop growth interface required multitask starter sales skills responsibilities management multiple start responsibilities
