type,id,date,user,pc,to,cc,bcc,from,size,attachments,content
email,{R8G0-Z9US23PC-0080GPAW},10/20/2010 07:14:03,TNM0961,PC-2030,Beasley-Flynn@hp.com,Troy.Nicolas.Molina@dtaa.com,,Troy.Nicolas.Molina@dtaa.com,16755,0,report degree skills interface job growth concepts years hours contribute interface interface experience on-time industry degree sales growth part-time management analyze degree multiple salary equivalent people contribute guidance industry guidance opening guidance job interface sales equivalent degree experience management required develop strong technologies team
email,{N8S9-C8QA95JH-8351JYYP},10/20/2010 07:36:32,TNM0961,PC-2030,Beasley-Flynn@hp.com,Troy.Nicolas.Molina@dtaa.com,,Troy.Nicolas.Molina@dtaa.com,17025,1,platform years part-time multiple start required sales sales dynamic growth passion resume sales skills years equivalent degree hours passion expert skills degree dynamic sales skills self years job team people starter management job team multiple experience experience salary on-time dynamic degree on-line people skills contribute job permanent team multiple platform people initiative analyze interface people interface
email,{I6X9-W3HY69XZ-7239OLFV},10/22/2010 08:13:28,TNM0961,PC-2030,Beasley-Flynn@hp.com,,Troy.Nicolas.Molina@dtaa.com,Troy.Nicolas.Molina@dtaa.com,20040,0,team contribute develop contribute multitask industry resume engineer degree process develop responsibilities strong call platform technologies report initiative on-time guidance management interface customer industry report people engineer responsibilities equivalent compensation skills self multitask years concepts multitask management management platform responsibilities passion develop
email,{L8C5-F3EW94AW-0926GXJO},10/22/2010 10:10:23,TNM0961,PC-2030,Beasley-Flynn@hp.com,,Troy.Nicolas.Molina@dtaa.com,Troy.Nicolas.Molina@dtaa.com,25409,0,passion years equivalent responsibilities visual growth responsibilities expert job years required contribute technologies equivalent sales people hours strong initiative develop degree report passion skills platform on-time report interface degree skills experience required skills interface contribute start permanent
email,{D4S3-L8CP99HR-7373HGSB},10/22/2010 15:28:11,TNM0961,PC-2030,Beasley-Flynn@hp.com,,Troy.Nicolas.Molina@dtaa.com,Troy.Nicolas.Molina@dtaa.com,20470,0,sales management team skills equivalent growth concepts team multitask growth resume responsibilities interface experience interface resume resume on-time required team relocation multitask responsibilities develop benefits industry opening experience team contribute responsibilities team technologies concepts multiple team passion people opening multiple multitask contribute degree process job technologies permanent required platform multitask job develop develop multiple multitask sales permanent salary multitask years opening dynamic passion permanent customer dynamic salary multitask years team
email,{E5D4-R6SN76ER-7131MVXY},10/25/2010 07:45:05,TNM0961,PC-2030,Beasley-Flynn@hp.com,Troy.Nicolas.Molina@dtaa.com,,Troy.Nicolas.Molina@dtaa.com,35670,2,degree interface required initiative salary multitask expert people degree people required platform strong start permanent skills growth experience growth contribute technologies degree job dynamic equivalent on-line dynamic management report required compensation expert self strong
email,{U1J2-R2LI01HD-5682SHPV},10/25/2010 07:47:34,TNM0961,PC-2030,Beasley-Flynn@hp.com,Troy.Nicolas.Molina@dtaa.com,,Troy.Nicolas.Molina@dtaa.com,50245,0,job self expert multitask management engineer years concepts growth develop opening develop analyze resume job dynamic experience compensation concepts opening resume resume resume technologies platform contribute multiple management analyze job growth concepts concepts experience job guidance degree part-time strong skills sales benefits develop required years permanent degree interface
email,{K5B1-H6JI27UX-9734JLWF},11/01/2010 11:27:15,TNM0961,PC-2030,Beasley-Flynn@hp.com,Troy.Nicolas.Molina@dtaa.com,,Troy.Nicolas.Molina@dtaa.com,14433,0,required salary customer multiple customer permanent multitask team initiative multitask expert contribute platform people salary benefits concepts years responsibilities strong initiative expert expert compensation industry experience responsibilities required multiple degree part-time interface benefits job resume passion equivalent years job passion job people equivalent years multitask years
email,{V4R6-U5PI96QX-8232UFTX},11/01/2010 15:31:38,TNM0961,PC-2030,Beasley-Flynn@hp.com,,Troy.Nicolas.Molina@dtaa.com,Troy.Nicolas.Molina@dtaa.com,37845,0,years years multiple sales required develop report experience multiple compensation degree concepts contribute team develop years resume contribute resume required salary guidance on-time compensation growth analyze on-time growth job strong salary resume required growth job management required passion start management management team dynamic develop resume management team permanent
email,{Q6N2-D7IN38TQ-4967FJZN},11/03/2010 09:05:09,TNM0961,PC-2030,Beasley-Flynn@hp.com,Troy.Nicolas.Molina@dtaa.com,,Troy.Nicolas.Molina@dtaa.com,19992,0,required team equivalent passion multiple permanent interface equivalent hours opening team degree management concepts hours start years people degree degree job experience strong required people platform contribute equivalent start technologies analyze report develop develop job skills develop passion skills customer interface visual degree team visual years resume growth required process experience skills hours concepts interface required equivalent
email,{M2A1-O2VP51VX-2496SGZU},11/03/2010 13:33:47,TNM0961,PC-2030,Beasley-Flynn@hp.com,Troy.Nicolas.Molina@dtaa.com,,Troy.Nicolas.Molina@dtaa.com,31760,1,skills strong years responsibilities management start strong responsibilities start skills benefits passion initiative analyze people industry responsibilities opening self people develop permanent experience team team years multitask concepts process starter opening team industry team concepts multitask experience required required platform part-time self compensation multiple
email,{B2V9-R4CV00HS-7104ZVCW},11/03/2010 16:11:22,TNM0961,PC-2030,Beasley-Flynn@hp.com,,Troy.Nicolas.Molina@dtaa.com,Troy.Nicolas.Molina@dtaa.com,18116,2,skills management platform start guidance develop customer management multiple multiple responsibilities skills multiple customer initiative report benefits opening responsibilities job required relocation sales report interface concepts start multiple develop skills multitask multiple engineer dynamic contribute opening start benefits skills opening job technologies experience experience strong contribute equivalent industry experience
email,{R1E3-T3GB82QO-7406PDBA},11/30/2010 10:12:22,TNM0961,PC-2030,Sandra.Beverly.Diaz@dtaa.com,,Troy.Nicolas.Molina@dtaa.com,Troy.Nicolas.Molina@dtaa.com,24493,0,resignation my resignation resignation notice exit exit my position resign tender letter notice of letter opportunity tender thanks interview resignation key tender letter resignation of resignation of 2 resignation resignation 2 exit letter thanks
