type,id,date,user,pc,url,content
http,{F0N4-K5SP75UE-5517TXUS},10/15/2010 07:04:48,TNM0961,PC-2030,http://aol.com/jobs/WboUhagvat1963819229.jsp,visual required multitask concepts passion starter job customer responsibilities dynamic responsibilities management interface platform opening required strong required benefits concepts multitask multiple responsibilities equivalent engineer permanent multitask call years years self develop degree technologies visual skills resume experience dynamic sales concepts degree people growth resume opening compensation initiative job
http,{B7M0-Z9OW32HY-6718JGMQ},10/15/2010 08:20:24,TNM0961,PC-2030,http://raytheon.com/WboUhagvat343187784.jsp,customer resume starter start contribute sales equivalent salary people contribute on-line process skills expert platform equivalent skills responsibilities concepts opening sales call management contribute develop customer multitask opening salary required platform years interface contribute on-time multitask industry permanent permanent technologies resume equivalent responsibilities customer part-time job report dynamic resume start passion guidance develop compensation concepts opening process develop self contribute customer years equivalent dynamic
http,{Z0T7-H7XT62UZ-0342YTUL},10/15/2010 10:54:38,TNM0961,PC-2030,http://harris.com/WboUhagvat1919385663.htm,required on-time industry experience dynamic responsibilities experience resume start starter hours responsibilities equivalent analyze strong degree initiative customer report benefits report years develop multitask guidance industry experience years initiative years start start required multiple growth develop report equivalent
http,{X8Y6-J5PA08NA-6784VRKK},10/15/2010 12:55:55,TNM0961,PC-2030,http://careerbuilder.com/WboUhagvat660170997.htm,degree start permanent team required initiative passion passion sales required technologies sales initiative customer engineer management on-line customer interface opening years team people platform self team industry skills job start contribute job equivalent engineer benefits starter guidance engineer industry visual skills team passion contribute degree team experience interface contribute industry
http,{C0F5-X3PP06YI-6599YNQI},10/15/2010 14:28:57,TNM0961,PC-2030,http://indeed.com/WboUhagvat1680703797.html,people salary analyze responsibilities team growth technologies people contribute people salary on-line part-time on-line opening initiative responsibilities degree skills technologies contribute job passion degree multiple customer experience equivalent skills contribute multiple starter required years benefits contribute salary platform required sales platform interface skills technologies skills develop growth years process initiative
http,{A8Z7-A8XE47EP-9370YYEX},10/15/2010 15:05:16,TNM0961,PC-2030,http://craigslist.org/WboUhagvat1105403916.aspx,industry passion required recruiter industry contribute passion strong hours degree sales initiative passion contribute experience strong multiple concepts analyze multitask guidance multiple concepts years contribute responsibilities growth technologies permanent growth customer job starter start guidance skills process growth report start develop equivalent resume expert required interface opening people report responsibilities strong industry expert starter process customer relocation permanent platform degree team degree job develop responsibilities job on-time salary resume skills
http,{G7E3-F9TP77AN-9402GQZM},10/18/2010 07:26:53,TNM0961,PC-2030,http://northropgrumman.com/WboUhagvat572113271.aspx,degree multiple customer responsibilities people initiative team growth contribute responsibilities technologies sales team interface responsibilities growth guidance initiative permanent industry years opening team expert degree growth benefits expert skills on-time develop degree concepts expert multitask
http,{V6I7-Q2KO94CU-5636DYDK},10/18/2010 10:34:25,TNM0961,PC-2030,http://monster.com/WboUhagvat1180707852.html,strong degree responsibilities on-time concepts required contribute relocation degree concepts team report growth years skills job technologies guidance contribute compensation concepts compensation strong concepts initiative interface opening opening self equivalent multitask multitask process degree on-line growth dynamic multiple interface develop visual strong concepts customer customer sales people technologies responsibilities equivalent permanent growth customer team interface
http,{N3S4-N2CJ09LQ-1332IQTH},10/18/2010 13:17:52,TNM0961,PC-2030,http://careerbuilder.com/WboUhagvat660170997.htm,growth management degree strong guidance concepts on-time multiple self experience passion skills responsibilities develop starter people technologies passion passion years strong platform strong passion compensation develop guidance growth management experience required growth experience part-time concepts interface technologies compensation multiple multiple develop resume develop team multiple hours skills part-time required dynamic opening compensation equivalent resume develop hours visual industry compensation management multitask customer
http,{N8W1-V9YT00HK-4762EFTJ},10/18/2010 14:37:39,TNM0961,PC-2030,http://aol.com/jobs/WboUhagvat1963819229.jsp,skills degree initiative years analyze job guidance contribute dynamic report responsibilities self process management interface sales on-line platform technologies dynamic interface responsibilities self part-time growth start contribute skills start analyze industry customer years sales opening
http,{D2B9-W4IU81BQ-6749MAOJ},10/18/2010 15:04:13,TNM0961,PC-2030,http://northropgrumman.com/WboUhagvat572113271.aspx,multiple benefits engineer experience skills start industry benefits responsibilities hours growth years hours equivalent team job multiple growth self initiative on-time multitask concepts opening job team process permanent technologies responsibilities required compensation passion equivalent platform equivalent multitask concepts responsibilities develop platform concepts people experience platform customer technologies passion
http,{G9X7-O4LI36OW-3341QNAB},10/19/2010 09:21:38,TNM0961,PC-2030,http://harris.com/WboUhagvat1919385663.htm,people self multitask concepts multitask multitask years report strong compensation experience start growth industry responsibilities on-time degree report required required technologies multiple sales sales opening passion process opening management permanent starter equivalent degree contribute initiative permanent passion technologies equivalent customer equivalent sales management skills expert multitask industry part-time engineer equivalent engineer equivalent industry initiative
http,{T0I5-H5DX43ZB-3018QKJD},10/19/2010 10:01:52,TNM0961,PC-2030,http://monster.com/WboUhagvat1180707852.html,opening technologies starter multitask experience skills analyze start management multitask degree required people skills self call concepts on-time required salary expert team develop customer customer multitask team experience years benefits required opening passion responsibilities required start contribute management multiple concepts degree expert develop develop people skills
http,{X5Q4-A4GE21RZ-8912ALEB},10/19/2010 10:51:21,TNM0961,PC-2030,http://linkedin.com/WboUhagvat1479839504.aspx,required team interface self job multiple initiative contribute industry multitask technologies required guidance starter interface benefits years technologies years technologies technologies passion contribute develop responsibilities multiple management degree experience initiative required strong technologies guidance guidance growth industry years part-time industry develop sales on-time strong multitask expert growth start team
http,{K8J0-S7EW04YH-3389QEUJ},10/19/2010 10:55:50,TNM0961,PC-2030,http://simplyhired.com/WboUhagvat57469130.jsp,responsibilities sales required dynamic call strong experience self start initiative develop salary contribute analyze platform experience customer experience required growth relocation team develop dynamic process passion people multitask dynamic benefits experience skills experience required resume develop required required equivalent visual job guidance develop team interface required resume on-time benefits strong team concepts passion customer resume job management passion part-time benefits benefits people team sales years industry
http,{P8X2-S8UI57IS-8935EIZJ},10/19/2010 12:40:06,TNM0961,PC-2030,http://simplyhired.com/WboUhagvat57469130.jsp,years on-time equivalent strong passion dynamic develop process degree responsibilities platform degree dynamic job years opening skills passion guidance sales multitask opening growth industry interface resume skills concepts report recruiter degree team opening resume technologies management guidance opening sales start skills strong expert initiative multiple management interface job industry expert initiative salary expert initiative develop initiative guidance
http,{U6Q4-U8UQ02HQ-7913OPPU},10/19/2010 14:05:26,TNM0961,PC-2030,http://craigslist.org/WboUhagvat1105403916.aspx,multitask self skills growth skills concepts benefits develop responsibilities interface self responsibilities dynamic equivalent starter multiple customer skills guidance permanent experience management job report sales opening growth degree starter technologies benefits sales job strong concepts hours develop industry process starter guidance interface on-line
http,{V0V5-O9WM91QC-6606LXDR},10/19/2010 14:29:23,TNM0961,PC-2030,http://aol.com/jobs/WboUhagvat1963819229.jsp,guidance benefits industry equivalent dynamic strong dynamic self years multiple multitask management team opening responsibilities hours starter report permanent years technologies interface analyze report opening resume years customer technologies team passion
http,{P7V6-R3PA07HR-3917RYUY},10/19/2010 16:02:31,TNM0961,PC-2030,http://boeing.com/WboUhagvat1904327536.htm,sales interface guidance self passion benefits job interface passion permanent multiple responsibilities job develop degree process experience multitask required part-time management team years strong develop benefits required job permanent equivalent sales resume self permanent years years multiple on-time technologies skills
http,{C3D3-W5HA75WR-0454UTDW},10/20/2010 08:45:25,TNM0961,PC-2030,http://monster.com/WboUhagvat1180707852.html,platform benefits equivalent part-time start sales engineer team years required start contribute multitask opening required expert sales technologies self expert on-time skills permanent engineer experience multitask multiple on-time sales guidance permanent develop passion call multitask responsibilities strong equivalent required analyze opening passion hours degree equivalent degree degree analyze job guidance visual report
http,{X8A6-Y1BX46OE-2434TYVC},10/20/2010 10:54:18,TNM0961,PC-2030,http://job-hunt.org/WboUhagvat919122234.html,resume benefits passion experience visual team responsibilities skills hours required platform process skills degree people multiple team concepts equivalent permanent years growth strong start salary part-time equivalent expert responsibilities relocation on-time multiple equivalent start initiative required interface industry strong start initiative team required degree skills customer platform contribute concepts responsibilities engineer job experience resume benefits passion team
http,{Y7N0-S2ZA47VG-5421FURZ},10/20/2010 11:14:53,TNM0961,PC-2030,http://aol.com/jobs/WboUhagvat1963819229.jsp,opening industry part-time job degree sales passion customer customer sales team develop starter analyze people responsibilities passion permanent growth responsibilities report start degree guidance process initiative management guidance multitask industry skills platform required sales guidance engineer required opening people people permanent sales management customer technologies contribute sales multitask required sales benefits start customer required
http,{Z8D1-M3SW11SC-5193FAVL},10/20/2010 14:30:19,TNM0961,PC-2030,http://indeed.com/WboUhagvat1680703797.html,dynamic passion resume start process concepts concepts degree initiative dynamic management platform report concepts interface initiative team team benefits required management people develop guidance multitask experience develop develop initiative customer customer analyze growth growth skills required industry technologies industry years customer on-time develop sales team skills industry concepts skills people
http,{X3R2-V4YA71NS-0938FWMF},10/20/2010 15:02:12,TNM0961,PC-2030,http://indeed.com/WboUhagvat1680703797.html,team equivalent technologies passion develop multiple responsibilities hours skills platform customer develop initiative salary on-time dynamic required develop multiple skills responsibilities benefits initiative starter degree dynamic multitask strong sales equivalent resume job compensation years team management engineer resume multiple experience concepts starter team concepts customer multiple visual passion people benefits
http,{C2G4-M9GN27SJ-8624CVKZ},10/20/2010 16:16:57,TNM0961,PC-2030,http://monster.com/WboUhagvat1180707852.html,platform years on-time resume analyze skills customer required management responsibilities dynamic passion develop multiple job multiple skills benefits platform team job relocation strong growth initiative initiative growth salary sales on-time start process experience compensation on-time guidance years concepts resume develop job expert required
http,{C9T0-Z4ZT43AT-5985YNNG},10/21/2010 09:44:18,TNM0961,PC-2030,http://hp.com/WboUhagvat1944152218.jsp,concepts expert years skills hours sales platform initiative team team multiple on-time passion job job interface starter skills years technologies analyze multitask platform technologies concepts report guidance years part-time salary required dynamic start sales develop salary initiative analyze analyze experience skills multitask responsibilities on-line engineer years skills
http,{V3H5-X5FF38KC-2352OVVF},10/21/2010 09:47:09,TNM0961,PC-2030,http://careerbuilder.com/WboUhagvat660170997.htm,management responsibilities experience multiple contribute job on-line people permanent growth experience experience start permanent start management customer degree years multiple contribute experience degree technologies starter platform customer multiple resume sales skills people dynamic job multiple contribute process equivalent equivalent process on-time experience
http,{N8Z3-Q7ON85QY-0723HWSS},10/21/2010 12:46:54,TNM0961,PC-2030,http://craigslist.org/WboUhagvat1105403916.aspx,hours process concepts interface starter years years customer industry analyze people benefits guidance expert initiative customer benefits responsibilities contribute degree initiative job report people customer process start interface resume team permanent management start growth sales concepts management sales initiative years degree process
http,{X5S1-I5ED32BS-2873TSTF},10/21/2010 13:31:37,TNM0961,PC-2030,http://linkedin.com/WboUhagvat1479839504.aspx,required resume management responsibilities visual report resume job interface permanent degree dynamic start report resume job team report start process report people required benefits required develop process skills report resume people skills strong industry strong degree interface on-line passion self opening permanent contribute responsibilities
http,{I1K3-W0EA08NT-6656XZVB},10/21/2010 14:33:19,TNM0961,PC-2030,http://harris.com/WboUhagvat1919385663.htm,hours dynamic initiative team contribute customer analyze customer guidance technologies multitask years guidance process dynamic job management skills permanent sales industry interface
http,{Z5Y2-Q3KT60HU-6355FLUM},10/21/2010 14:41:39,TNM0961,PC-2030,http://simplyhired.com/WboUhagvat57469130.jsp,required people salary relocation sales technologies industry dynamic growth opening team multitask sales people strong multitask sales dynamic platform dynamic multiple responsibilities passion process compensation guidance customer passion part-time start benefits on-line skills growth contribute strong team process expert strong sales years degree experience compensation process guidance salary skills years salary
http,{O3Z7-T6SI93CG-8091QZJO},10/21/2010 15:16:15,TNM0961,PC-2030,http://hp.com/WboUhagvat1944152218.jsp,resume dynamic guidance multitask resume opening industry opening report required sales expert job years platform start required skills resume passion responsibilities benefits process required contribute on-line people required starter experience sales process multitask strong experience starter guidance job contribute technologies experience relocation concepts years multiple develop initiative growth equivalent guidance technologies experience guidance on-time process contribute degree report contribute
http,{F9I1-C3HJ03WN-1254SWCM},10/21/2010 15:22:18,TNM0961,PC-2030,http://aol.com/jobs/WboUhagvat1963819229.jsp,benefits required equivalent contribute job industry skills part-time call expert skills develop develop passion people skills management job degree experience contribute strong job report degree experience contribute skills interface benefits years technologies experience skills growth interface guidance opening dynamic self concepts on-time experience analyze strong degree analyze permanent skills required
http,{P6P9-X8TK26GN-4321ZKZF},10/21/2010 16:06:16,TNM0961,PC-2030,http://indeed.com/WboUhagvat1680703797.html,degree multitask benefits team degree interface required industry multiple responsibilities customer skills opening team call benefits report call industry sales develop technologies multiple self part-time starter years concepts salary people years sales interface customer industry responsibilities starter strong develop initiative responsibilities industry interface growth management develop skills team responsibilities salary starter benefits start dynamic required compensation degree platform permanent
http,{H9C7-W5AO85FT-7833ZOEV},10/22/2010 15:28:47,TNM0961,PC-2030,http://job-hunt.org/WboUhagvat919122234.html,guidance dynamic years skills start process contribute years expert benefits years compensation recruiter analyze team resume sales skills contribute guidance skills growth degree interface start expert team part-time hours resume
http,{G7D9-I2VP64GP-7145YJGJ},10/25/2010 07:33:40,TNM0961,PC-2030,http://hp.com/WboUhagvat1944152218.jsp,process multiple initiative required benefits technologies on-time expert part-time passion resume multitask customer opening concepts concepts on-time strong start interface team permanent years multitask responsibilities experience platform initiative customer contribute management initiative process
http,{B0N1-V6EO77JU-2104CXXN},10/25/2010 07:57:04,TNM0961,PC-2030,http://careerbuilder.com/WboUhagvat660170997.htm,opening responsibilities job experience benefits required relocation engineer develop growth develop growth dynamic sales equivalent starter customer permanent develop experience engineer process develop experience analyze growth visual report dynamic multiple platform years report contribute
http,{I8F4-R7BV13LY-3950BLOY},10/25/2010 08:23:29,TNM0961,PC-2030,http://careerbuilder.com/WboUhagvat660170997.htm,relocation required multitask team analyze opening growth skills strong permanent sales on-time start degree growth report self industry start skills customer expert guidance self strong analyze management platform starter concepts benefits technologies multiple degree resume starter degree interface expert salary multiple opening growth technologies hours people compensation management required hours responsibilities resume starter resume multitask sales technologies degree resume sales on-line required permanent compensation platform
http,{N6E7-A7OH25SY-9680XOXO},10/25/2010 08:34:38,TNM0961,PC-2030,http://indeed.com/WboUhagvat1680703797.html,dynamic required resume customer team equivalent contribute platform strong years degree customer dynamic compensation passion people guidance initiative skills experience report visual technologies benefits management self management multiple benefits permanent growth on-line contribute contribute expert customer customer multitask experience experience multiple resume team required strong growth responsibilities sales experience benefits
http,{K4G3-G7DO07PY-9553KKGL},10/26/2010 07:37:06,TNM0961,PC-2030,http://hp.com/WboUhagvat1944152218.jsp,equivalent required start initiative skills industry dynamic dynamic permanent visual multiple on-time expert opening process team experience benefits growth industry benefits opening platform required opening skills sales develop concepts expert initiative passion interface report team salary people compensation opening multitask skills management team
http,{M7V0-C7TR22ZO-1048SPHT},10/27/2010 07:56:18,TNM0961,PC-2030,http://careerbuilder.com/WboUhagvat660170997.htm,resume degree industry engineer sales hours multiple required people compensation concepts people multitask salary equivalent industry compensation permanent required years sales permanent customer team expert job required initiative degree equivalent multiple strong degree required process required resume resume multitask growth develop on-time dynamic
http,{O7S9-Y4AB64MW-0579BNGR},10/27/2010 08:37:32,TNM0961,PC-2030,http://northropgrumman.com/WboUhagvat572113271.aspx,multiple concepts dynamic management initiative customer experience customer experience years multiple permanent guidance report engineer benefits self platform platform expert years responsibilities develop process sales people technologies develop team analyze multiple resume opening multitask degree degree skills responsibilities platform on-time team resume guidance team degree people job management sales skills multiple responsibilities growth skills
http,{P4D4-Y6RT26BU-6006DYUR},10/27/2010 09:07:01,TNM0961,PC-2030,http://yahoo.com/hotjobs/WboUhagvat752138490.php,people starter strong people opening dynamic years develop passion self technologies degree multiple opening opening visual contribute develop multiple industry start platform multitask analyze platform team management concepts opening analyze develop initiative equivalent degree team start required visual team part-time visual job opening management report resume passion required equivalent passion hours degree growth part-time
http,{R7X5-Y8LA03KS-7008MSUW},10/27/2010 09:46:31,TNM0961,PC-2030,http://linkedin.com/WboUhagvat1479839504.aspx,report technologies benefits passion dynamic interface starter job responsibilities concepts resume dynamic degree concepts analyze degree dynamic years relocation industry interface visual process responsibilities customer contribute guidance multitask customer job job report experience sales responsibilities interface industry sales guidance required degree
http,{C6Y0-L2XM41NZ-9379JHIM},10/27/2010 10:29:50,TNM0961,PC-2030,http://lockheedmartin.com/WboUhagvat1636367808.htm,multiple customer platform initiative opening management experience multitask required contribute on-line customer experience platform growth contribute on-time industry degree on-time team multitask customer start customer multiple self start management dynamic technologies on-time recruiter process management starter visual engineer skills dynamic passion skills required required multitask skills dynamic
http,{N7X8-Y2OA13FA-1097QUIB},10/27/2010 11:45:23,TNM0961,PC-2030,http://jobhuntersbible.com/WboUhagvat1258877042.aspx,guidance sales strong customer customer sales degree growth permanent multitask required multitask sales skills required develop people growth job expert years experience develop team required platform industry required years start visual resume skills dynamic job interface compensation multitask multiple team resume industry growth on-time guidance permanent years relocation starter initiative concepts technologies multitask years
http,{J5B4-O2AA72EP-8252ZIJT},10/27/2010 11:57:34,TNM0961,PC-2030,http://careerbuilder.com/WboUhagvat660170997.htm,self develop management opening visual develop engineer report people dynamic contribute required salary responsibilities degree analyze equivalent degree guidance multiple growth job interface management experience required equivalent opening degree strong start technologies opening start years technologies strong start engineer platform develop engineer concepts strong required sales self industry opening start responsibilities process job
http,{G7E2-D1TJ44YZ-6821UJXT},10/27/2010 12:44:37,TNM0961,PC-2030,http://northropgrumman.com/WboUhagvat572113271.aspx,process self multitask equivalent multitask growth concepts self required multiple multitask job multitask concepts permanent customer customer technologies experience required growth platform resume hours technologies required skills start customer skills resume compensation growth passion salary permanent report multitask salary opening start multitask sales
http,{Q2F4-E3DK64DP-9077GQOR},10/27/2010 14:36:06,TNM0961,PC-2030,http://harris.com/WboUhagvat1919385663.htm,multitask job years on-line contribute skills industry experience required start opening growth job skills years on-time process responsibilities experience industry equivalent opening on-time passion dynamic initiative contribute skills team customer self customer customer multitask dynamic years concepts multitask passion responsibilities job report guidance responsibilities passion strong on-time experience
http,{A8P9-V6JX70CK-7098HZSD},10/27/2010 14:48:50,TNM0961,PC-2030,http://monster.com/WboUhagvat1180707852.html,multitask job starter start resume experience initiative platform visual multiple management platform management hours on-line guidance equivalent on-time required customer benefits multitask platform engineer skills start multiple passion sales degree management technologies platform job report start people self opening visual people contribute interface years interface interface people permanent sales job team
http,{Z4I3-T4NJ98PX-2558OLCP},10/28/2010 11:22:40,TNM0961,PC-2030,http://careerbuilder.com/WboUhagvat660170997.htm,skills multitask team concepts customer expert permanent benefits strong responsibilities sales benefits job customer job resume multitask compensation degree responsibilities develop on-line people concepts multiple concepts interface guidance multitask platform technologies opening required experience contribute on-line job growth permanent industry self management customer salary experience dynamic dynamic develop
http,{F9O9-O0AW62WC-3359ISYO},10/28/2010 12:14:00,TNM0961,PC-2030,http://job-hunt.org/WboUhagvat919122234.html,permanent process compensation develop required visual platform team team years team skills job guidance on-line experience starter skills dynamic degree report experience responsibilities benefits equivalent report benefits resume strong opening skills report years strong sales multiple start required permanent skills recruiter job dynamic relocation analyze develop permanent start guidance skills people experience required interface experience job expert contribute
http,{F5Z5-T3LU37UF-5091KFPB},10/28/2010 14:02:58,TNM0961,PC-2030,http://aol.com/jobs/WboUhagvat1963819229.jsp,hours self engineer part-time strong team required sales responsibilities team years benefits job starter report on-line customer required compensation customer interface platform years start sales growth permanent people self required interface passion dynamic customer salary skills passion experience sales concepts
http,{F8F1-I5NY21KO-4724ICHA},10/29/2010 09:04:16,TNM0961,PC-2030,http://careerbuilder.com/WboUhagvat660170997.htm,multiple resume part-time interface multitask benefits compensation concepts develop process sales experience technologies equivalent required resume customer develop concepts industry customer multiple salary platform permanent on-time concepts develop report contribute multiple benefits opening interface concepts strong concepts dynamic management responsibilities job strong guidance start customer develop required permanent guidance experience strong platform on-time
http,{K2W7-I8FB96IZ-5956ITBL},10/29/2010 10:47:38,TNM0961,PC-2030,http://yahoo.com/hotjobs/WboUhagvat752138490.php,required initiative multitask multitask growth start people on-time team job part-time develop skills benefits years responsibilities permanent multiple platform initiative engineer multiple degree resume contribute experience dynamic job process initiative skills
http,{K0Z7-K1YQ94TJ-4214MDGO},10/29/2010 10:52:28,TNM0961,PC-2030,http://aol.com/jobs/WboUhagvat1963819229.jsp,resume multiple industry on-time start report degree develop report resume salary skills interface start people responsibilities equivalent opening experience industry industry multiple resume multitask dynamic multitask platform analyze benefits relocation interface concepts years job job starter resume on-line develop experience initiative people initiative resume permanent degree contribute expert visual required people strong start contribute people
http,{Z8L1-J8HK93FJ-9866UNAA},11/01/2010 07:38:35,TNM0961,PC-2030,http://job-hunt.org/WboUhagvat919122234.html,concepts multitask engineer management permanent initiative on-time permanent contribute technologies platform passion responsibilities sales platform sales concepts sales dynamic team responsibilities passion part-time team industry years passion expert interface skills team permanent strong required visual required expert customer degree technologies
http,{P5X8-C3NT73SK-9834OPXG},11/01/2010 08:25:38,TNM0961,PC-2030,http://yahoo.com/hotjobs/WboUhagvat752138490.php,customer contribute on-time platform team interface start experience growth degree experience platform sales develop report analyze self self platform call guidance contribute job growth skills responsibilities opening years degree experience years multiple equivalent opening expert concepts required responsibilities multitask technologies benefits multitask start part-time on-time report opening start start sales responsibilities dynamic required responsibilities passion
http,{U7L9-K6TG10RA-2332DXYW},11/01/2010 08:27:12,TNM0961,PC-2030,http://job-hunt.org/WboUhagvat919122234.html,team experience relocation self hours experience strong benefits years benefits resume visual skills develop starter analyze concepts equivalent passion experience report multitask industry report years equivalent expert develop resume sales industry years multitask opening compensation guidance initiative guidance growth job equivalent develop multiple years technologies
http,{R5S7-F9QI62ZC-8926ALBK},11/01/2010 10:09:47,TNM0961,PC-2030,http://yahoo.com/hotjobs/WboUhagvat752138490.php,required on-time sales passion management team multitask start resume platform responsibilities technologies resume permanent report report required skills salary equivalent required hours develop degree job report team skills customer analyze team team team sales starter sales experience on-line job start concepts years required develop engineer resume benefits degree technologies strong develop contribute technologies passion initiative benefits equivalent resume industry platform growth
http,{O1J5-C3RJ35GI-1065XMHR},11/01/2010 10:37:24,TNM0961,PC-2030,http://monster.com/WboUhagvat1180707852.html,sales self growth experience equivalent opening responsibilities passion years benefits experience dynamic benefits industry concepts start required strong experience contribute experience multiple hours skills expert skills on-line multitask sales dynamic start interface team platform skills degree starter starter multitask resume report multitask contribute dynamic process growth benefits equivalent job growth responsibilities self process strong required required relocation job years expert
http,{E0S7-U3KV02NK-4906DYEA},11/01/2010 13:03:42,TNM0961,PC-2030,http://job-hunt.org/WboUhagvat919122234.html,passion visual expert management benefits process benefits initiative concepts team benefits report multiple equivalent analyze multiple people contribute customer required on-time opening dynamic initiative part-time sales self management contribute resume required salary opening develop resume process hours relocation on-line required initiative process equivalent growth part-time degree platform team required job concepts industry guidance passion passion experience strong
http,{P5D8-C2DX04PT-3910XXDO},11/01/2010 16:08:16,TNM0961,PC-2030,http://job-hunt.org/WboUhagvat919122234.html,people multitask on-time platform skills multitask multitask equivalent contribute degree starter hours on-time platform team develop contribute customer job resume technologies recruiter people salary management job initiative required develop passion skills guidance strong permanent multitask dynamic multiple multitask multitask
http,{U5C0-S1PL45NL-0719EWBK},11/01/2010 16:09:33,TNM0961,PC-2030,http://careerbuilder.com/WboUhagvat660170997.htm,platform hours industry hours engineer skills strong passion degree required responsibilities interface permanent on-time self growth customer interface passion industry equivalent platform customer report permanent strong resume experience job strong benefits multiple contribute opening start responsibilities
http,{Y1U6-T6OZ59IE-8921WOSY},11/02/2010 08:30:00,TNM0961,PC-2030,http://raytheon.com/WboUhagvat343187784.jsp,responsibilities years dynamic resume permanent multiple years team analyze growth multitask report customer call required multitask degree multiple resume opening multitask strong industry concepts sales platform sales customer passion years multiple platform benefits job team years guidance strong job dynamic customer platform interface opening opening customer team resume part-time sales sales equivalent
http,{O2Q5-J5ZF01UM-2694PKHO},11/02/2010 09:12:13,TNM0961,PC-2030,http://boeing.com/WboUhagvat1904327536.htm,expert technologies multiple process multiple process passion responsibilities expert customer required opening experience job industry expert skills platform people degree experience initiative multitask salary benefits contribute initiative skills guidance contribute visual team customer industry sales growth customer required resume contribute responsibilities multitask experience industry skills technologies hours years growth multiple team resume concepts analyze salary contribute
http,{C6I8-S0VU35IT-9003ZTAG},11/02/2010 09:41:24,TNM0961,PC-2030,http://raytheon.com/WboUhagvat343187784.jsp,people platform technologies resume hours years contribute on-time multiple years benefits strong multitask growth starter customer on-time multitask years passion technologies sales technologies passion team experience team technologies hours multiple multitask concepts years
http,{A1X8-I4JU86JG-6890DZGT},11/02/2010 09:51:43,TNM0961,PC-2030,http://yahoo.com/hotjobs/WboUhagvat752138490.php,degree skills industry management report customer on-time contribute resume contribute experience on-time report contribute multiple job growth degree self multiple dynamic benefits sales starter initiative resume opening sales interface multiple contribute team strong experience benefits interface required job industry expert years technologies analyze people required benefits start dynamic multiple interface required equivalent years experience interface technologies experience required
http,{A5E6-Z7RP07BS-5132DUJY},11/02/2010 10:51:21,TNM0961,PC-2030,http://indeed.com/WboUhagvat1680703797.html,multitask skills report contribute passion team hours multiple develop sales salary job customer growth job benefits team opening industry expert sales salary multiple report required skills industry responsibilities call equivalent compensation degree develop interface expert experience sales multiple multitask job team resume team skills team recruiter process customer technologies process guidance concepts multitask guidance technologies develop self job resume engineer industry
http,{P5J4-U1AJ99MY-6073OOCQ},11/02/2010 12:51:03,TNM0961,PC-2030,http://boeing.com/WboUhagvat1904327536.htm,required dynamic industry concepts team required team resume engineer guidance team concepts years passion multiple contribute skills start customer degree equivalent multiple compensation management relocation platform degree call strong process skills concepts industry compensation contribute customer initiative degree platform interface starter develop job process multitask team multitask contribute multitask benefits responsibilities platform growth sales growth years responsibilities start experience salary concepts passion degree report opening passion team
http,{X6Z3-O7KO28YO-4301FKKH},11/02/2010 13:07:20,TNM0961,PC-2030,http://yahoo.com/hotjobs/WboUhagvat752138490.php,sales expert initiative growth develop skills equivalent call equivalent customer opening years required required part-time technologies experience required contribute industry team sales industry degree team dynamic people job report skills contribute platform interface industry experience resume customer passion required team develop call skills contribute experience report skills experience strong job start expert experience
http,{K4J2-R2SO06ZR-2076GLJK},11/02/2010 13:25:26,TNM0961,PC-2030,http://northropgrumman.com/WboUhagvat572113271.aspx,industry contribute responsibilities salary strong multitask sales multitask people equivalent process dynamic experience required multitask responsibilities opening develop team resume multiple management contribute process management on-line on-time passion sales years opening team degree recruiter contribute team equivalent experience expert contribute process on-line process develop people part-time skills degree part-time platform benefits report multiple skills required compensation required equivalent self permanent strong equivalent team contribute skills platform sales degree customer strong
http,{B9G4-C0UJ96HQ-3735NOKV},11/02/2010 13:29:20,TNM0961,PC-2030,http://boeing.com/WboUhagvat1904327536.htm,required experience management strong degree platform resume sales job concepts growth required years technologies on-time resume report industry sales industry analyze engineer start start passion benefits sales industry hours contribute technologies contribute resume multiple permanent industry job multiple develop industry process platform experience equivalent
http,{U8T2-I0BQ12IR-0472RHQE},11/02/2010 16:14:00,TNM0961,PC-2030,http://craigslist.org/WboUhagvat1105403916.aspx,report skills strong strong resume years benefits contribute multiple required technologies resume opening customer skills experience responsibilities resume platform customer technologies contribute starter concepts multitask technologies expert equivalent multitask benefits team job experience multitask required experience team multiple required customer required resume opening engineer expert passion self starter passion contribute report team self call skills contribute on-line
http,{D2S1-N9WF61FS-9775CVED},11/03/2010 07:21:53,TNM0961,PC-2030,http://aol.com/jobs/WboUhagvat1963819229.jsp,skills recruiter expert guidance equivalent expert growth benefits degree platform resume management degree management responsibilities sales engineer years benefits initiative sales guidance equivalent initiative guidance resume sales interface multitask multiple on-time multitask concepts industry contribute develop salary interface start multiple team self equivalent management experience sales required initiative expert opening contribute concepts management years responsibilities strong on-time analyze sales expert resume job
http,{N4U2-Z6NN92CP-5487TEQK},11/03/2010 08:28:36,TNM0961,PC-2030,http://jobhuntersbible.com/WboUhagvat1258877042.aspx,benefits resume job salary management multitask visual industry starter dynamic platform technologies guidance skills guidance experience interface years strong team salary concepts multitask initiative experience customer engineer start responsibilities multitask analyze opening responsibilities
http,{L3P9-S9EL01KE-9243RTBN},11/03/2010 08:54:02,TNM0961,PC-2030,http://simplyhired.com/WboUhagvat57469130.jsp,contribute growth years opening experience required passion sales skills job required start analyze platform benefits concepts on-time responsibilities growth develop required strong years contribute management multitask expert required guidance required initiative degree process salary engineer degree develop degree compensation years years degree management skills management experience equivalent part-time multiple guidance
http,{M4R8-M6MU51GP-1168FVVX},11/03/2010 10:26:00,TNM0961,PC-2030,http://linkedin.com/WboUhagvat1479839504.aspx,platform platform responsibilities team customer dynamic interface develop passion strong team strong degree sales experience responsibilities report passion platform passion industry growth years experience resume analyze passion strong responsibilities resume resume customer expert years required analyze develop years benefits contribute platform years start on-time salary benefits interface responsibilities experience interface team growth concepts interface opening experience responsibilities growth resume visual dynamic passion
http,{I6Y5-L7WD48EU-4765SYQP},11/03/2010 11:50:55,TNM0961,PC-2030,http://aol.com/jobs/WboUhagvat1963819229.jsp,people management opening expert experience multitask multitask resume required multitask responsibilities multitask resume customer concepts industry growth multitask initiative platform responsibilities degree multiple resume sales contribute concepts required industry part-time required initiative industry passion skills years start initiative dynamic strong part-time experience years growth technologies multitask concepts passion job equivalent degree part-time salary salary responsibilities degree guidance concepts required develop part-time resume interface job
http,{J4R1-M1KD29TC-3036TAPU},11/03/2010 13:23:30,TNM0961,PC-2030,http://yahoo.com/hotjobs/WboUhagvat752138490.php,start degree job start platform part-time passion contribute industry passion opening equivalent resume equivalent team strong growth on-time industry management analyze compensation on-time team report responsibilities job equivalent technologies growth growth technologies concepts technologies experience multiple technologies industry degree contribute sales technologies technologies job equivalent growth years technologies multitask years job management experience multiple report multitask resume starter
http,{S9Z3-F7UH26EN-8638WNWK},11/03/2010 14:12:28,TNM0961,PC-2030,http://hp.com/WboUhagvat1944152218.jsp,strong industry permanent degree dynamic multitask part-time growth interface benefits sales responsibilities on-time on-time multiple strong years equivalent start salary multiple technologies experience hours strong opening industry customer resume on-time sales skills opening permanent develop initiative strong years responsibilities interface contribute platform platform responsibilities multiple part-time interface equivalent expert concepts guidance technologies interface guidance job responsibilities process multiple technologies equivalent people benefits
http,{B2Q2-A4WV55UA-8806NBRR},11/03/2010 15:59:37,TNM0961,PC-2030,http://linkedin.com/WboUhagvat1479839504.aspx,salary analyze experience recruiter team passion sales opening develop team skills people hours develop self people equivalent degree sales engineer contribute dynamic initiative degree degree sales passion opening years team job opening dynamic people opening years strong people job skills management degree years years concepts passion customer dynamic multiple growth benefits people resume
http,{P7G0-P9RJ70FR-3203NUQS},11/03/2010 16:01:07,TNM0961,PC-2030,http://yahoo.com/hotjobs/WboUhagvat752138490.php,develop industry multitask responsibilities salary analyze strong management responsibilities contribute team on-line benefits on-line multiple responsibilities responsibilities resume dynamic compensation benefits growth years strong permanent initiative opening years dynamic resume contribute equivalent responsibilities interface relocation team years resume responsibilities platform responsibilities hours skills required job concepts multitask concepts
http,{F0B8-D7CZ67RX-9234LOUO},11/04/2010 07:59:05,TNM0961,PC-2030,http://simplyhired.com/WboUhagvat57469130.jsp,recruiter platform equivalent multitask compensation management sales degree process report required job analyze degree strong technologies relocation multiple technologies multitask salary guidance responsibilities strong skills self analyze interface job self on-time job analyze team start concepts report strong interface opening concepts customer
http,{I9A0-B3IL61AU-4982VBUA},11/04/2010 08:23:33,TNM0961,PC-2030,http://careerbuilder.com/WboUhagvat660170997.htm,platform growth guidance benefits passion technologies initiative resume develop platform resume management dynamic customer permanent degree report sales concepts passion on-time initiative equivalent customer industry multiple technologies compensation team platform passion compensation required interface required platform degree starter contribute industry initiative interface concepts process degree concepts resume responsibilities opening analyze required resume
http,{H4V0-I9NC35OC-7081ETPL},11/04/2010 08:24:37,TNM0961,PC-2030,http://yahoo.com/hotjobs/WboUhagvat752138490.php,strong growth opening concepts people self multitask management multitask hours expert recruiter people required growth platform required required years start required interface years part-time customer responsibilities resume interface
http,{L6D1-G5XT57XB-3722MRTX},11/04/2010 08:49:16,TNM0961,PC-2030,http://monster.com/WboUhagvat1180707852.html,equivalent degree contribute initiative skills resume multitask technologies job contribute initiative degree report part-time passion analyze years hours degree guidance years sales years develop concepts technologies job team people experience sales degree start skills skills team customer team experience hours start passion dynamic industry years resume platform salary part-time industry permanent industry required part-time job permanent start industry experience strong process process
http,{L1O3-X5QV40EK-4462MANM},11/04/2010 09:02:11,TNM0961,PC-2030,http://northropgrumman.com/WboUhagvat572113271.aspx,initiative opening resume engineer years industry opening customer compensation years sales resume opening report contribute compensation initiative platform degree equivalent degree platform years skills experience years required sales multiple sales required concepts people opening benefits multitask team platform team expert guidance skills opening strong
http,{X1Y4-H0WW82SA-6015VAOP},11/04/2010 09:45:12,TNM0961,PC-2030,http://lockheedmartin.com/WboUhagvat1636367808.htm,expert contribute part-time technologies required technologies develop resume start salary technologies guidance on-time growth self concepts multiple customer industry contribute hours team sales develop dynamic on-time job contribute initiative equivalent guidance job initiative customer industry resume multiple permanent years technologies sales responsibilities relocation start hours contribute customer customer skills develop industry multitask passion platform years sales permanent degree concepts experience experience years equivalent passion customer
http,{X9D8-T7GK93LY-2473RDDR},11/05/2010 07:47:10,TNM0961,PC-2030,http://northropgrumman.com/WboUhagvat572113271.aspx,multitask sales required people concepts sales salary benefits recruiter team sales responsibilities experience resume multitask analyze responsibilities equivalent people required on-time customer self required interface people industry customer responsibilities report part-time degree strong years years skills start customer customer responsibilities strong resume dynamic report resume people skills salary technologies experience interface responsibilities required responsibilities initiative technologies concepts equivalent dynamic degree technologies interface relocation
http,{D4I7-M5UJ82ON-1656IPFG},11/05/2010 09:30:41,TNM0961,PC-2030,http://craigslist.org/WboUhagvat1105403916.aspx,skills team responsibilities visual equivalent engineer industry start industry years hours process guidance guidance on-time initiative salary growth required industry initiative experience equivalent opening opening people experience on-time customer initiative team contribute equivalent analyze strong job analyze years initiative part-time required skills guidance expert start contribute
http,{P9F0-O1AD75TO-5380GTFJ},11/05/2010 10:56:33,TNM0961,PC-2030,http://craigslist.org/WboUhagvat1105403916.aspx,equivalent report concepts management management people start required equivalent multitask opening develop growth required initiative expert industry contribute sales growth industry industry job degree degree sales industry strong start concepts report responsibilities multiple growth
http,{T8T3-Q7KD72TT-4406TDRF},11/05/2010 11:14:01,TNM0961,PC-2030,http://monster.com/WboUhagvat1180707852.html,growth salary required years compensation growth required dynamic multiple degree salary analyze equivalent equivalent skills process strong customer responsibilities multitask dynamic multitask engineer industry management concepts resume degree people compensation guidance industry skills years management team job team technologies contribute dynamic contribute resume develop passion job degree initiative experience
http,{N5E0-F6YU14DI-4152WJJX},11/05/2010 13:52:52,TNM0961,PC-2030,http://harris.com/WboUhagvat1919385663.htm,platform hours contribute management team engineer degree passion responsibilities equivalent guidance experience years compensation growth required job technologies skills management contribute starter years technologies analyze technologies industry multiple part-time on-time dynamic experience guidance benefits multiple
http,{U4J1-I5BO81SN-7200SMRF},11/05/2010 15:37:06,TNM0961,PC-2030,http://raytheon.com/WboUhagvat343187784.jsp,job degree degree interface growth required technologies on-time initiative management resume hours starter on-time contribute on-line multitask permanent platform strong years multitask interface customer customer equivalent years resume platform analyze equivalent team multitask strong platform on-line industry industry strong opening passion benefits analyze call benefits develop multitask technologies required experience platform strong years starter guidance initiative equivalent
http,{C4C5-Y0OM95PU-0867NLPR},11/05/2010 15:44:39,TNM0961,PC-2030,http://lockheedmartin.com/WboUhagvat1636367808.htm,growth platform concepts develop contribute on-line years expert hours required visual opening benefits engineer expert concepts resume responsibilities develop multiple platform management engineer develop part-time expert years engineer strong multiple passion
http,{M4U8-C0KE09BV-0718NJLQ},11/08/2010 08:30:50,TNM0961,PC-2030,http://lockheedmartin.com/WboUhagvat1636367808.htm,industry develop dynamic customer on-time experience years skills start on-time responsibilities equivalent guidance technologies management starter management technologies equivalent dynamic multiple hours platform salary sales multiple experience responsibilities experience customer responsibilities experience guidance job job growth process technologies growth part-time contribute opening customer responsibilities platform growth experience required process relocation contribute technologies required growth team growth contribute benefits
http,{F5F0-B3UM52VD-2041MVHT},11/08/2010 10:33:46,TNM0961,PC-2030,http://aol.com/jobs/WboUhagvat1963819229.jsp,industry dynamic initiative team report management resume report guidance industry on-time job concepts management responsibilities equivalent concepts required sales resume platform degree equivalent job platform permanent platform experience resume multitask dynamic required start benefits contribute resume sales hours experience multitask benefits
http,{S4C8-Q4UF86WV-6718LYWX},11/08/2010 11:11:21,TNM0961,PC-2030,http://indeed.com/WboUhagvat1680703797.html,job guidance years team job equivalent years multitask interface salary resume benefits responsibilities experience concepts required degree resume multitask technologies skills strong strong growth responsibilities skills start responsibilities responsibilities compensation initiative hours initiative
http,{H8S7-R6SV80BR-8687QXKO},11/08/2010 12:46:04,TNM0961,PC-2030,http://linkedin.com/WboUhagvat1479839504.aspx,required customer passion part-time customer skills contribute multitask guidance start industry responsibilities self management guidance platform expert permanent management platform skills salary multiple resume degree contribute growth salary equivalent contribute management contribute report resume contribute multitask passion develop multitask industry start start engineer
http,{X4N4-O1PR44HY-0465WXVF},11/08/2010 13:05:56,TNM0961,PC-2030,http://lockheedmartin.com/WboUhagvat1636367808.htm,initiative on-time years degree permanent resume people degree sales multitask interface platform concepts degree sales develop concepts analyze team multitask platform salary guidance years customer degree degree report growth benefits self strong contribute job technologies part-time contribute expert on-time platform experience platform experience self permanent skills responsibilities guidance job people develop multiple report dynamic degree
http,{I5S9-K3QF07WQ-2710VTAG},11/08/2010 13:53:30,TNM0961,PC-2030,http://monster.com/WboUhagvat1180707852.html,initiative growth multitask relocation customer customer team equivalent opening responsibilities years required team initiative management industry customer job opening team permanent initiative permanent start interface benefits dynamic experience permanent equivalent customer resume experience resume sales skills resume responsibilities concepts platform start management industry degree resume strong resume process management benefits growth management initiative industry
http,{Q0T4-P4OW18CY-0903RGJS},11/08/2010 14:10:02,TNM0961,PC-2030,http://indeed.com/WboUhagvat1680703797.html,multitask years degree visual multitask people platform benefits dynamic years equivalent interface start team equivalent salary report engineer compensation contribute start responsibilities platform customer growth team call interface management responsibilities responsibilities multiple responsibilities job platform expert required resume on-time analyze initiative experience concepts customer team customer guidance
http,{O6H4-K1ES04PW-1922QGDX},11/08/2010 15:28:29,TNM0961,PC-2030,http://aol.com/jobs/WboUhagvat1963819229.jsp,opening team customer report develop contribute growth industry equivalent industry on-time start responsibilities permanent industry strong technologies concepts platform call salary develop years platform resume engineer multiple opening job responsibilities skills contribute multiple develop experience years skills management skills technologies skills equivalent
http,{W5G7-I4OR84HM-2277DBKP},11/08/2010 15:49:24,TNM0961,PC-2030,http://hp.com/WboUhagvat1944152218.jsp,team resume part-time skills initiative years experience on-time management team relocation job contribute growth salary customer benefits develop equivalent opening develop report hours passion team degree permanent salary industry experience concepts skills call technologies equivalent benefits dynamic skills industry sales sales contribute degree start benefits process equivalent initiative skills concepts on-time growth required report technologies
http,{M7W7-I9NS47OU-4171BCHH},11/09/2010 07:17:55,TNM0961,PC-2030,http://hp.com/WboUhagvat1944152218.jsp,responsibilities equivalent opening develop guidance permanent equivalent start job hours multitask multiple years years contribute multitask customer team salary opening job opening on-time passion start team develop management years platform required experience dynamic start compensation team skills compensation concepts required on-time people start
http,{A1T0-J1XK83MQ-2911PRHJ},11/09/2010 07:46:24,TNM0961,PC-2030,http://careerbuilder.com/WboUhagvat660170997.htm,passion management multitask guidance concepts experience team start resume compensation platform degree contribute responsibilities customer people resume permanent management job expert benefits interface degree customer resume visual skills engineer on-time strong dynamic multiple experience years platform experience multiple opening strong team strong responsibilities passion initiative
http,{U9A3-Q4VV67EN-7342VCCT},11/09/2010 08:23:11,TNM0961,PC-2030,http://monster.com/WboUhagvat1180707852.html,contribute concepts opening report start strong report years report process develop required process people sales job multitask engineer relocation job people interface equivalent multitask multitask responsibilities initiative management job responsibilities sales hours experience opening initiative interface job concepts guidance sales concepts skills resume degree multitask process on-line process responsibilities responsibilities engineer years equivalent sales management call interface interface sales platform management responsibilities
http,{H7R4-D4PW24OV-4975FWKF},11/09/2010 09:49:38,TNM0961,PC-2030,http://yahoo.com/hotjobs/WboUhagvat752138490.php,strong multitask customer interface process interface equivalent required industry report compensation interface process permanent years dynamic skills experience growth salary platform interface multitask on-time on-time dynamic dynamic on-time skills responsibilities develop salary report sales management skills multiple concepts customer call years experience team required degree analyze initiative recruiter growth hours years job opening
http,{S4L9-M2RK65SF-8103HVRQ},11/09/2010 10:04:35,TNM0961,PC-2030,http://lockheedmartin.com/WboUhagvat1636367808.htm,skills analyze starter multitask contribute interface interface resume passion customer concepts contribute responsibilities technologies strong analyze growth growth engineer sales degree strong opening experience required initiative contribute resume multitask starter benefits dynamic on-time expert salary resume management multitask permanent self multiple
http,{H1N5-A2VP06JD-1460NAEP},11/09/2010 10:08:47,TNM0961,PC-2030,http://linkedin.com/WboUhagvat1479839504.aspx,job opening permanent growth part-time growth guidance years responsibilities equivalent benefits customer on-time management expert skills develop multiple multitask people multiple industry resume customer team visual passion benefits contribute start start multitask initiative opening strong resume relocation hours resume
http,{D6R2-S0DW43VH-6717EOLJ},11/09/2010 10:53:54,TNM0961,PC-2030,http://jobhuntersbible.com/WboUhagvat1258877042.aspx,years guidance growth technologies report customer on-line job passion multiple develop expert initiative required recruiter interface responsibilities analyze strong passion compensation team initiative resume job report dynamic interface degree initiative benefits customer skills permanent experience permanent expert concepts equivalent technologies benefits skills visual passion develop resume technologies
http,{I0C6-Q7IQ85BB-8518OBAP},11/09/2010 11:38:26,TNM0961,PC-2030,http://careerbuilder.com/WboUhagvat660170997.htm,skills contribute expert degree skills industry people required initiative passion dynamic job interface on-time report develop compensation multitask concepts report multiple on-time job equivalent contribute develop hours team interface team opening platform resume multitask
http,{D3U2-B0LZ72DG-5666ZKSC},11/09/2010 11:47:11,TNM0961,PC-2030,http://boeing.com/WboUhagvat1904327536.htm,interface degree multitask interface degree industry expert hours strong expert team multitask responsibilities develop equivalent process hours platform responsibilities responsibilities resume team responsibilities expert years multiple analyze sales expert job multiple sales develop part-time report years years develop initiative on-time start experience technologies develop industry benefits degree report platform multitask contribute skills
http,{F4A0-P8BQ72JS-4341BWWP},11/10/2010 13:54:38,TNM0961,PC-2030,http://yahoo.com/hotjobs/WboUhagvat752138490.php,multitask benefits contribute team opening sales management technologies permanent technologies develop process multitask degree people interface passion responsibilities technologies degree report initiative develop sales people platform passion required resume years interface guidance years people growth strong team benefits years responsibilities growth guidance develop years experience degree technologies multiple people passion required concepts benefits skills growth skills compensation technologies equivalent permanent expert years strong compensation opening opening
http,{Y1S7-A3SF43IV-4755OFRB},11/10/2010 15:08:09,TNM0961,PC-2030,http://boeing.com/WboUhagvat1904327536.htm,strong skills customer industry benefits interface years skills start degree strong technologies industry customer required experience initiative multitask experience dynamic on-time report customer benefits platform guidance required resume growth strong experience job team opening self engineer contribute concepts degree platform team multitask concepts
http,{X7A2-H8QB43YS-9880DQIK},11/11/2010 07:29:25,TNM0961,PC-2030,http://lockheedmartin.com/WboUhagvat1636367808.htm,visual concepts degree experience report degree responsibilities permanent compensation benefits develop growth strong degree guidance degree experience compensation multitask experience responsibilities part-time required industry required passion dynamic job guidance required skills job on-time compensation process multiple growth technologies contribute passion experience sales growth growth develop
http,{C6I7-N4TM68BY-6663IVUL},11/11/2010 07:32:17,TNM0961,PC-2030,http://harris.com/WboUhagvat1919385663.htm,hours concepts resume equivalent contribute permanent required equivalent years responsibilities management resume customer process benefits passion hours customer equivalent required responsibilities job job visual industry people salary customer people people multiple report
http,{D2R0-R8SQ03JV-8794BVOD},11/11/2010 07:36:04,TNM0961,PC-2030,http://yahoo.com/hotjobs/WboUhagvat752138490.php,sales experience concepts contribute expert strong concepts required interface required self customer industry multiple resume job dynamic skills guidance passion concepts develop technologies years contribute people part-time strong expert platform report growth permanent sales required report experience experience concepts initiative job interface multitask
http,{S9Z8-W4DY23OL-0605TNBK},11/11/2010 07:46:38,TNM0961,PC-2030,http://linkedin.com/WboUhagvat1479839504.aspx,growth compensation people sales skills skills interface develop contribute customer permanent job dynamic report experience part-time start industry report skills on-time start skills years multiple technologies team self team sales engineer on-time guidance management people compensation guidance experience analyze strong initiative customer sales engineer technologies required skills resume technologies develop
http,{M5C7-Y4IQ61QE-6946VASA},11/11/2010 07:51:25,TNM0961,PC-2030,http://indeed.com/WboUhagvat1680703797.html,platform process develop years sales management customer industry expert technologies multiple equivalent people benefits guidance develop responsibilities guidance opening platform concepts opening resume benefits responsibilities strong people opening required skills initiative dynamic strong years skills responsibilities develop contribute management salary guidance start required report people skills sales strong passion part-time skills visual platform permanent dynamic guidance passion expert
http,{K9F4-A6LR91HS-2437YHZI},11/11/2010 08:06:46,TNM0961,PC-2030,http://harris.com/WboUhagvat1919385663.htm,concepts contribute equivalent skills part-time recruiter passion experience dynamic permanent opening multiple multitask customer analyze degree responsibilities growth develop technologies hours degree industry equivalent analyze team develop resume technologies passion report concepts passion concepts on-line skills responsibilities permanent process compensation industry experience job benefits strong strong team hours multitask opening hours degree customer team
http,{T9K3-P6DO41PV-8978EHQI},11/11/2010 09:54:40,TNM0961,PC-2030,http://aol.com/jobs/WboUhagvat1963819229.jsp,years analyze on-line equivalent experience growth guidance compensation equivalent benefits multitask management contribute dynamic contribute call sales resume platform required responsibilities hours resume contribute experience team team sales passion develop starter management growth required multitask experience skills people benefits interface dynamic responsibilities concepts responsibilities industry permanent opening resume permanent initiative skills degree job multitask part-time people degree passion required
http,{J3K8-I5GD18BF-1212LVTN},11/11/2010 12:57:13,TNM0961,PC-2030,http://hp.com/WboUhagvat1944152218.jsp,industry starter multiple permanent on-time job job report hours skills platform start report on-time management on-time multitask call visual resume report start passion start hours multiple on-line required develop engineer contribute industry dynamic report customer start job start required concepts passion interface growth contribute strong team strong responsibilities
http,{F9C2-Q9EZ40AA-5053BJEL},11/12/2010 10:30:48,TNM0961,PC-2030,http://simplyhired.com/WboUhagvat57469130.jsp,contribute on-time people technologies engineer resume report permanent hours job opening degree strong resume required people permanent equivalent concepts opening customer management sales team experience skills permanent strong initiative passion degree growth degree concepts initiative required technologies opening multiple experience resume equivalent platform multiple compensation team contribute guidance customer platform on-line years resume team multiple
