type,id,date,user,pc,activity
device,{S2C3-D4BN95CF-7404XLIZ},10/04/2010 07:58:30,JJM0203,PC-0148,Connect
device,{F2N2-B6OJ63AA-0321HECQ},10/04/2010 08:01:01,JJM0203,PC-0148,Disconnect
device,{X0M9-R9US71QN-8004BEQF},10/04/2010 08:51:03,JJM0203,PC-0148,Connect
device,{M7N7-P7TX24RF-9149JIKQ},10/04/2010 08:51:08,JJM0203,PC-0148,Disconnect
device,{V9N9-P5IF44ES-5362PYQT},10/04/2010 09:11:10,JJM0203,PC-0148,Connect
device,{A2K3-D0LO23WV-5491LBOG},10/04/2010 09:25:15,JJM0203,PC-0148,Disconnect
device,{F7R7-R2OP80BD-9946QLFF},10/04/2010 13:39:18,JJM0203,PC-0148,Connect
device,{Z7J6-C4JG89OD-1596YCQY},10/04/2010 13:39:18,JJM0203,PC-0148,Disconnect
device,{X7N5-F7RM66YV-3143PHLD},10/04/2010 14:29:16,JJM0203,PC-0148,Connect
device,{I3N0-J3QR87XS-3890LAHL},10/04/2010 14:45:48,JJM0203,PC-0148,Disconnect
device,{T0X5-T8GU36DN-1514SAPV},10/04/2010 14:58:39,JJM0203,PC-0148,Connect
device,{Y5W4-B2XA64GN-9088RBMN},10/04/2010 15:02:33,JJM0203,PC-0148,Disconnect
device,{P7H4-D5WG21GC-1518ASOR},10/04/2010 17:03:19,JJM0203,PC-0148,Connect
device,{M9L6-R6IX05YJ-4924IMHM},10/04/2010 17:13:08,JJM0203,PC-0148,Disconnect
device,{Z4L8-T2WJ09OO-8275UJVN},10/07/2010 11:01:24,JJM0203,PC-0148,Connect
device,{O1N6-D3EJ91BL-8702JDBY},10/07/2010 11:14:26,JJM0203,PC-0148,Disconnect
device,{Y8Q4-P6JG86TW-5737XYXI},10/07/2010 11:15:20,JJM0203,PC-0148,Connect
device,{I4J4-G6SM48WW-0159WWTI},10/07/2010 11:27:12,JJM0203,PC-0148,Disconnect
device,{Q9S1-E6AF58CJ-7062QRJW},10/07/2010 14:09:38,JJM0203,PC-0148,Connect
device,{H8I2-V5MU64AZ-8769KKPL},10/07/2010 14:41:18,JJM0203,PC-0148,Disconnect
device,{R4J3-G2HY85CG-7173AVJZ},10/07/2010 14:43:02,JJM0203,PC-0148,Connect
device,{V9Q3-C0QI74LB-8124IFBX},10/07/2010 15:22:15,JJM0203,PC-0148,Disconnect
device,{I1T0-E0FP00PA-4529COTM},10/07/2010 15:33:46,JJM0203,PC-0148,Connect
device,{V4H8-S7VB10PS-8381CKLR},10/07/2010 15:44:40,JJM0203,PC-0148,Disconnect
device,{F8U0-H9JJ38XG-8335DSZX},10/07/2010 16:04:08,JJM0203,PC-0148,Connect
device,{A6O2-D5ZE31OI-0300EMFB},10/07/2010 16:20:58,JJM0203,PC-0148,Disconnect
device,{P2N8-J0ON80AL-0036WHAJ},10/12/2010 11:13:14,JJM0203,PC-0148,Connect
device,{V3Y8-F6KN74TI-0773TLZJ},10/12/2010 11:18:48,JJM0203,PC-0148,Disconnect
device,{E3J6-N7FJ78RC-0803HIEB},10/12/2010 11:26:36,JJM0203,PC-0148,Connect
device,{J9W7-G0NI07KV-9253MKWT},10/12/2010 11:29:44,JJM0203,PC-0148,Disconnect
device,{U8F2-M0TF54KG-5683ILWQ},10/12/2010 12:25:30,JJM0203,PC-0148,Connect
device,{J2I3-Q2CI56WV-9865GNCX},10/12/2010 12:35:14,JJM0203,PC-0148,Disconnect
device,{Z5X5-Q6BN32DU-4569WBZC},10/12/2010 12:51:49,JJM0203,PC-0148,Connect
device,{K3D2-F8WS78GW-1000RIVK},10/12/2010 12:59:43,JJM0203,PC-0148,Disconnect
device,{P0M2-O8WY57IO-7189QRXT},10/12/2010 16:06:13,JJM0203,PC-0148,Connect
device,{K3W8-A3JE98OJ-2117ZVKO},10/12/2010 16:07:41,JJM0203,PC-0148,Disconnect
device,{K0W3-J1WI03CH-4877SWJV},10/14/2010 08:55:21,JJM0203,PC-0148,Connect
device,{D4R5-C1AE24UE-1737PPQN},10/14/2010 08:57:06,JJM0203,PC-0148,Disconnect
device,{V9S1-Q3SW84XI-7747QLIZ},10/14/2010 09:11:55,JJM0203,PC-0148,Connect
device,{V5L5-I2KR31OD-1986CINF},10/14/2010 09:31:35,JJM0203,PC-0148,Disconnect
device,{V6I3-J0DJ98AO-3742OIBW},10/14/2010 12:10:15,JJM0203,PC-0148,Connect
device,{Q3F2-O0EP60LX-2764XGNJ},10/14/2010 12:28:39,JJM0203,PC-0148,Disconnect
device,{W5V3-M6DW15XW-5065JCLB},10/14/2010 13:25:12,JJM0203,PC-0148,Connect
device,{Z1G6-D0TI92CJ-8894PAOA},10/14/2010 13:54:06,JJM0203,PC-0148,Disconnect
device,{Q3Q4-V3FD62JK-7027OPEQ},10/14/2010 14:16:05,JJM0203,PC-0148,Connect
device,{V0J0-W3BK66HW-9265CWDA},10/14/2010 14:46:24,JJM0203,PC-0148,Disconnect
device,{Q3A8-U2RU63HN-1773BXRX},10/14/2010 16:53:51,JJM0203,PC-0148,Connect
device,{J7B0-Z1TI98MD-5447DMDL},10/14/2010 16:54:05,JJM0203,PC-0148,Disconnect
device,{W3I3-W2ZC85JL-5431FQUI},10/19/2010 07:21:56,JJM0203,PC-0148,Connect
device,{N6V6-H6KA61UQ-9090OMYT},10/19/2010 07:25:48,JJM0203,PC-0148,Disconnect
device,{G2S5-I1EX72UJ-8156TVHA},10/19/2010 10:14:56,JJM0203,PC-0148,Connect
device,{T7U4-A2NY44WQ-5153FLXQ},10/19/2010 10:21:33,JJM0203,PC-0148,Disconnect
device,{K6E3-P9ID95FO-2002JBQP},10/19/2010 12:17:11,JJM0203,PC-0148,Connect
device,{K4Y4-C3OH17GF-5015ZBHA},10/19/2010 12:19:05,JJM0203,PC-0148,Disconnect
device,{N5B5-Y4XY24VH-3765EKKO},10/19/2010 14:16:09,JJM0203,PC-0148,Connect
device,{F7P2-I7XF17MG-6144SISJ},10/19/2010 15:15:22,JJM0203,PC-0148,Disconnect
device,{V1C0-D5HX36YA-5186ZHHF},10/19/2010 15:20:47,JJM0203,PC-0148,Connect
device,{I9W0-Z9FP46ZO-8389JOFK},10/19/2010 15:46:18,JJM0203,PC-0148,Disconnect
device,{H0S4-K0LG67KN-1723DHYO},10/19/2010 16:07:40,JJM0203,PC-0148,Connect
device,{Q8G2-D2EO59ZY-9195DVJN},10/19/2010 16:37:06,JJM0203,PC-0148,Disconnect
device,{F5V9-R4AO48VD-5864AIYO},10/19/2010 16:57:56,JJM0203,PC-0148,Connect
device,{B9F3-P3TH46UI-5626UIMK},10/19/2010 17:04:21,JJM0203,PC-0148,Disconnect
