type,id,date,user,pc,url,content
http,{V4S2-J8KK86QE-3363LNEG},09/02/2010 07:40:34,JJM0203,PC-0148,http://yahoo.com/hotjobs/WboUhagvat752138490.php,industry concepts dynamic multitask on-time develop responsibilities job skills multitask multiple experience responsibilities concepts salary platform required analyze contribute industry resume sales responsibilities interface customer technologies multiple sales develop contribute multitask platform resume team permanent people multitask years people resume customer industry skills passion develop process years growth customer
http,{G7I8-L8HV53RH-7866SOQN},09/02/2010 08:05:04,JJM0203,PC-0148,http://lockheedmartin.com/WboUhagvat1636367808.htm,passion report analyze analyze job skills dynamic industry guidance growth degree hours concepts starter skills required required degree strong expert people years resume permanent skills starter management passion years team concepts degree growth recruiter responsibilities years experience multitask multiple
http,{L4I8-B7BJ23UT-4672GAZS},09/02/2010 08:24:27,JJM0203,PC-0148,http://aol.com/jobs/WboUhagvat1963819229.jsp,relocation resume concepts passion start job multiple equivalent report management benefits team job call resume develop sales process years job on-time technologies contribute required concepts skills start platform team salary process multiple passion people required strong industry resume required opening strong engineer passion
http,{B9F6-P6MK32IZ-5279RVSX},09/02/2010 08:54:44,JJM0203,PC-0148,http://hp.com/WboUhagvat1944152218.jsp,develop sales opening experience opening sales concepts technologies passion experience interface customer starter team contribute initiative opening job resume multiple resume on-line part-time required concepts contribute equivalent sales team degree sales passion job required growth contribute degree degree guidance degree multiple passion concepts equivalent benefits job team years develop start develop job job call contribute growth passion opening
http,{X6A1-F5TO10VE-2956KPIO},09/02/2010 09:39:08,JJM0203,PC-0148,http://lockheedmartin.com/WboUhagvat1636367808.htm,growth job sales multitask management platform industry part-time experience skills expert growth required self customer opening job salary interface start required dynamic required responsibilities sales report hours hours skills develop develop part-time experience concepts benefits degree experience permanent concepts degree compensation benefits industry customer management required expert degree industry opening strong analyze management industry platform platform customer team
http,{Y4Z1-Z1NZ41TR-3826ZLOC},09/03/2010 09:29:21,JJM0203,PC-0148,http://northropgrumman.com/WboUhagvat572113271.aspx,part-time visual develop start growth people management develop relocation experience salary concepts interface multitask sales experience passion concepts initiative years compensation start develop report sales on-time experience initiative growth initiative concepts contribute customer management passion passion visual responsibilities team strong required
http,{W7T3-P9TD64XR-0913UBZB},09/03/2010 09:45:06,JJM0203,PC-0148,http://lockheedmartin.com/WboUhagvat1636367808.htm,benefits resume part-time permanent multiple platform multitask technologies concepts permanent resume degree interface sales on-time job on-time sales skills people job people resume industry on-time compensation responsibilities dynamic team years engineer on-time hours management engineer on-line process degree management
http,{G5N2-X7WQ00BU-6878CWXG},09/03/2010 10:04:29,JJM0203,PC-0148,http://hp.com/WboUhagvat1944152218.jsp,people concepts technologies years technologies compensation relocation initiative permanent multiple experience team strong people expert platform responsibilities passion skills strong resume process skills required people on-line starter resume expert customer degree interface resume customer initiative guidance people multiple responsibilities develop people expert skills strong dynamic on-line interface sales resume compensation skills hours responsibilities interface experience develop expert customer required technologies resume responsibilities contribute multiple team opening
http,{Z9P4-F4EY94CL-0655AGOM},09/03/2010 10:14:24,JJM0203,PC-0148,http://jobhuntersbible.com/WboUhagvat1258877042.aspx,required part-time management sales analyze concepts expert degree strong part-time people develop years required platform resume opening people on-time job hours dynamic on-time dynamic starter degree responsibilities contribute opening
http,{Y2F5-S8EV02EX-3573MQVV},09/03/2010 10:22:06,JJM0203,PC-0148,http://job-hunt.org/WboUhagvat919122234.html,required degree benefits call develop degree platform start industry equivalent develop concepts benefits report resume concepts people develop job process years passion required required dynamic concepts dynamic start platform contribute permanent opening sales multiple passion industry experience strong part-time sales report concepts compensation multiple passion equivalent people degree
http,{Y5X4-K9JS22MV-3678RGMK},09/03/2010 10:33:37,JJM0203,PC-0148,http://jobhuntersbible.com/WboUhagvat1258877042.aspx,years team initiative start visual skills management skills benefits platform compensation experience benefits responsibilities resume on-time equivalent start growth platform salary develop degree required degree team years customer contribute dynamic equivalent process multiple contribute initiative sales degree hours on-line strong benefits concepts benefits team degree dynamic team benefits interface salary on-time permanent technologies develop required dynamic contribute experience start
http,{H6Z0-X3TJ47II-3297NVXJ},09/03/2010 14:12:08,JJM0203,PC-0148,http://aol.com/jobs/WboUhagvat1963819229.jsp,responsibilities process passion people job start required develop platform self job permanent strong people on-time technologies dynamic responsibilities benefits equivalent technologies years initiative years responsibilities start concepts develop on-line responsibilities resume customer job team customer contribute responsibilities experience experience skills platform resume team experience responsibilities multitask experience sales responsibilities people degree job customer people years on-time required equivalent experience part-time hours start experience
http,{J5Y5-W5ZI47WZ-6622BZBA},09/03/2010 15:46:37,JJM0203,PC-0148,http://hp.com/WboUhagvat1944152218.jsp,guidance job start technologies concepts responsibilities call management industry management years passion customer job platform call sales develop multiple skills customer platform report platform technologies permanent platform multitask team skills job job platform start job report job dynamic analyze required sales call skills starter develop concepts growth skills management industry expert contribute start
http,{V0F0-S8SC42MP-2716JJBC},09/07/2010 07:41:10,JJM0203,PC-0148,http://job-hunt.org/WboUhagvat919122234.html,analyze responsibilities self sales develop degree platform skills people interface industry team benefits equivalent initiative dynamic experience opening benefits resume expert team years multiple permanent analyze permanent dynamic engineer degree people strong guidance growth team multiple strong required multitask platform management engineer platform required
http,{I9M9-E4BX72CX-5255MHXY},09/07/2010 08:15:01,JJM0203,PC-0148,http://monster.com/WboUhagvat1180707852.html,multiple team multitask skills benefits concepts resume passion concepts multiple years permanent multitask permanent call multiple required on-line process multitask management industry opening platform opening dynamic benefits salary platform dynamic salary strong industry contribute start strong contribute experience start multitask initiative process team required customer benefits equivalent salary self concepts management hours benefits develop multitask contribute dynamic sales expert
http,{M8C4-W4ZZ33TF-2408ZYJS},09/07/2010 09:50:09,JJM0203,PC-0148,http://monster.com/WboUhagvat1180707852.html,analyze industry customer dynamic required customer sales team platform equivalent contribute dynamic growth multitask recruiter degree self recruiter concepts multitask management resume start job develop permanent job resume sales required responsibilities multitask dynamic visual experience industry passion
http,{T4X9-I9JJ52NG-7459GNDT},09/07/2010 10:51:24,JJM0203,PC-0148,http://raytheon.com/WboUhagvat343187784.jsp,responsibilities interface required concepts analyze multitask opening concepts salary people industry people engineer dynamic resume people concepts team strong initiative experience growth on-time resume expert years opening platform years equivalent contribute permanent years passion compensation start opening multitask dynamic platform sales passion responsibilities strong team years contribute on-time required interface report visual technologies passion develop initiative required management resume equivalent starter concepts permanent multitask technologies people call
http,{F6E9-B4UM93GD-2727DGZU},09/07/2010 10:59:26,JJM0203,PC-0148,http://jobhuntersbible.com/WboUhagvat1258877042.aspx,team platform benefits years process contribute initiative contribute multitask team initiative industry passion resume sales guidance required multitask growth growth expert team customer multitask initiative sales on-time technologies customer strong interface platform opening growth job part-time customer years analyze responsibilities years start interface concepts years multitask part-time multitask start people resume multiple team platform growth multitask opening platform contribute part-time responsibilities strong skills multiple team guidance strong required initiative part-time customer team opening
http,{S3I5-N8IU23BU-7812ZTFA},09/07/2010 11:59:25,JJM0203,PC-0148,http://careerbuilder.com/WboUhagvat660170997.htm,concepts years job technologies people team on-time concepts skills industry skills opening expert skills years multitask management strong years part-time on-line engineer develop degree team team visual customer years equivalent skills permanent customer guidance degree responsibilities benefits contribute initiative guidance platform technologies customer expert years team equivalent multiple multitask equivalent develop equivalent platform process
http,{H5Q1-H9GM69LJ-5301RTQC},09/07/2010 12:11:15,JJM0203,PC-0148,http://aol.com/jobs/WboUhagvat1963819229.jsp,customer report dynamic relocation required required skills responsibilities permanent sales sales technologies resume job dynamic on-time management strong skills technologies platform equivalent degree resume interface benefits interface concepts experience required responsibilities process opening industry years skills concepts guidance sales skills resume salary on-time job
http,{B3V4-E7IB42CE-8989FFWO},09/07/2010 12:22:27,JJM0203,PC-0148,http://boeing.com/WboUhagvat1904327536.htm,industry management skills experience growth process analyze develop resume skills management customer multitask permanent report sales years interface industry process job resume experience permanent job responsibilities multiple skills dynamic experience start sales multitask dynamic permanent part-time multiple multitask report start initiative responsibilities
http,{D9T1-L0DD93BY-1584SNZT},09/07/2010 16:41:09,JJM0203,PC-0148,http://aol.com/jobs/WboUhagvat1963819229.jsp,passion analyze initiative team strong develop concepts concepts skills customer skills years responsibilities passion strong develop dynamic industry responsibilities analyze years team multiple team industry expert degree strong multitask develop contribute customer people initiative sales process sales job multiple expert multitask platform multiple years equivalent years required
http,{C7X4-S7CL68RT-0934SLNA},09/08/2010 07:29:38,JJM0203,PC-0148,http://craigslist.org/WboUhagvat1105403916.aspx,job starter platform benefits compensation call people people permanent skills management report on-time report responsibilities skills benefits concepts required opening industry years responsibilities compensation report responsibilities customer resume people customer customer job multiple required skills opening technologies concepts guidance experience hours required management passion sales report strong strong customer
http,{J6R9-L6FD94UD-6865JKJD},09/08/2010 09:04:21,JJM0203,PC-0148,http://careerbuilder.com/WboUhagvat660170997.htm,management dynamic industry report required responsibilities hours responsibilities people multiple develop interface skills experience sales part-time concepts strong permanent team team start start contribute opening hours concepts multiple sales growth contribute concepts process people multiple people starter multitask resume job experience
http,{M6I6-N8WM92ML-6902MJQN},09/08/2010 09:52:04,JJM0203,PC-0148,http://jobhuntersbible.com/WboUhagvat1258877042.aspx,passion sales multitask platform skills responsibilities skills process team develop job concepts experience technologies technologies degree analyze contribute on-time responsibilities dynamic skills interface years hours experience on-time multiple growth required engineer concepts interface develop job opening initiative contribute technologies visual hours experience salary required multiple years
http,{Y1F6-G1FS47ZX-4848ZABW},09/08/2010 13:15:37,JJM0203,PC-0148,http://raytheon.com/WboUhagvat343187784.jsp,visual guidance permanent years sales customer process job required people expert call start responsibilities part-time management report analyze customer on-time growth initiative growth skills growth expert platform responsibilities required multiple resume guidance responsibilities dynamic growth opening required contribute report management equivalent sales process job multitask initiative job required degree skills multiple years concepts experience required platform multitask benefits multitask call growth contribute contribute responsibilities people
http,{D1X1-Q5CR74GV-3848NNAO},09/08/2010 13:59:01,JJM0203,PC-0148,http://linkedin.com/WboUhagvat1479839504.aspx,on-line relocation contribute strong benefits report self degree job skills initiative passion required years team expert guidance initiative sales strong analyze visual multiple resume experience degree required degree self sales contribute passion team recruiter process benefits customer platform equivalent strong growth team required benefits strong
http,{H0M1-C5RY05ZS-7732FUDS},09/08/2010 15:34:46,JJM0203,PC-0148,http://aol.com/jobs/WboUhagvat1963819229.jsp,dynamic contribute engineer skills years degree sales process contribute guidance initiative multiple start responsibilities process years customer expert years multiple team contribute customer multitask technologies part-time customer dynamic experience starter benefits on-line compensation management customer on-time interface report develop multiple customer customer required platform expert experience expert part-time responsibilities experience degree job skills opening years permanent strong equivalent skills industry expert multitask customer
http,{Y3A0-Y5VP97SK-4463AYLN},09/08/2010 16:15:47,JJM0203,PC-0148,http://linkedin.com/WboUhagvat1479839504.aspx,technologies responsibilities develop multiple start multitask management team strong interface strong develop expert initiative part-time dynamic permanent starter multiple team initiative job self customer industry self equivalent opening permanent customer industry on-time permanent multiple team experience degree responsibilities on-time part-time people opening equivalent responsibilities team strong start sales experience years
http,{C3H5-J3JA49LP-3303UGIF},09/08/2010 16:39:17,JJM0203,PC-0148,http://boeing.com/WboUhagvat1904327536.htm,technologies experience hours multitask job platform starter growth job equivalent benefits report growth team team benefits develop interface multitask experience process passion resume contribute growth experience job growth sales develop customer multitask skills degree recruiter interface concepts industry develop self experience technologies degree required contribute experience growth equivalent initiative permanent engineer strong resume responsibilities industry industry growth opening team required management on-line platform
http,{F7G6-F2DL95CZ-1281WVRX},09/09/2010 13:19:01,JJM0203,PC-0148,http://yahoo.com/hotjobs/WboUhagvat752138490.php,contribute expert on-time strong skills equivalent on-time growth multiple industry customer develop responsibilities team growth job multitask multiple permanent degree develop start passion
http,{E6P4-C7XW78QK-6639HKJN},09/09/2010 13:34:54,JJM0203,PC-0148,http://boeing.com/WboUhagvat1904327536.htm,platform management report growth equivalent on-time contribute multiple benefits develop part-time self management job dynamic people growth multiple guidance customer sales opening part-time concepts required passion multitask people report people guidance resume job management benefits management
http,{X0X4-V8GC50WG-5891CRAR},09/09/2010 13:44:58,JJM0203,PC-0148,http://harris.com/WboUhagvat1919385663.htm,start multiple degree dynamic develop customer skills experience starter team hours job customer responsibilities growth equivalent years customer team responsibilities strong job degree initiative experience years analyze guidance on-time concepts multiple degree process resume strong required responsibilities on-line experience multitask process opening opening multiple benefits people growth compensation develop on-time multiple team salary develop technologies team equivalent strong opening passion
http,{M3K7-Y2SQ07WU-5270FNWO},09/09/2010 15:26:26,JJM0203,PC-0148,http://boeing.com/WboUhagvat1904327536.htm,skills report growth management guidance industry multiple resume experience contribute skills technologies dynamic degree initiative required management job skills permanent technologies strong benefits growth required process growth team required start industry benefits job customer passion experience report sales opening multiple platform hours permanent resume sales visual benefits part-time analyze platform experience
http,{F9I3-S0UK35HE-4399HPPG},09/09/2010 15:52:41,JJM0203,PC-0148,http://yahoo.com/hotjobs/WboUhagvat752138490.php,required resume team equivalent equivalent develop start multiple equivalent skills strong skills contribute concepts sales job develop team management platform degree initiative team industry report degree technologies dynamic years hours platform platform team required skills skills job
http,{I1Z5-C9DQ09TE-7863KAND},09/09/2010 15:56:11,JJM0203,PC-0148,http://boeing.com/WboUhagvat1904327536.htm,years customer benefits management initiative develop team multiple experience skills passion skills management resume on-time experience equivalent passion technologies strong concepts analyze analyze compensation report start multitask relocation develop technologies develop responsibilities opening management interface passion initiative experience multitask multitask years hours analyze dynamic management job multitask dynamic recruiter platform growth years degree interface management people develop concepts guidance strong self develop
http,{P1K5-B2FK96VI-1293YDTO},09/10/2010 08:17:40,JJM0203,PC-0148,http://simplyhired.com/WboUhagvat57469130.jsp,on-line start industry required required required team experience required customer salary customer starter passion responsibilities passion sales analyze people concepts dynamic degree opening report on-time on-time opening degree skills responsibilities initiative on-time guidance platform passion develop process call multitask
http,{L3S4-F5GZ45VC-1245EZTD},09/10/2010 08:20:33,JJM0203,PC-0148,http://craigslist.org/WboUhagvat1105403916.aspx,technologies required expert call develop management visual resume multitask technologies skills multitask multiple years degree develop platform benefits skills skills required strong concepts job responsibilities strong contribute self years skills opening people customer permanent initiative start multitask benefits degree team people team equivalent equivalent self platform platform benefits degree growth technologies required develop resume relocation people multitask degree years technologies resume platform strong skills
http,{T1I4-H6WG52IP-2965QLXN},09/10/2010 08:22:11,JJM0203,PC-0148,http://indeed.com/WboUhagvat1680703797.html,experience responsibilities years technologies permanent hours people degree call multitask platform people equivalent initiative passion experience resume experience process skills customer interface required interface skills sales develop sales resume industry analyze equivalent industry people passion passion customer team customer compensation years management
http,{P7B4-K4XC95HM-9115ATVY},09/10/2010 08:37:08,JJM0203,PC-0148,http://boeing.com/WboUhagvat1904327536.htm,salary sales initiative multitask starter customer compensation opening technologies job passion degree experience contribute job degree sales start permanent team years part-time job contribute salary salary degree opening multiple contribute process salary team required experience develop develop industry skills benefits benefits passion team required strong customer equivalent growth interface technologies interface benefits
http,{I5E0-K3MJ66QS-9580KGKH},09/10/2010 09:03:46,JJM0203,PC-0148,http://craigslist.org/WboUhagvat1105403916.aspx,opening growth analyze job team skills resume strong platform years part-time experience years compensation customer years years sales opening start guidance people resume permanent resume concepts report multiple customer opening guidance process platform equivalent technologies part-time guidance process opening customer equivalent develop resume responsibilities job platform
http,{Z4Z5-C2LG38AZ-0200WHJB},09/10/2010 09:43:04,JJM0203,PC-0148,http://simplyhired.com/WboUhagvat57469130.jsp,analyze industry permanent required resume on-time benefits growth benefits salary team customer contribute customer on-time multiple develop people self platform degree required industry multitask self growth on-time permanent develop concepts multitask on-line skills benefits on-line technologies report required people multitask customer resume required hours part-time resume multitask contribute benefits benefits salary management customer contribute management initiative resume multiple
http,{I2D9-X9ND35QM-8428LZVE},09/10/2010 10:58:02,JJM0203,PC-0148,http://careerbuilder.com/WboUhagvat660170997.htm,years team job dynamic job experience job required on-time skills benefits develop multitask industry call develop technologies develop years develop industry management dynamic job resume initiative growth expert strong benefits experience contribute process benefits concepts initiative people dynamic compensation develop experience sales strong
http,{K5V5-F8HQ07PO-1874WKKB},09/10/2010 10:59:06,JJM0203,PC-0148,http://monster.com/WboUhagvat1180707852.html,skills multiple equivalent team multitask relocation multiple dynamic management self multiple required guidance strong starter responsibilities relocation starter opening initiative dynamic contribute develop dynamic contribute resume concepts job
http,{P0U8-O6OT05DT-8922OTKR},09/10/2010 14:07:15,JJM0203,PC-0148,http://yahoo.com/hotjobs/WboUhagvat752138490.php,on-time benefits develop growth degree management management guidance management passion interface platform develop skills required sales team develop management platform platform platform job skills process technologies compensation contribute experience sales on-time dynamic multitask experience benefits experience skills initiative skills team interface multiple strong multiple people equivalent years opening contribute degree analyze expert
http,{D0S9-D0EP00QB-7480DOUA},09/10/2010 17:01:15,JJM0203,PC-0148,http://monster.com/WboUhagvat1180707852.html,platform self on-time resume customer develop multiple strong develop growth develop customer guidance industry part-time job years multitask benefits report growth contribute opening growth report self opening on-time platform years process degree interface skills team strong dynamic growth management skills job part-time contribute multiple report years guidance growth strong experience
http,{Z3R6-I8SW58NJ-4774ILEN},09/13/2010 13:52:01,JJM0203,PC-0148,http://harris.com/WboUhagvat1919385663.htm,skills equivalent report passion analyze experience starter start equivalent initiative start multitask experience resume skills recruiter strong opening start concepts opening equivalent years platform responsibilities degree hours opening passion salary strong sales platform degree growth develop opening interface years
http,{S4C2-O9NI71DO-7087YAQH},09/13/2010 14:14:09,JJM0203,PC-0148,http://northropgrumman.com/WboUhagvat572113271.aspx,analyze resume concepts opening concepts resume skills engineer dynamic experience job resume growth team develop guidance management sales start platform permanent compensation job degree part-time required report develop customer industry years opening guidance contribute report responsibilities permanent analyze start platform responsibilities team benefits management growth years dynamic initiative develop opening years process multitask years report required visual guidance process responsibilities
http,{N8M3-M1GG71BU-8811TMOQ},09/13/2010 14:18:41,JJM0203,PC-0148,http://raytheon.com/WboUhagvat343187784.jsp,platform management recruiter multitask technologies sales passion years guidance report job strong growth starter concepts passion required develop experience passion industry interface multitask visual multiple experience responsibilities experience platform permanent recruiter starter initiative growth experience team compensation contribute resume team experience expert benefits interface relocation permanent skills technologies interface dynamic industry skills part-time growth part-time customer skills report growth engineer equivalent required growth report equivalent years technologies interface
http,{G9M4-J5YF07WC-0469IVXN},09/13/2010 15:09:29,JJM0203,PC-0148,http://raytheon.com/WboUhagvat343187784.jsp,technologies management guidance initiative process start interface customer relocation skills platform opening growth opening equivalent part-time equivalent resume skills years report experience interface platform years strong platform expert equivalent strong responsibilities customer required years skills people interface multitask guidance sales customer team job required expert multitask job interface
http,{K0W4-T9LA02QF-1893NRNV},09/13/2010 16:03:40,JJM0203,PC-0148,http://simplyhired.com/WboUhagvat57469130.jsp,degree contribute on-time permanent strong sales resume passion skills resume interface develop team equivalent platform strong platform years dynamic required platform resume industry years experience growth sales required platform team equivalent report management process skills industry part-time skills growth platform visual
http,{W5N0-N6RR45TS-5017BPEQ},09/13/2010 16:38:03,JJM0203,PC-0148,http://linkedin.com/WboUhagvat1479839504.aspx,interface industry process growth platform guidance industry responsibilities multitask resume platform management years part-time contribute concepts sales growth expert start initiative responsibilities strong job equivalent on-line job people growth growth contribute strong degree contribute multitask equivalent compensation on-time team multitask salary
http,{Q5E5-G2JQ89LK-4228BTTU},09/14/2010 07:26:04,JJM0203,PC-0148,http://northropgrumman.com/WboUhagvat572113271.aspx,degree strong years contribute team dynamic platform multiple required equivalent strong on-line report skills responsibilities degree visual management industry skills team required opening team concepts team on-time starter strong strong interface passion passion platform technologies years start report compensation permanent people skills dynamic compensation management
http,{M5A1-U3DJ75WB-2617GDAF},09/14/2010 09:18:21,JJM0203,PC-0148,http://linkedin.com/WboUhagvat1479839504.aspx,permanent contribute platform customer compensation self initiative people strong start opening responsibilities report opening recruiter guidance skills on-time responsibilities experience concepts on-line salary recruiter start job responsibilities guidance growth dynamic industry team job platform management sales equivalent multitask dynamic benefits strong equivalent degree visual team develop strong degree platform start
http,{Q1H8-H6FG76UV-6402JOBZ},09/14/2010 12:07:55,JJM0203,PC-0148,http://hp.com/WboUhagvat1944152218.jsp,skills opening job resume multitask platform required technologies start platform required experience concepts multitask job on-time required resume report technologies benefits dynamic initiative equivalent strong equivalent develop contribute growth equivalent required multitask platform analyze equivalent required opening benefits industry expert strong technologies team guidance opening initiative contribute management report guidance technologies on-time
http,{N0L1-B5DA02II-4458KGSN},09/14/2010 14:27:39,JJM0203,PC-0148,http://lockheedmartin.com/WboUhagvat1636367808.htm,multitask growth interface customer recruiter technologies dynamic experience people industry expert responsibilities job industry resume required dynamic multitask degree years compensation multitask hours analyze years resume job salary customer growth responsibilities degree dynamic develop sales relocation on-time hours experience start responsibilities years required contribute degree resume sales expert industry experience skills management dynamic
http,{H1M7-Z1SZ36NC-0807ETBP},09/14/2010 14:28:18,JJM0203,PC-0148,http://linkedin.com/WboUhagvat1479839504.aspx,dynamic required strong process responsibilities experience resume interface years compensation hours resume recruiter management report team team degree industry equivalent resume on-time people experience salary develop opening multiple contribute skills passion analyze process platform multitask passion multiple dynamic team skills contribute degree multitask
http,{B3E4-X9YG70BU-9516GSIO},09/14/2010 16:20:44,JJM0203,PC-0148,http://job-hunt.org/WboUhagvat919122234.html,dynamic guidance required visual concepts required equivalent visual develop sales years interface self multiple multitask multitask analyze guidance contribute part-time on-time job passion equivalent management strong team responsibilities sales industry job initiative passion job team job job expert experience interface required skills equivalent compensation develop multitask concepts hours people start develop responsibilities multitask experience
http,{K9P6-A9OJ61GG-1922GTJJ},09/14/2010 16:28:11,JJM0203,PC-0148,http://job-hunt.org/WboUhagvat919122234.html,concepts concepts technologies strong strong people permanent multiple team experience responsibilities degree develop salary technologies permanent team benefits multitask team interface platform self industry hours part-time contribute sales sales on-line years
http,{G0P1-H9EX54YL-7744UNXE},09/14/2010 17:03:44,JJM0203,PC-0148,http://aol.com/jobs/WboUhagvat1963819229.jsp,benefits job report report start opening contribute experience strong team responsibilities on-time initiative skills contribute sales contribute contribute starter initiative degree hours technologies expert experience people people contribute experience report benefits dynamic growth job customer required platform develop platform customer customer develop contribute management permanent visual
http,{Z0N2-U8VS10WJ-6998BBKT},09/14/2010 17:25:09,JJM0203,PC-0148,http://simplyhired.com/WboUhagvat57469130.jsp,benefits opening skills on-time management guidance start multiple dynamic opening initiative industry multiple compensation analyze sales team strong on-time strong dynamic skills resume guidance growth dynamic dynamic team multitask sales sales years sales opening interface guidance sales people growth concepts experience management
http,{Y9I7-L7QB40RP-1456JQUX},09/14/2010 17:25:45,JJM0203,PC-0148,http://monster.com/WboUhagvat1180707852.html,process responsibilities opening resume equivalent start growth start concepts develop resume initiative job opening responsibilities self develop concepts skills expert sales responsibilities on-time sales report opening guidance passion develop passion concepts passion team permanent years analyze self opening passion opening hours resume passion experience multiple passion required required benefits experience starter multitask industry technologies
http,{Y8N2-M4LQ98SU-2683ZHJR},09/15/2010 07:54:22,JJM0203,PC-0148,http://boeing.com/WboUhagvat1904327536.htm,develop growth years benefits multitask self multitask benefits opening team customer starter skills interface industry degree hours multitask required contribute initiative degree dynamic report guidance industry responsibilities permanent industry required responsibilities years experience skills self multitask skills self years strong contribute responsibilities experience responsibilities concepts team start initiative platform passion sales develop
http,{T3A9-S8QV54TT-0170JKCM},09/15/2010 10:24:45,JJM0203,PC-0148,http://careerbuilder.com/WboUhagvat660170997.htm,responsibilities people multitask initiative job concepts develop experience benefits platform analyze growth experience interface degree platform self multiple customer technologies customer report platform passion expert management experience multitask benefits equivalent equivalent experience benefits people process growth opening dynamic equivalent team expert visual management
http,{M1O8-I6OL32SN-7875PYFZ},09/15/2010 10:39:59,JJM0203,PC-0148,http://raytheon.com/WboUhagvat343187784.jsp,technologies passion growth platform management responsibilities platform platform dynamic on-time concepts multiple guidance resume industry guidance self sales develop opening resume platform job on-time analyze report multitask permanent report visual
http,{F6G7-N6RZ63LI-6213DGBR},09/15/2010 13:34:36,JJM0203,PC-0148,http://aol.com/jobs/WboUhagvat1963819229.jsp,concepts part-time resume start resume compensation multiple job start responsibilities resume relocation self resume interface platform technologies multiple team management dynamic resume equivalent initiative expert customer on-time equivalent multiple team develop guidance skills multitask degree industry interface permanent degree guidance opening skills dynamic experience contribute multitask guidance strong job multiple
http,{H0P0-E0UK61VS-3571ZFPC},09/15/2010 17:02:51,JJM0203,PC-0148,http://hp.com/WboUhagvat1944152218.jsp,multitask years technologies interface passion resume contribute technologies dynamic job growth required strong start concepts degree technologies platform dynamic multitask job visual report degree strong benefits degree interface resume part-time team develop salary job industry develop growth permanent experience experience resume degree develop strong sales resume multitask management degree skills team benefits strong management technologies years passion responsibilities visual customer on-time on-time customer responsibilities on-line
http,{U5R6-D8PZ79NQ-5025HOPN},09/15/2010 17:22:02,JJM0203,PC-0148,http://raytheon.com/WboUhagvat343187784.jsp,required part-time job years initiative contribute customer recruiter salary process permanent platform management dynamic expert guidance experience experience management contribute multiple required analyze experience initiative skills opening part-time degree report dynamic multiple report multitask equivalent platform contribute experience on-line part-time self skills responsibilities permanent report on-time degree salary initiative
http,{W3A5-D8HO36MM-4693LNXE},09/16/2010 09:16:48,JJM0203,PC-0148,http://monster.com/WboUhagvat1180707852.html,multiple responsibilities equivalent benefits salary develop passion skills management initiative passion job job required expert report experience process multiple years customer analyze dynamic sales benefits degree strong start people dynamic job engineer industry people
http,{Y3O6-I9BG56NS-2526PAEM},09/16/2010 10:07:23,JJM0203,PC-0148,http://lockheedmartin.com/WboUhagvat1636367808.htm,required platform contribute permanent technologies sales degree responsibilities customer people industry management growth growth technologies team growth multiple technologies expert responsibilities degree opening initiative people customer concepts salary platform team dynamic job skills develop customer sales multitask technologies resume industry start develop start customer contribute engineer interface degree resume passion
http,{U6Z2-J5RT00SB-3099VFGA},09/16/2010 14:21:01,JJM0203,PC-0148,http://careerbuilder.com/WboUhagvat660170997.htm,strong resume responsibilities years experience self dynamic multitask experience strong resume degree strong degree multitask required start start initiative passion guidance degree platform resume passion years degree job develop self experience platform industry guidance analyze multitask salary contribute equivalent management industry
http,{D3M0-P2NP55NS-0585VGYJ},09/16/2010 15:20:22,JJM0203,PC-0148,http://aol.com/jobs/WboUhagvat1963819229.jsp,process develop platform industry required sales platform call contribute industry job people degree customer experience degree team degree sales responsibilities industry relocation interface degree multiple job starter initiative process customer permanent resume industry develop platform skills growth experience hours customer strong strong analyze customer permanent resume skills management team expert opening concepts degree equivalent contribute opening start report customer permanent responsibilities process
http,{O3E9-B3PE25UK-1106NIFI},09/16/2010 15:24:27,JJM0203,PC-0148,http://monster.com/WboUhagvat1180707852.html,expert opening platform equivalent team equivalent develop multiple develop skills sales permanent platform start opening benefits contribute equivalent equivalent report on-time develop dynamic responsibilities sales resume analyze passion salary analyze benefits self concepts equivalent people growth team industry interface degree on-line initiative strong permanent multitask sales customer starter team
http,{F4I1-U4YB73GD-1597UNYJ},09/16/2010 16:35:15,JJM0203,PC-0148,http://boeing.com/WboUhagvat1904327536.htm,multiple process required analyze required hours start multiple benefits degree growth responsibilities resume required process sales customer skills team customer multiple technologies degree concepts industry job responsibilities report start degree equivalent equivalent start expert degree team skills required self technologies visual passion skills report skills report starter multiple management technologies benefits interface permanent years experience
http,{K3Q3-H7HO02BC-5767PRWZ},09/16/2010 16:41:39,JJM0203,PC-0148,http://hp.com/WboUhagvat1944152218.jsp,sales benefits management required platform experience report visual team people growth responsibilities skills passion develop skills benefits resume technologies permanent experience technologies skills opening technologies job customer guidance opening strong benefits analyze compensation report resume passion start expert degree
http,{Y1B9-Y9MG63JY-6885IYKJ},09/17/2010 07:14:24,JJM0203,PC-0148,http://craigslist.org/WboUhagvat1105403916.aspx,initiative experience years expert management contribute team opening years report team salary recruiter team experience multiple permanent resume opening industry years develop team opening contribute dynamic job customer opening on-time contribute expert required contribute responsibilities resume multiple dynamic opening management skills concepts concepts benefits
http,{N1C4-I6VF91IW-5445JCJQ},09/17/2010 07:29:34,JJM0203,PC-0148,http://monster.com/WboUhagvat1180707852.html,dynamic experience sales on-line required management team equivalent dynamic skills report on-line concepts develop dynamic job guidance compensation opening required team experience platform degree platform opening process years required permanent sales responsibilities strong resume multitask dynamic experience develop technologies start team job resume opening develop industry growth
http,{Y2M6-W2WA00ND-3518FDAH},09/17/2010 08:52:39,JJM0203,PC-0148,http://yahoo.com/hotjobs/WboUhagvat752138490.php,multiple process starter concepts passion initiative self opening multiple resume report degree required permanent guidance years management multitask responsibilities platform equivalent part-time contribute equivalent people expert industry resume team develop industry team contribute management sales relocation degree technologies years opening degree contribute contribute growth required strong initiative required analyze benefits on-time industry required required
http,{M3O2-E6NU87WL-6777SFAN},09/17/2010 09:32:54,JJM0203,PC-0148,http://craigslist.org/WboUhagvat1105403916.aspx,analyze degree passion required develop multitask guidance required starter on-line experience opening customer skills analyze start equivalent multiple management passion salary benefits passion on-time guidance experience sales degree benefits permanent resume resume platform team degree responsibilities salary platform develop multitask develop people initiative starter multiple team multitask
http,{N3M2-Q5FH15SQ-7446WVHG},09/17/2010 09:53:28,JJM0203,PC-0148,http://job-hunt.org/WboUhagvat919122234.html,multitask job dynamic platform passion concepts dynamic expert hours recruiter guidance growth develop responsibilities skills skills develop degree skills customer management initiative years experience degree multitask passion team contribute management report develop degree multitask years develop equivalent on-time experience starter job call resume management skills people compensation management multitask responsibilities customer years sales concepts industry required develop contribute growth customer
http,{T4O2-I8QD63OK-3800RMGC},09/17/2010 13:06:39,JJM0203,PC-0148,http://hp.com/WboUhagvat1944152218.jsp,team equivalent dynamic degree start people opening people contribute resume multiple interface industry strong interface job platform opening responsibilities platform on-time management customer benefits dynamic hours team customer on-time salary industry team contribute analyze multitask customer multiple multitask salary process job customer
http,{W2X5-I7NX04BZ-8409PWLS},09/20/2010 07:49:16,JJM0203,PC-0148,http://harris.com/WboUhagvat1919385663.htm,develop years equivalent opening industry opening required job multiple dynamic passion industry team multitask benefits multitask experience industry concepts dynamic starter sales report resume self industry opening resume
http,{P1T8-R4DJ90XP-4727IUHO},09/20/2010 08:37:10,JJM0203,PC-0148,http://boeing.com/WboUhagvat1904327536.htm,growth passion analyze dynamic concepts team contribute benefits experience platform on-line multitask expert responsibilities degree years resume people on-time develop dynamic process expert recruiter team resume interface responsibilities resume responsibilities starter degree sales experience expert
http,{Z9K5-Z4OU52MC-1893NPBL},09/20/2010 08:46:04,JJM0203,PC-0148,http://hp.com/WboUhagvat1944152218.jsp,interface concepts years experience develop responsibilities multiple visual degree strong years growth part-time sales permanent multitask customer people contribute multitask analyze experience team report equivalent benefits multitask equivalent equivalent develop passion job opening expert skills job required platform on-time growth growth strong
http,{E1I6-W2XS02KR-7505MUZG},09/20/2010 08:52:16,JJM0203,PC-0148,http://raytheon.com/WboUhagvat343187784.jsp,years develop process sales on-time opening degree technologies develop engineer benefits opening resume sales on-time people multitask multiple analyze growth people interface skills dynamic customer years experience report opening multitask on-time multitask on-time equivalent responsibilities team skills contribute skills benefits growth multitask
http,{V9I3-X9YZ37SV-0649MLJB},09/20/2010 08:53:43,JJM0203,PC-0148,http://careerbuilder.com/WboUhagvat660170997.htm,responsibilities dynamic required strong customer contribute starter years start years opening experience visual multitask interface on-time experience required multiple resume guidance expert years equivalent compensation skills multiple start develop resume report dynamic responsibilities equivalent skills job contribute initiative experience start team guidance start develop sales expert platform required degree develop
http,{N5A9-W6MI75SR-9512IXWZ},09/20/2010 11:58:57,JJM0203,PC-0148,http://jobhuntersbible.com/WboUhagvat1258877042.aspx,process team interface contribute experience people hours people skills analyze people concepts management experience process team required job process part-time self dynamic sales start self degree multitask job starter job years degree skills responsibilities responsibilities skills compensation analyze relocation benefits benefits multiple hours strong management experience experience equivalent sales
http,{T0Y9-G0SW66WV-4724DVYW},09/20/2010 13:58:28,JJM0203,PC-0148,http://careerbuilder.com/WboUhagvat660170997.htm,develop process experience sales passion years experience develop responsibilities self resume management years degree interface management required passion part-time multitask skills technologies skills multitask interface analyze hours skills engineer technologies dynamic growth opening contribute growth skills required opening management
http,{N9T0-O1NP44WO-1144TNKJ},09/20/2010 14:02:49,JJM0203,PC-0148,http://craigslist.org/WboUhagvat1105403916.aspx,initiative process multitask required degree opening dynamic resume strong job benefits required responsibilities customer initiative experience guidance expert equivalent self expert start multiple responsibilities people technologies sales passion responsibilities platform resume team equivalent skills skills develop multitask required strong
http,{W3N6-J3AE05HC-6294VWXN},09/20/2010 14:26:06,JJM0203,PC-0148,http://jobhuntersbible.com/WboUhagvat1258877042.aspx,passion report technologies concepts concepts relocation dynamic technologies responsibilities team permanent multitask initiative degree contribute multitask equivalent job expert strong passion start guidance guidance multitask permanent years equivalent develop multiple passion multitask contribute experience start visual dynamic experience self team team skills skills report self develop sales start customer develop multiple skills equivalent resume years customer on-time resume
http,{R1Z4-C9LC06DU-7914NRET},09/21/2010 09:10:30,JJM0203,PC-0148,http://craigslist.org/WboUhagvat1105403916.aspx,growth start platform years report engineer people platform process process multiple experience management self benefits responsibilities engineer opening resume concepts multitask multitask experience start platform team passion experience job strong customer multitask passion multitask dynamic benefits experience starter years multiple compensation visual resume multitask contribute develop dynamic develop skills starter start
http,{V2N4-P4FX74KN-5878NTYB},09/21/2010 10:19:37,JJM0203,PC-0148,http://linkedin.com/WboUhagvat1479839504.aspx,growth experience skills degree contribute self benefits responsibilities multiple responsibilities report years contribute passion equivalent start industry multitask process responsibilities process visual industry strong growth concepts multitask management people degree years permanent report on-time expert contribute initiative skills salary years expert people compensation team years degree platform sales years job on-time analyze required expert experience benefits self customer industry responsibilities responsibilities platform people report
http,{D8D5-H5UX31VG-8009WSYB},09/21/2010 12:39:19,JJM0203,PC-0148,http://aol.com/jobs/WboUhagvat1963819229.jsp,platform expert job customer customer people hours skills job hours management industry on-time skills years analyze concepts degree expert concepts contribute customer concepts develop management customer resume growth responsibilities multitask on-line multitask management guidance sales job platform
http,{P9I9-Y2AO81SO-6498WEQD},09/21/2010 12:55:31,JJM0203,PC-0148,http://raytheon.com/WboUhagvat343187784.jsp,required degree job skills benefits technologies develop industry visual hours engineer responsibilities sales platform contribute multiple strong compensation start dynamic sales concepts equivalent recruiter resume develop job skills hours years management equivalent guidance sales equivalent self industry equivalent skills platform multiple experience job develop required multiple permanent degree degree people skills platform report process
http,{Q9K0-E5LX06OS-9094NQQP},09/21/2010 13:47:08,JJM0203,PC-0148,http://hp.com/WboUhagvat1944152218.jsp,multitask growth benefits multitask industry on-time dynamic technologies concepts degree start management industry expert job report contribute sales team multitask concepts job years multitask responsibilities technologies people interface strong people resume hours
http,{Q8V1-N7TH52CH-0736GZFB},09/22/2010 07:28:40,JJM0203,PC-0148,http://craigslist.org/WboUhagvat1105403916.aspx,job resume job strong starter experience years expert hours experience years platform responsibilities opening initiative strong guidance initiative growth years experience job guidance opening skills on-time part-time strong relocation industry initiative engineer required self technologies years sales guidance passion required compensation contribute hours benefits starter people develop multiple multitask strong passion years degree multitask multitask people technologies
http,{Y7S9-N5DD02UB-0213ZFWI},09/22/2010 07:52:52,JJM0203,PC-0148,http://hp.com/WboUhagvat1944152218.jsp,equivalent customer years starter years multiple team develop management responsibilities hours multiple equivalent on-line contribute start job develop skills develop job expert guidance customer analyze sales strong concepts responsibilities multitask equivalent required contribute experience permanent engineer resume process multitask job technologies report process
http,{W9W7-G6GJ29CY-0687KIOT},09/22/2010 08:02:29,JJM0203,PC-0148,http://harris.com/WboUhagvat1919385663.htm,people sales report growth people skills on-time job contribute interface multitask develop guidance on-time strong team on-time required multitask engineer salary part-time growth skills equivalent technologies experience platform concepts customer guidance passion on-line management required technologies industry dynamic contribute experience job
http,{L3C5-T3ET25WY-8595MFZL},09/22/2010 08:05:29,JJM0203,PC-0148,http://job-hunt.org/WboUhagvat919122234.html,strong benefits contribute contribute multitask sales develop contribute initiative report guidance required guidance start management multitask develop platform part-time strong interface multiple recruiter concepts resume start equivalent passion equivalent platform passion start industry salary experience analyze team part-time start responsibilities required job resume benefits resume job skills expert team experience contribute
http,{A5Q2-S3NE52SN-0090VOZX},09/22/2010 08:07:23,JJM0203,PC-0148,http://careerbuilder.com/WboUhagvat660170997.htm,sales opening start on-time contribute develop multitask multitask dynamic team report degree customer process on-time platform equivalent job years contribute start passion sales initiative strong resume platform sales sales concepts sales job self benefits degree permanent recruiter develop develop customer resume responsibilities self job on-time contribute benefits starter salary technologies growth initiative concepts responsibilities customer platform guidance dynamic benefits multitask multiple responsibilities growth equivalent multiple
http,{D3Z8-O7MB14MU-5262GDOJ},09/22/2010 08:46:51,JJM0203,PC-0148,http://hp.com/WboUhagvat1944152218.jsp,people growth equivalent skills growth hours dynamic required salary job customer sales team salary relocation degree strong growth equivalent concepts platform degree job experience degree benefits guidance responsibilities industry experience skills degree start responsibilities opening equivalent strong concepts degree develop degree required job
http,{R1M9-W5WX29LA-1175CKQQ},09/22/2010 09:00:00,JJM0203,PC-0148,http://careerbuilder.com/WboUhagvat660170997.htm,dynamic start responsibilities team industry process multiple initiative experience multitask resume interface relocation resume skills growth degree skills interface customer responsibilities start strong sales develop process resume initiative growth resume report technologies platform permanent years self passion opening degree engineer resume report industry multiple required passion compensation job customer engineer initiative skills concepts engineer growth skills years expert required experience report years passion job
http,{W4P1-F3AW06EG-5077PUGO},09/22/2010 09:03:01,JJM0203,PC-0148,http://lockheedmartin.com/WboUhagvat1636367808.htm,concepts starter multitask growth interface responsibilities management start permanent resume dynamic contribute on-time technologies hours visual benefits initiative strong growth on-time multiple concepts platform skills contribute sales develop permanent multiple required opening contribute sales people degree degree equivalent degree
http,{U8H2-X7RY41OF-4505QJDF},09/22/2010 10:23:43,JJM0203,PC-0148,http://aol.com/jobs/WboUhagvat1963819229.jsp,permanent opening passion experience skills salary sales part-time multiple on-time develop guidance compensation multiple opening benefits years degree customer multitask required starter relocation salary equivalent initiative passion degree responsibilities resume experience skills technologies on-time technologies degree team concepts responsibilities skills opening degree multiple interface start report interface degree sales years degree job passion experience dynamic job resume
http,{T5M5-P6DI28WD-6026XLBM},09/23/2010 12:15:43,JJM0203,PC-0148,http://monster.com/WboUhagvat1180707852.html,opening report team equivalent contribute years contribute benefits team required dynamic self skills customer multiple engineer technologies analyze skills growth degree platform technologies customer job report skills required process platform expert opening initiative permanent guidance interface resume benefits industry hours self responsibilities degree platform contribute multiple growth develop start
http,{X6K9-G4GD62XS-6616HNKZ},09/23/2010 13:11:01,JJM0203,PC-0148,http://aol.com/jobs/WboUhagvat1963819229.jsp,technologies responsibilities technologies resume dynamic people people dynamic skills industry self guidance initiative starter passion dynamic skills customer benefits years degree job degree start degree years technologies multitask multitask multitask industry contribute management required equivalent passion passion management multiple customer management platform people responsibilities job job guidance develop
http,{Q8C2-D8VD65LX-6703BGIN},09/23/2010 13:15:08,JJM0203,PC-0148,http://job-hunt.org/WboUhagvat919122234.html,experience responsibilities sales part-time degree responsibilities platform on-line degree multiple start industry people multiple interface industry start growth job multitask required initiative benefits develop expert interface develop opening strong degree initiative skills platform sales on-time technologies sales management required experience equivalent equivalent resume concepts resume on-time analyze develop multiple initiative sales team team initiative interface self responsibilities team technologies
http,{S0P0-C0AY98JZ-6553MVOL},09/23/2010 14:44:13,JJM0203,PC-0148,http://aol.com/jobs/WboUhagvat1963819229.jsp,technologies dynamic multitask experience guidance industry compensation starter develop opening report experience on-time industry industry strong equivalent industry customer on-time technologies team team interface expert multiple resume team responsibilities customer multiple concepts starter people opening dynamic responsibilities multitask growth years on-time skills job sales benefits team equivalent initiative analyze sales
http,{W9C4-E3YI88WW-3072POPI},09/24/2010 07:23:18,JJM0203,PC-0148,http://aol.com/jobs/WboUhagvat1963819229.jsp,report people job experience resume degree permanent sales opening visual develop starter develop team contribute multitask process sales initiative required develop multiple team expert multiple contribute skills technologies dynamic sales expert multitask job resume permanent experience develop resume growth responsibilities skills self customer team degree multiple compensation sales interface required responsibilities start
http,{M0S9-I9GJ51EL-7422HLQO},09/24/2010 07:29:35,JJM0203,PC-0148,http://boeing.com/WboUhagvat1904327536.htm,contribute resume report start start sales permanent concepts customer multiple platform multitask multitask resume people strong responsibilities interface required strong multiple interface customer dynamic experience guidance start required experience customer guidance responsibilities years resume passion visual skills equivalent start start process required technologies on-time initiative opening start call industry management sales sales responsibilities people required
http,{A9B8-Y3CG39CJ-8182MCBL},09/24/2010 08:29:49,JJM0203,PC-0148,http://jobhuntersbible.com/WboUhagvat1258877042.aspx,concepts hours degree multitask technologies opening concepts report equivalent develop required people initiative team people report guidance required equivalent strong industry strong multiple responsibilities responsibilities permanent guidance permanent sales resume starter skills expert analyze concepts start on-line required guidance multiple years on-time opening degree strong management start degree required engineer develop resume resume responsibilities responsibilities guidance
http,{Y3P7-O7RF08HC-9409QTJD},09/24/2010 08:35:13,JJM0203,PC-0148,http://northropgrumman.com/WboUhagvat572113271.aspx,team permanent part-time responsibilities years multiple years analyze opening relocation on-line sales guidance passion develop develop opening report multitask growth years degree required sales required customer growth experience team responsibilities customer on-time industry dynamic develop start dynamic management dynamic customer platform contribute required required multitask
http,{I5Q6-A2EV67XK-0757CBSD},09/27/2010 08:02:44,JJM0203,PC-0148,http://indeed.com/WboUhagvat1680703797.html,concepts analyze platform opening years permanent passion contribute resume required technologies equivalent on-time passion years job job passion contribute develop initiative dynamic customer initiative team multiple job experience experience years experience team experience opening team passion responsibilities multitask initiative guidance experience compensation analyze strong technologies customer initiative concepts analyze management management skills strong job team multiple contribute interface skills part-time develop sales benefits skills equivalent resume experience contribute resume required
http,{U6D9-H0BT31GN-2217JPDC},09/27/2010 09:15:36,JJM0203,PC-0148,http://lockheedmartin.com/WboUhagvat1636367808.htm,benefits industry required skills years degree platform experience team management sales compensation people skills multitask equivalent multitask degree call job multiple initiative compensation visual degree permanent initiative responsibilities compensation contribute analyze years management team salary multiple start initiative expert platform visual strong responsibilities sales degree people team growth platform relocation interface develop experience
http,{Y4D7-O3JQ31JU-9801ZLWT},09/27/2010 12:19:14,JJM0203,PC-0148,http://raytheon.com/WboUhagvat343187784.jsp,multitask multiple benefits strong team permanent skills experience interface multiple people technologies required management report years report opening resume sales equivalent initiative job skills platform process management job multitask years on-time industry management people industry passion growth self years experience start hours industry passion people team starter skills passion customer
http,{U2J2-L4IW46NR-0938ZSAF},09/27/2010 15:06:36,JJM0203,PC-0148,http://indeed.com/WboUhagvat1680703797.html,industry technologies opening passion platform multiple industry growth multiple start required years interface contribute part-time start equivalent job responsibilities multiple experience expert skills report compensation people interface benefits experience job degree visual industry expert skills process report team years start analyze recruiter passion on-time experience growth platform growth expert report people concepts expert passion growth team
http,{F8G4-D1VL20XI-1495QMBV},09/27/2010 16:52:02,JJM0203,PC-0148,http://monster.com/WboUhagvat1180707852.html,start responsibilities multiple interface team experience required start team concepts strong benefits benefits platform customer dynamic concepts multiple expert experience analyze skills growth strong dynamic experience required concepts industry years responsibilities
http,{Q0T4-D1FV43OT-8335UXVO},09/27/2010 17:19:42,JJM0203,PC-0148,http://craigslist.org/WboUhagvat1105403916.aspx,industry equivalent interface benefits years job visual experience platform benefits strong industry start concepts platform contribute report team concepts job initiative report required people required starter experience growth resume engineer resume start expert resume opening experience start initiative multiple customer part-time technologies interface develop job degree multitask permanent skills multitask start technologies customer analyze guidance skills
http,{Y0I3-I2LH19EM-0989YOZW},09/28/2010 17:20:59,JJM0203,PC-0148,http://raytheon.com/WboUhagvat343187784.jsp,skills guidance resume platform experience responsibilities hours skills job opening job expert management customer multitask management process skills degree multitask people equivalent degree degree resume develop opening multitask contribute salary customer required growth multitask sales equivalent growth multiple develop technologies dynamic dynamic years platform platform dynamic years team equivalent resume years industry develop develop industry multiple dynamic responsibilities
http,{H6O4-T9WH53TK-1830TXTB},09/29/2010 07:42:27,JJM0203,PC-0148,http://harris.com/WboUhagvat1919385663.htm,skills contribute contribute industry skills initiative equivalent self concepts analyze skills salary initiative degree job job platform self opening team dynamic contribute develop skills passion technologies develop platform growth experience sales experience interface passion opening concepts skills on-time interface management initiative contribute benefits resume equivalent job initiative industry
http,{C6I1-F1GX22HJ-2979UQAY},09/29/2010 08:56:41,JJM0203,PC-0148,http://indeed.com/WboUhagvat1680703797.html,passion required required multitask team contribute growth growth years interface growth multiple compensation growth skills job resume process interface start job responsibilities develop part-time passion skills passion guidance required
http,{D6F8-X4NW13HY-1545LLZB},09/29/2010 09:08:37,JJM0203,PC-0148,http://jobhuntersbible.com/WboUhagvat1258877042.aspx,experience passion strong industry people strong multitask experience job initiative degree compensation management self multiple dynamic passion report industry degree on-time analyze equivalent degree on-time experience required report benefits interface process benefits responsibilities multitask management opening management salary on-time growth multiple concepts contribute strong
http,{D6D7-O1WW64YU-1605NDUL},09/29/2010 09:54:32,JJM0203,PC-0148,http://hp.com/WboUhagvat1944152218.jsp,salary job part-time growth skills develop on-time resume technologies benefits self job equivalent platform required multitask starter initiative responsibilities team growth equivalent develop platform benefits degree self initiative develop process equivalent self contribute benefits relocation process responsibilities concepts on-time strong strong engineer multitask skills on-time customer resume guidance job skills people responsibilities job salary
http,{A3S3-I2OW78HJ-8670GRBB},09/29/2010 11:06:31,JJM0203,PC-0148,http://raytheon.com/WboUhagvat343187784.jsp,multitask initiative people interface compensation industry benefits job job passion resume job skills experience develop team degree resume relocation responsibilities benefits responsibilities skills call dynamic multitask resume interface multitask analyze degree growth concepts multitask management recruiter technologies industry growth multiple
http,{E1O2-G8ST09UN-8745LGHO},09/29/2010 11:37:35,JJM0203,PC-0148,http://harris.com/WboUhagvat1919385663.htm,multiple people self passion required responsibilities skills interface required opening team degree develop interface passion guidance people call industry customer customer degree team people analyze interface self resume skills job benefits resume guidance contribute industry report sales starter dynamic opening management multiple resume hours opening required contribute process on-time on-line growth
http,{C0H3-U2VO86OL-8591XJKE},09/29/2010 12:45:00,JJM0203,PC-0148,http://boeing.com/WboUhagvat1904327536.htm,develop passion opening experience customer team develop relocation start on-line required expert contribute starter opening years years salary job guidance job platform years salary on-line interface permanent people passion dynamic analyze multitask develop permanent management experience visual contribute management opening contribute multiple contribute responsibilities sales start job self contribute experience guidance experience start experience report management strong multitask years starter starter report management report
http,{Q6W3-V7FM18DG-1426LRLI},09/29/2010 15:01:32,JJM0203,PC-0148,http://boeing.com/WboUhagvat1904327536.htm,contribute visual required strong analyze resume opening experience analyze management analyze required job customer benefits people interface years degree growth people dynamic equivalent people expert team team starter resume people management industry skills skills platform visual report engineer equivalent degree benefits experience industry part-time permanent sales experience equivalent opening contribute analyze permanent platform on-time job
http,{K9F8-U7SP74OZ-1063RTOQ},09/29/2010 15:12:04,JJM0203,PC-0148,http://boeing.com/WboUhagvat1904327536.htm,technologies opening resume opening interface required years passion responsibilities dynamic industry technologies years management management sales required skills multiple people part-time interface equivalent guidance team degree initiative multiple people technologies multiple self develop management industry team report contribute platform skills people concepts develop team starter customer visual job multitask industry skills responsibilities platform passion resume start on-line guidance degree report industry customer technologies dynamic opening interface skills multitask opening strong resume skills multitask job resume
http,{C7G3-U1FP94QG-2304VLXG},09/30/2010 07:44:08,JJM0203,PC-0148,http://job-hunt.org/WboUhagvat919122234.html,equivalent analyze sales dynamic contribute interface interface self part-time opening part-time develop industry customer responsibilities resume dynamic salary compensation required multiple strong part-time required multiple develop relocation contribute multiple strong years report industry passion guidance equivalent years responsibilities contribute multiple management team management job
http,{A9D0-W2RB92VE-6914LCAC},09/30/2010 14:41:06,JJM0203,PC-0148,http://yahoo.com/hotjobs/WboUhagvat752138490.php,permanent self technologies contribute industry on-time degree job expert customer required hours multitask sales management salary initiative years technologies dynamic degree hours multitask initiative multiple start salary management dynamic industry platform equivalent team industry multitask customer develop analyze multitask skills team permanent responsibilities degree passion platform industry industry job concepts on-line permanent customer degree salary growth industry years people analyze start
http,{M9K5-P9TE99IC-5303FKQV},09/30/2010 15:57:52,JJM0203,PC-0148,http://monster.com/WboUhagvat1180707852.html,team required responsibilities industry hours part-time interface hours benefits industry industry equivalent people multitask job passion strong concepts benefits degree customer resume equivalent growth process years initiative benefits opening technologies expert initiative compensation multiple sales strong report start customer industry years guidance initiative skills skills process customer multiple permanent strong people
http,{Z8O9-Z5WW24TZ-1576XQJO},09/30/2010 16:46:07,JJM0203,PC-0148,http://linkedin.com/WboUhagvat1479839504.aspx,degree analyze expert opening management contribute multiple benefits years recruiter resume contribute degree skills contribute opening self contribute management process guidance self resume responsibilities sales equivalent salary platform passion starter years hours platform people start initiative multiple develop contribute skills analyze platform experience hours visual interface sales visual initiative strong permanent strong guidance sales on-time
http,{U2V2-E6OC22QE-1401ZVFE},09/30/2010 17:08:02,JJM0203,PC-0148,http://indeed.com/WboUhagvat1680703797.html,experience customer develop strong permanent initiative initiative responsibilities resume initiative analyze resume start permanent customer expert degree team analyze multitask on-line required contribute skills passion opening process part-time equivalent start multitask multitask people experience contribute multitask resume passion concepts technologies responsibilities engineer report people part-time years platform interface
http,{N5B5-C8FL91JV-9744NUDB},10/01/2010 08:42:53,JJM0203,PC-0148,http://aol.com/jobs/WboUhagvat1963819229.jsp,multiple equivalent opening years management start team years resume strong multitask customer sales on-line passion management job technologies report process responsibilities required develop skills industry people part-time benefits start team benefits technologies multiple management engineer contribute required
http,{I6H7-N0SU02HA-8364TURR},10/01/2010 08:51:33,JJM0203,PC-0148,http://linkedin.com/WboUhagvat1479839504.aspx,salary interface opening job initiative growth growth dynamic team industry resume multiple job multiple equivalent years management on-time sales years concepts team contribute multitask on-line years skills sales team compensation job team required opening contribute report responsibilities industry job expert contribute platform required benefits analyze multiple expert degree required people responsibilities benefits
http,{V1D0-K5TH75GQ-7217KZFF},10/01/2010 13:07:24,JJM0203,PC-0148,http://job-hunt.org/WboUhagvat919122234.html,initiative engineer start team required degree visual job growth initiative required strong years job multiple concepts engineer customer skills growth people skills sales responsibilities experience team visual multitask growth years customer sales growth technologies platform visual people initiative initiative required opening growth develop skills multiple industry develop multitask industry people permanent customer required team contribute responsibilities years
