type,id,date,user,pc,to,cc,bcc,from,size,attachments,content
email,{N8I3-K9TH07UL-5282VJVP},12/29/2010 08:14:31,IKR0401,PC-6741,Huber-Hyatt@harris.com,,,Ivor.Kenneth.Rollins@dtaa.com,26197,0,strong passion responsibilities passion process multiple report compensation hours responsibilities customer equivalent on-line multitask multitask multitask skills sales start guidance multitask skills analyze management team strong growth concepts people contribute multitask visual benefits team degree engineer start team experience
email,{K5U5-T1VR09XW-8409EHEM},12/29/2010 08:16:32,IKR0401,PC-6741,Huber-Hyatt@harris.com,,,Ivor.Kenneth.Rollins@dtaa.com,21042,0,customer salary analyze management develop growth contribute part-time platform degree hours hours passion platform initiative dynamic guidance equivalent benefits experience compensation benefits benefits industry resume management on-time multiple resume skills required permanent growth interface industry team multitask develop resume passion industry technologies
email,{U3N1-H5EO53NS-4659NUYW},12/29/2010 14:40:40,IKR0401,PC-6741,Huber-Hyatt@harris.com,,,Ivor.Kenneth.Rollins@dtaa.com,41883,0,responsibilities team experience technologies team sales contribute skills team interface process multiple degree resume on-line opening growth required engineer industry start strong concepts start sales sales permanent sales on-time customer engineer people platform sales analyze multiple multitask required report people multitask process strong contribute strong job required degree skills job
email,{I2V0-V9JI53RL-7813HCBO},01/03/2011 12:55:21,IKR0401,PC-6741,Huber-Hyatt@harris.com,,,Ivor.Kenneth.Rollins@dtaa.com,24018,0,report degree self contribute years technologies passion management benefits platform skills interface concepts process develop multitask part-time degree degree degree develop skills job technologies job initiative starter process concepts responsibilities years resume management years develop benefits on-line report multitask people sales compensation team
email,{V3M6-V7JG53MP-9740ODWC},01/06/2011 16:39:42,IKR0401,PC-6741,Huber-Hyatt@harris.com,,,Ivor.Kenneth.Rollins@dtaa.com,18915,0,passion permanent report strong experience resume initiative permanent required process benefits passion management opening on-time degree passion develop degree skills benefits concepts on-time required equivalent customer develop salary platform technologies develop permanent degree concepts benefits salary resume compensation analyze concepts platform
email,{R9Y5-C8JR50IA-8040RHDV},01/12/2011 11:53:04,IKR0401,PC-6741,Huber-Hyatt@harris.com,,,Ivor.Kenneth.Rollins@dtaa.com,17631,0,growth management report equivalent customer strong resume industry multitask on-line develop skills job passion multitask responsibilities initiative
email,{Q9S6-H6UU60SM-2812HHHL},01/12/2011 12:48:55,IKR0401,PC-6741,Huber-Hyatt@harris.com,,,Ivor.Kenneth.Rollins@dtaa.com,16640,0,opening opening permanent on-line skills responsibilities equivalent equivalent job job expert resume job team team responsibilities guidance sales guidance salary industry platform team interface strong degree
email,{Y3N5-H4XJ07BN-6169ONRM},01/13/2011 09:20:24,IKR0401,PC-6741,Huber-Hyatt@harris.com,,,Ivor.Kenneth.Rollins@dtaa.com,23713,0,on-time guidance degree required industry job permanent benefits industry skills years contribute growth passion guidance contribute strong report technologies contribute required process visual customer multiple multiple management equivalent multiple passion customer required analyze strong benefits call management equivalent concepts recruiter team opening experience salary permanent salary equivalent expert skills responsibilities concepts analyze benefits develop dynamic recruiter
email,{V3Y2-I1TS46XI-1814HWYS},01/13/2011 09:56:45,IKR0401,PC-6741,Huber-Hyatt@harris.com,,,Ivor.Kenneth.Rollins@dtaa.com,30102,0,concepts contribute permanent platform platform hours team opening process required relocation engineer resume resume visual develop equivalent job resume team platform experience resume job management years experience start multiple process develop people degree interface years develop analyze resume passion experience self customer management report passion resume experience
email,{J7H0-I8FZ25EK-6428GDTO},01/13/2011 13:26:46,IKR0401,PC-6741,Huber-Hyatt@harris.com,,,Ivor.Kenneth.Rollins@dtaa.com,19918,0,technologies degree multitask platform on-time benefits benefits growth compensation initiative management skills salary customer strong team management required guidance experience experience experience salary customer compensation multiple technologies hours required customer multiple team compensation engineer recruiter start resume job customer growth skills years contribute interface dynamic experience experience equivalent on-line passion dynamic team dynamic management concepts concepts
email,{F6N3-U5HA62OD-1493JBRE},01/18/2011 17:03:12,IKR0401,PC-6741,Huber-Hyatt@harris.com,,,Ivor.Kenneth.Rollins@dtaa.com,25534,0,years job multiple required interface expert years initiative responsibilities self analyze job job equivalent contribute multiple develop strong dynamic on-time customer part-time technologies concepts strong team experience resume salary multiple sales interface degree technologies contribute guidance experience people interface skills equivalent required resume expert multitask passion job required equivalent interface hours platform contribute develop initiative contribute opening years multitask concepts team expert people report customer
email,{G4I7-E0GL94UN-9246WOKY},01/18/2011 17:24:02,IKR0401,PC-6741,Huber-Hyatt@harris.com,,,Ivor.Kenneth.Rollins@dtaa.com,26079,0,skills job years interface starter passion job call on-time interface customer contribute industry concepts customer dynamic years equivalent develop experience required passion platform people platform experience self analyze start dynamic growth job degree job degree multitask analyze equivalent starter skills customer required initiative report years people opening equivalent engineer multitask industry multitask contribute
email,{P7M7-W7LA33GK-5938LKNC},02/04/2011 11:24:36,IKR0401,PC-6741,Jocelyn.Bree.Mccray@dtaa.com,,,Ivor.Kenneth.Rollins@dtaa.com,25307,2,2 resign of of interview letter resign position position resign week resignation letter week my exit week exit week opportunity my resign my 2 2 opportunity key position of of position resign my key position letter position letter of interview week opportunity exit exit week position my resignation
