type,id,date,user,pc,activity
device,{D2K2-X5YA09ZM-6859ZGKL},07/19/2010 11:34:24,PNL0301,PC-5611,Connect
device,{W0X3-I5HL43IG-6573ZQWW},07/19/2010 11:50:18,PNL0301,PC-5611,Disconnect
device,{I8U5-N0PX47OD-4133JGTS},07/19/2010 12:15:50,PNL0301,PC-5611,Connect
device,{H9N5-D2LC61IW-1217HYRY},07/19/2010 12:36:30,PNL0301,PC-5611,Disconnect
device,{F7U7-T7EE66YT-3569AQJE},07/19/2010 13:04:01,PNL0301,PC-5611,Connect
device,{T7P5-V6KX85IG-2455IOXZ},07/19/2010 13:17:32,PNL0301,PC-5611,Disconnect
device,{D4U0-U7SP87LI-4681NVVW},07/19/2010 14:42:29,PNL0301,PC-5611,Connect
device,{Q6J5-Q1CT49CN-7412JXWG},07/19/2010 14:43:57,PNL0301,PC-5611,Disconnect
device,{Z8Z3-Q9BB56UR-6351GGHR},07/19/2010 16:24:50,PNL0301,PC-5611,Connect
device,{O5G4-F1VJ03KA-5582SSEU},07/19/2010 16:56:36,PNL0301,PC-5611,Connect
device,{N9H8-T9CB69XK-2538WGAQ},07/19/2010 17:15:49,PNL0301,PC-5611,Disconnect
device,{O6A6-F0GU23JE-3815FYUW},07/22/2010 11:09:19,PNL0301,PC-5611,Connect
device,{D1K4-J1CM47VL-8165XWUB},07/22/2010 11:19:37,PNL0301,PC-5611,Disconnect
device,{M8T3-G6GN95VD-5059MCGD},07/22/2010 11:46:36,PNL0301,PC-5611,Connect
device,{V6K1-K5MS38WA-2058MOCH},07/22/2010 11:50:57,PNL0301,PC-5611,Disconnect
device,{G5S6-G9KV06OX-4774BAON},07/22/2010 13:56:58,PNL0301,PC-5611,Connect
device,{H8G3-U9CD92ZP-6497XTKC},07/22/2010 14:14:51,PNL0301,PC-5611,Disconnect
device,{V8Z1-V3LX41GQ-8277SHYR},07/22/2010 14:19:34,PNL0301,PC-5611,Connect
device,{G2B6-X8XI71RQ-1962UBZB},07/22/2010 14:24:06,PNL0301,PC-5611,Disconnect
device,{W2S0-C8UU61FH-9158NAVN},07/22/2010 16:00:53,PNL0301,PC-5611,Connect
device,{J5R9-D2AL80HZ-9121BPEJ},07/22/2010 16:10:12,PNL0301,PC-5611,Disconnect
device,{K2O7-Z1MY53BP-2205SQRT},07/22/2010 16:40:34,PNL0301,PC-5611,Connect
device,{Y9E6-J7RN30GQ-3854WCAM},07/22/2010 16:48:25,PNL0301,PC-5611,Disconnect
device,{L8F3-F9ZN80XF-5744PSEL},07/26/2010 09:15:10,PNL0301,PC-5611,Connect
device,{L1A0-C8YR92MG-6607RUND},07/26/2010 10:47:00,PNL0301,PC-5611,Disconnect
device,{E4N5-Y4NB88SE-3895YMXB},07/26/2010 10:55:40,PNL0301,PC-5611,Connect
device,{P2A4-Q7GT65EV-0053BGMD},07/26/2010 11:04:12,PNL0301,PC-5611,Disconnect
device,{O5J6-D1FC36DW-3777FSAN},07/26/2010 14:07:14,PNL0301,PC-5611,Connect
device,{D0A2-V1XX57UD-0279IVTN},07/26/2010 14:16:02,PNL0301,PC-5611,Disconnect
device,{Y6O0-G9OT35LU-6686QORT},07/26/2010 14:26:29,PNL0301,PC-5611,Connect
device,{J7C2-O4YS85ER-3332ZNWR},07/26/2010 14:51:35,PNL0301,PC-5611,Disconnect
device,{P4R2-M5LU69JZ-5116LAPM},07/26/2010 15:56:20,PNL0301,PC-5611,Connect
device,{E8X0-R9PN08FK-4605VYWA},07/26/2010 16:37:06,PNL0301,PC-5611,Disconnect
device,{R4Y3-T5LB01DB-9606ONHW},07/26/2010 17:03:40,PNL0301,PC-5611,Connect
device,{L1A1-S7WN33QV-2859GMVO},07/26/2010 17:30:49,PNL0301,PC-5611,Disconnect
device,{Y6E0-O4RA27JP-4185DJZL},07/29/2010 10:33:52,PNL0301,PC-5611,Connect
device,{P5W9-B9CK93TW-2393KFQW},07/29/2010 10:37:38,PNL0301,PC-5611,Disconnect
device,{W6N7-Q6WI26ZB-7067OCGP},07/29/2010 10:43:56,PNL0301,PC-5611,Connect
device,{D4L5-L2SE40RP-3822WTGP},07/29/2010 10:49:51,PNL0301,PC-5611,Disconnect
device,{H1X8-N1LM25VX-1506GKLL},07/29/2010 12:46:31,PNL0301,PC-5611,Connect
device,{J4Y3-E8DQ93YJ-4770RWPV},07/29/2010 12:53:28,PNL0301,PC-5611,Disconnect
device,{U3L7-J0KW46SB-9070PSPO},07/29/2010 13:10:07,PNL0301,PC-5611,Connect
device,{J2C7-C9QT57FP-6679UBAI},07/29/2010 13:11:15,PNL0301,PC-5611,Disconnect
device,{R5G5-M6CH30WS-0303JIGC},07/29/2010 13:14:58,PNL0301,PC-5611,Connect
device,{D8I6-A0AR05WV-8441RTQJ},07/29/2010 13:23:53,PNL0301,PC-5611,Disconnect
device,{P7C9-M3UZ04WF-7947QGHK},07/29/2010 15:53:08,PNL0301,PC-5611,Connect
device,{R9V4-U6GP90MF-1592TEVM},07/29/2010 15:59:15,PNL0301,PC-5611,Disconnect
device,{S2A5-H8ZR72CM-3691YWWA},07/29/2010 16:02:23,PNL0301,PC-5611,Connect
device,{S5A4-B5MQ74LR-3567BQNN},07/29/2010 16:05:05,PNL0301,PC-5611,Disconnect
device,{K7C5-E5IZ06XH-2168TYHF},07/29/2010 17:30:47,PNL0301,PC-5611,Connect
device,{W8T8-B9QH70SU-5713CNAS},07/29/2010 17:38:13,PNL0301,PC-5611,Disconnect
device,{I6H2-X3QQ16AM-8132AVVJ},07/29/2010 17:44:02,PNL0301,PC-5611,Connect
device,{E2O6-M4LW98EB-5536IPRU},07/29/2010 17:52:41,PNL0301,PC-5611,Disconnect
device,{L3K3-J9IS63UO-7212UIGV},08/03/2010 10:21:08,PNL0301,PC-5611,Connect
device,{F1T9-W3LN56QL-7197CEFB},08/03/2010 10:37:02,PNL0301,PC-5611,Disconnect
device,{X9D1-L6WL50AT-5414QMKZ},08/03/2010 11:35:58,PNL0301,PC-5611,Connect
device,{T3K9-M1AT44EQ-5999MSWG},08/03/2010 11:55:37,PNL0301,PC-5611,Disconnect
device,{D6T0-T8KW44IE-5506QDOV},08/03/2010 13:00:30,PNL0301,PC-5611,Connect
device,{H6X4-X5EY76MC-1930NFUL},08/03/2010 13:28:11,PNL0301,PC-5611,Disconnect
device,{J9J7-A5OZ40SE-0765KPXF},08/03/2010 15:11:31,PNL0301,PC-5611,Connect
device,{I4M5-A7BM75NV-7122NJGB},08/03/2010 15:44:25,PNL0301,PC-5611,Disconnect
device,{N0J3-S4HD26BD-1476RVBG},08/03/2010 15:50:47,PNL0301,PC-5611,Connect
device,{O9S9-S9ZL14YS-2419JBPL},08/03/2010 16:18:52,PNL0301,PC-5611,Disconnect
device,{T3C1-A4IG76UL-7417LVIX},08/03/2010 16:53:57,PNL0301,PC-5611,Connect
device,{J0V4-M0XN35MM-7345LKOK},08/03/2010 16:54:30,PNL0301,PC-5611,Disconnect
