type,id,date,user,pc,activity
device,{E6D9-B8CU97OA-2235RDWC},08/12/2010 09:22:10,RHL0992,PC-9040,Connect
device,{T0X2-T2VP02MV-2922CLYK},08/12/2010 09:36:36,RHL0992,PC-9040,Disconnect
device,{Z6N8-A8SI78KE-9453JHGN},08/12/2010 10:10:22,RHL0992,PC-9040,Connect
device,{M7V8-U6IT16SI-4732CHIE},08/12/2010 10:16:25,RHL0992,PC-9040,Disconnect
device,{I3R5-B6WF29ZR-9572IKVU},08/12/2010 12:05:30,RHL0992,PC-9040,Connect
device,{F9G4-Q4RX69ZH-6266SUYV},08/12/2010 13:48:17,RHL0992,PC-9040,Connect
device,{G8A8-B7LL83HE-6791RSVW},08/12/2010 13:52:05,RHL0992,PC-9040,Disconnect
device,{B7R1-X5AJ14TA-8840DVII},08/12/2010 17:28:50,RHL0992,PC-9040,Connect
device,{I6P1-N6DL31WH-7288UACF},08/12/2010 18:26:54,RHL0992,PC-9040,Disconnect
device,{M8K4-W3PN44NE-3093ZAMM},08/12/2010 19:48:22,RHL0992,PC-9040,Connect
device,{X7W3-H3NS24LT-8872TLGE},08/12/2010 19:52:22,RHL0992,PC-9040,Disconnect
device,{F2I9-D4OL72HX-8142WKDH},08/20/2010 10:58:27,RHL0992,PC-9040,Connect
device,{G1R8-M4QH52EU-3810TTQE},08/20/2010 10:59:20,RHL0992,PC-9040,Disconnect
device,{Y6A9-Y1BV92GS-8222EKBH},08/20/2010 11:06:07,RHL0992,PC-9040,Connect
device,{A6A0-R8BV65JN-9534GBJZ},08/20/2010 11:38:37,RHL0992,PC-9040,Disconnect
device,{U1Z2-F8TM33BL-9165NHOM},08/20/2010 12:10:37,RHL0992,PC-9040,Connect
device,{K5N5-C4UZ56GS-5582CTLL},08/20/2010 13:48:48,RHL0992,PC-9040,Disconnect
device,{P1N0-V8JG58ZQ-2526RHSJ},08/20/2010 18:29:32,RHL0992,PC-9040,Connect
device,{A6C1-C3GF74YC-4884NFNF},08/20/2010 18:31:19,RHL0992,PC-9040,Disconnect
device,{U3F7-M3XN49IE-0747FJLB},08/20/2010 19:12:19,RHL0992,PC-9040,Connect
device,{L9W5-S5HV94GX-4963UXCB},08/20/2010 19:13:41,RHL0992,PC-9040,Disconnect
device,{C0Q5-S2BZ49OQ-9229JBDC},08/20/2010 20:38:59,RHL0992,PC-9040,Connect
device,{V2P2-Q6TM14HR-1199ALTE},08/20/2010 20:52:20,RHL0992,PC-9040,Disconnect
device,{G6H4-W0DG92SK-8879YOLG},08/26/2010 09:59:47,RHL0992,PC-9040,Connect
device,{A5O9-H7EA02RN-4874QAIL},08/26/2010 10:10:20,RHL0992,PC-9040,Disconnect
device,{C4Z1-Q4DK12NN-8883SHHZ},08/26/2010 10:21:27,RHL0992,PC-9040,Connect
device,{M8W3-T9OM65PM-2290CKFD},08/26/2010 10:23:44,RHL0992,PC-9040,Disconnect
device,{X3U9-I0SV24OI-9889RMFJ},08/26/2010 10:52:20,RHL0992,PC-9040,Connect
device,{V0Y0-S0QY38IM-4576CFWB},08/26/2010 11:14:25,RHL0992,PC-9040,Disconnect
device,{A1Z5-L8SC29AR-1115RVPP},08/26/2010 15:23:31,RHL0992,PC-9040,Connect
device,{M3E4-K7EN23DG-3395VVPJ},08/26/2010 15:28:24,RHL0992,PC-9040,Disconnect
device,{H8F6-S6KO47JC-0736AZNG},08/26/2010 18:36:05,RHL0992,PC-9040,Connect
device,{Q7E7-P4UE91BU-3449LVHQ},08/26/2010 18:43:11,RHL0992,PC-9040,Disconnect
device,{D8S8-C4WN04CD-3811AZQT},08/26/2010 19:01:39,RHL0992,PC-9040,Connect
device,{Z3V4-J6TU46AN-5089ZEGO},08/26/2010 19:12:28,RHL0992,PC-9040,Disconnect
device,{E2C3-U9LC46UO-6834WFKB},08/26/2010 20:41:32,RHL0992,PC-9040,Connect
device,{T1U3-L9QG84TU-4604AKVT},08/26/2010 20:55:19,RHL0992,PC-9040,Disconnect
device,{S0C2-R8AW35OV-6120NTGG},08/27/2010 10:06:31,RHL0992,PC-9040,Connect
device,{P2D4-U8FW53MN-3543WZQG},08/27/2010 10:24:21,RHL0992,PC-9040,Disconnect
device,{A9V3-N7DY16SG-1021UGBA},08/27/2010 10:27:53,RHL0992,PC-9040,Connect
device,{K7H0-Q2MO41HF-0709NIVL},08/27/2010 10:32:47,RHL0992,PC-9040,Disconnect
device,{Q6D1-L2ZY96GM-5727ZBNM},08/27/2010 10:35:55,RHL0992,PC-9040,Connect
device,{Y8H0-H0KC00CB-1392LHWV},08/27/2010 10:44:28,RHL0992,PC-9040,Disconnect
device,{U2Y9-C9DI45DD-4090OQUJ},08/27/2010 11:03:33,RHL0992,PC-9040,Connect
device,{G1T1-P3BI32WA-3339WUJB},08/27/2010 11:36:21,RHL0992,PC-9040,Disconnect
device,{U8P9-J0DJ34QH-5580QPDD},08/27/2010 18:13:31,RHL0992,PC-9040,Connect
device,{O4X0-P5SK48AD-7523SVSV},08/27/2010 18:17:01,RHL0992,PC-9040,Disconnect
device,{A2S6-P7SX37JF-8659VFGF},09/01/2010 10:03:39,RHL0992,PC-9040,Connect
device,{E3A6-X6AE45RS-3291EDAZ},09/01/2010 11:03:34,RHL0992,PC-9040,Disconnect
device,{J8E9-P7QX82JS-5873BHXB},09/01/2010 11:16:48,RHL0992,PC-9040,Connect
device,{R9R0-L4WO22VU-1374DQVD},09/01/2010 11:20:07,RHL0992,PC-9040,Disconnect
device,{K9N3-O1HT76QE-2414PLQP},09/01/2010 15:00:50,RHL0992,PC-9040,Connect
device,{E3K7-H0DF32XZ-8460AKGJ},09/01/2010 15:04:18,RHL0992,PC-9040,Disconnect
device,{O4B7-W8HF05XS-1039UEYH},09/01/2010 18:38:13,RHL0992,PC-9040,Connect
device,{T7F7-J3GR30LP-5054AVHK},09/01/2010 18:41:05,RHL0992,PC-9040,Disconnect
device,{S8Z1-I0QX28PQ-0197IQTY},09/01/2010 19:53:40,RHL0992,PC-9040,Connect
device,{L7Q4-X6AF65YV-6443YOIP},09/01/2010 20:59:57,RHL0992,PC-9040,Disconnect
device,{N9I6-J0XQ83XQ-9621ZXJI},09/09/2010 10:36:18,RHL0992,PC-9040,Connect
device,{O1R8-M3JH62TM-6361QHTL},09/09/2010 11:05:09,RHL0992,PC-9040,Disconnect
device,{I5A1-Z9LG13GO-2678JOIU},09/09/2010 15:54:45,RHL0992,PC-9040,Connect
device,{D6N7-Z8ZT90PB-6615PPRR},09/09/2010 16:01:48,RHL0992,PC-9040,Disconnect
device,{Z8C5-W1MU71CN-8997MMFF},09/09/2010 16:42:34,RHL0992,PC-9040,Connect
device,{G7L5-P3HU03MK-9114OLII},09/09/2010 17:32:42,RHL0992,PC-9040,Disconnect
device,{I0R3-E7GQ58VV-6823NINO},09/09/2010 17:43:53,RHL0992,PC-9040,Connect
device,{V5Q2-Y2SU09RS-8083FBPV},09/09/2010 18:00:38,RHL0992,PC-9040,Disconnect
device,{A8B3-O4RU77BF-0516HICS},09/09/2010 19:29:49,RHL0992,PC-9040,Connect
device,{G6F9-M4EJ52ZS-8489AHSS},09/09/2010 19:46:09,RHL0992,PC-9040,Disconnect
device,{F2D8-I5EA54NB-2694SFUV},09/09/2010 20:05:58,RHL0992,PC-9040,Connect
device,{L9I3-I2JG26RI-9535BYNH},09/09/2010 20:45:13,RHL0992,PC-9040,Disconnect
