type,id,date,user,pc,to,cc,bcc,from,size,attachments,content
email,{Z6Z6-G3RV30NQ-3975UCKI},07/20/2010 15:16:28,RHL0992,PC-9040,BKM6137@hp.com,,,Rachel.Hermione.Le@dtaa.com,26428,0,years self customer on-time interface required develop start experience develop growth passion on-line dynamic platform degree on-line multitask sales skills part-time starter job report compensation management process experience interface skills platform experience initiative growth passion job guidance interface multiple growth dynamic growth industry develop sales compensation permanent experience visual team benefits develop compensation required initiative people on-time starter permanent team strong analyze required growth benefits
email,{K9W6-L9HN48PX-3635LLTB},07/23/2010 09:41:26,RHL0992,PC-9040,BKM6137@hp.com,,,Rachel.Hermione.Le@dtaa.com,17220,0,resume hours develop skills on-time customer resume equivalent degree customer start equivalent start responsibilities permanent years part-time start report skills skills industry customer multitask sales job degree engineer responsibilities initiative call technologies report experience management industry on-time salary benefits industry benefits start report responsibilities degree equivalent people job
email,{Y2L3-Z0NJ28WE-2551WSQN},07/23/2010 11:53:53,RHL0992,PC-9040,BKM6137@hp.com,,,Rachel.Hermione.Le@dtaa.com,21282,0,multiple passion required multitask guidance opening expert interface on-line years initiative permanent multitask analyze concepts passion resume report multiple salary passion growth responsibilities growth starter concepts develop starter team on-line management required responsibilities required analyze initiative on-line customer analyze self initiative management dynamic equivalent hours growth team guidance benefits dynamic growth
email,{K9B4-D7XS59ZN-2953GQHJ},07/23/2010 17:06:20,RHL0992,PC-9040,BKM6137@hp.com,,,Rachel.Hermione.Le@dtaa.com,30816,0,multiple develop process years responsibilities multitask team dynamic experience skills develop sales people years customer expert management develop permanent years growth industry customer technologies people part-time team responsibilities opening industry process initiative dynamic relocation permanent customer skills hours call resume people resume equivalent industry job initiative call growth experience start degree multitask
email,{J0L9-O6AW22BA-4177KELK},07/26/2010 09:37:42,RHL0992,PC-9040,BKM6137@hp.com,,,Rachel.Hermione.Le@dtaa.com,35780,1,resume concepts dynamic compensation interface people concepts equivalent job resume degree interface compensation responsibilities degree skills sales expert guidance compensation engineer passion start technologies job skills growth responsibilities hours benefits on-time skills skills permanent relocation call years job analyze platform starter contribute initiative years interface multitask interface experience start years report growth platform dynamic starter salary on-line skills benefits opening passion passion develop skills years multiple
email,{D8J1-K2AX26CE-9872EPOO},07/26/2010 10:37:28,RHL0992,PC-9040,BKM6137@hp.com,,,Rachel.Hermione.Le@dtaa.com,26378,0,degree platform industry degree degree team platform hours skills required benefits growth hours people growth management years multitask opening salary sales team team technologies responsibilities start management guidance degree degree expert multitask strong guidance platform multiple strong growth people multitask team opening team customer strong permanent benefits people job required part-time degree
email,{J3E4-G3ME43TI-1198VTRM},07/28/2010 10:59:35,RHL0992,PC-9040,BKM6137@hp.com,,,Rachel.Hermione.Le@dtaa.com,53782,0,platform start resume concepts required concepts permanent years passion responsibilities experience benefits technologies equivalent skills analyze experience concepts platform growth interface resume relocation part-time responsibilities multitask develop develop passion permanent expert contribute salary develop permanent management required
email,{F7T0-P9VS14BS-8821QQDC},07/28/2010 16:18:57,RHL0992,PC-9040,BKM6137@hp.com,,,Rachel.Hermione.Le@dtaa.com,33526,0,management engineer resume permanent required equivalent years people required industry start permanent multiple sales customer skills years sales job contribute growth process responsibilities benefits report multitask dynamic sales skills experience starter technologies self skills required process compensation skills guidance strong strong interface equivalent skills multiple on-line on-time contribute equivalent starter self
email,{W3A3-Y0JA57JY-5689HJNA},07/28/2010 21:01:07,RHL0992,PC-9040,BKM6137@hp.com,,,Rachel.Hermione.Le@dtaa.com,27341,1,report technologies platform platform start multiple multitask sales job initiative on-line dynamic technologies team guidance part-time years contribute contribute contribute visual resume resume experience industry degree salary interface recruiter expert guidance passion industry salary sales management hours sales self team equivalent strong interface concepts responsibilities start expert
email,{X2X5-L1ZQ62VH-3825UMPR},07/29/2010 10:02:13,RHL0992,PC-9040,BKM6137@hp.com,,,Rachel.Hermione.Le@dtaa.com,15454,2,management concepts start team multiple concepts multitask platform management report management contribute multiple equivalent skills sales skills skills equivalent interface responsibilities degree on-time analyze team technologies experience sales starter interface develop sales on-line responsibilities resume management technologies strong on-line interface
email,{H7X7-I0OM48QG-1287OOJQ},07/29/2010 10:51:06,RHL0992,PC-9040,BKM6137@hp.com,,,Rachel.Hermione.Le@dtaa.com,26612,1,self starter concepts growth years on-line management sales responsibilities hours benefits resume people opening job team part-time experience self responsibilities concepts interface process passion resume years expert people customer technologies interface team experience responsibilities dynamic dynamic starter multiple platform sales team develop years job call equivalent degree contribute contribute expert experience skills develop concepts on-time report passion technologies years required experience multitask experience develop
email,{H0T0-N1CD07TA-6909AZVF},08/02/2010 17:33:21,RHL0992,PC-9040,BKM6137@hp.com,,,Rachel.Hermione.Le@dtaa.com,29272,0,recruiter growth contribute opening team people multitask opening hours process contribute team opening start growth industry degree growth multiple job concepts skills initiative opening multitask required multitask guidance multitask benefits analyze equivalent strong report job self
email,{B3T0-T2MH27SD-5852QFPX},08/02/2010 18:30:42,RHL0992,PC-9040,BKM6137@hp.com,,,Rachel.Hermione.Le@dtaa.com,23539,0,sales degree customer sales develop process customer job years experience job resume contribute part-time growth develop permanent skills develop analyze growth resume resume multiple self people skills customer team technologies guidance strong responsibilities resume opening on-line recruiter expert contribute benefits initiative multitask platform concepts
email,{U2C0-K9WR01AQ-8092YSUF},08/04/2010 10:31:17,RHL0992,PC-9040,BKM6137@hp.com,,,Rachel.Hermione.Le@dtaa.com,19650,0,passion skills resume initiative on-time experience job report contribute develop platform multitask interface team visual experience equivalent multiple team responsibilities skills required years concepts permanent report contribute strong skills resume relocation responsibilities degree benefits multitask experience platform guidance required industry contribute multitask initiative people multiple multitask people people skills on-time technologies dynamic permanent growth benefits customer
email,{X4O0-H9AN59SP-1408FOWM},08/04/2010 12:48:17,RHL0992,PC-9040,BKM6137@hp.com,,,Rachel.Hermione.Le@dtaa.com,26554,0,benefits strong multitask degree required passion passion expert degree sales degree resume industry required sales process strong self years required management team permanent team years start customer experience multitask management experience analyze start sales sales develop degree years sales concepts multiple experience strong expert customer technologies engineer interface interface guidance technologies people growth experience responsibilities experience
email,{V1H4-Y0MQ26DP-2569TOLF},08/04/2010 18:14:58,RHL0992,PC-9040,BKM6137@hp.com,,,Rachel.Hermione.Le@dtaa.com,24366,0,sales passion skills equivalent opening develop develop resume initiative engineer on-line job skills passion team multitask on-time starter resume resume self hours job salary years management degree report sales multiple start benefits develop dynamic responsibilities required engineer part-time develop platform process concepts resume resume platform team develop
email,{A0Q1-G8LY70VB-6300JHLJ},08/12/2010 19:05:47,RHL0992,PC-9040,BKM6137@hp.com,,,Rachel.Hermione.Le@dtaa.com,21705,0,team strong multitask contribute job skills years technologies responsibilities resume salary develop call technologies degree skills contribute customer salary multiple people experience degree technologies multiple develop develop people experience management degree start passion report hours degree degree degree contribute customer hours
email,{W5F2-A4IH88MG-0761OHKF},08/26/2010 10:58:58,RHL0992,PC-9040,Grant.Tyrone.Doyle@dtaa.com,,,Rachel.Hermione.Le@dtaa.com,23270,0,resign position resignation letter week 2 my exit week my key interview opportunity resign letter interview exit position resign 2 position 2 week letter resignation opportunity position notice interview opportunity week notice 2 2 resign key opportunity position thanks notice week resignation resign interview 2 exit resign 2 week exit of
