type,id,date,user,pc,to,cc,bcc,from,size,attachments,content
email,{J2G9-H8GH40SG-6087LTWF},02/17/2011 10:12:13,HBO0413,PC-7384,Aphrodite_B_Case@raytheon.com,,,Harper.Basil.Obrien@dtaa.com,25787,0,years compensation concepts technologies resume team permanent concepts self on-time compensation skills self opening equivalent guidance years responsibilities multiple interface responsibilities growth passion degree growth resume permanent industry process passion sales responsibilities multitask multitask passion required team analyze
email,{K8J2-F9JH86DF-3665SYJK},02/17/2011 10:35:55,HBO0413,PC-7384,Aphrodite_B_Case@raytheon.com,,,Harper.Basil.Obrien@dtaa.com,27927,0,multitask technologies analyze job strong industry multitask required skills platform passion equivalent process skills experience passion dynamic technologies opening skills hours degree hours start permanent responsibilities degree technologies platform industry compensation process experience call years develop responsibilities passion equivalent passion resume passion technologies multiple permanent technologies opening dynamic call strong required passion job job opening strong industry contribute initiative concepts benefits years initiative permanent contribute experience people required job
email,{C9T7-C9AQ39NO-9639XGDJ},02/17/2011 11:53:15,HBO0413,PC-7384,Aphrodite_B_Case@raytheon.com,,,Harper.Basil.Obrien@dtaa.com,26739,0,management opening hours strong platform sales multitask expert call technologies benefits technologies industry years part-time passion strong sales industry degree degree job passion technologies on-time interface resume customer required customer strong permanent degree required sales passion interface experience analyze responsibilities benefits platform technologies initiative skills on-time benefits degree experience initiative guidance platform degree skills concepts start interface guidance interface technologies job
email,{O5F8-F8OS27DG-3248HSCR},02/22/2011 11:18:20,HBO0413,PC-7384,Aphrodite_B_Case@raytheon.com,,,Harper.Basil.Obrien@dtaa.com,58017,0,industry degree passion strong develop degree management multitask sales guidance technologies job industry people experience team opening experience passion concepts people customer team sales growth on-line management permanent experience experience customer opening permanent concepts experience years growth experience start platform responsibilities experience management people degree skills platform customer responsibilities industry customer skills growth permanent job contribute develop analyze industry sales
email,{W0G9-Y5BU13JZ-6054CHOS},02/22/2011 16:02:20,HBO0413,PC-7384,Aphrodite_B_Case@raytheon.com,,,Harper.Basil.Obrien@dtaa.com,24117,0,years on-line years salary develop multiple skills concepts degree years contribute multitask contribute multiple guidance team responsibilities equivalent people salary industry platform equivalent on-time interface start contribute years job experience guidance develop self experience growth growth responsibilities customer opening people engineer experience contribute
email,{W7T4-A0SG95OX-1509NSAA},02/25/2011 08:15:13,HBO0413,PC-7384,Aphrodite_B_Case@raytheon.com,,,Harper.Basil.Obrien@dtaa.com,25790,0,sales process growth hours on-time people platform years start start develop experience on-time benefits report concepts job years required initiative report on-time self required start team equivalent opening degree expert platform required analyze guidance engineer skills develop starter team years responsibilities platform concepts industry report people passion dynamic develop growth guidance interface people permanent dynamic contribute resume experience hours degree concepts contribute call initiative growth skills
email,{A5K6-P4WS11KH-7804OZLG},02/25/2011 10:25:33,HBO0413,PC-7384,Aphrodite_B_Case@raytheon.com,,,Harper.Basil.Obrien@dtaa.com,24047,0,sales team report dynamic guidance degree initiative equivalent contribute multitask relocation technologies concepts report passion salary team resume platform years years multitask years multiple passion required skills engineer dynamic team multiple dynamic interface
email,{E8X3-L8OC00FS-1217WLPP},02/25/2011 17:16:38,HBO0413,PC-7384,Aphrodite_B_Case@raytheon.com,,,Harper.Basil.Obrien@dtaa.com,24072,0,permanent develop years required initiative hours team skills required multitask people required start customer customer permanent team management job responsibilities job develop platform resume compensation team develop multitask start experience passion multiple concepts years concepts technologies concepts team degree
email,{Z1X9-I0GX38SJ-7907CAEE},03/03/2011 09:14:20,HBO0413,PC-7384,Aphrodite_B_Case@raytheon.com,,,Harper.Basil.Obrien@dtaa.com,23222,0,responsibilities develop multiple report team strong multitask process relocation experience experience years self resume benefits concepts responsibilities degree resume resume job contribute experience technologies experience degree degree team compensation platform permanent process platform growth degree responsibilities years passion platform required team opening concepts analyze growth years sales job
email,{U0T1-V4QW82HG-0385OKVJ},03/04/2011 14:21:32,HBO0413,PC-7384,Aphrodite_B_Case@raytheon.com,,,Harper.Basil.Obrien@dtaa.com,43480,0,platform job job sales start required contribute start contribute dynamic resume sales call compensation degree develop responsibilities management multiple multiple responsibilities contribute years interface skills analyze report concepts sales platform multitask job platform job process degree skills start people experience people sales concepts part-time strong strong technologies
email,{H3P3-R2YN93FH-9375OHKV},03/09/2011 08:57:48,HBO0413,PC-7384,Aphrodite_B_Case@raytheon.com,,,Harper.Basil.Obrien@dtaa.com,15786,0,multiple initiative multitask develop expert growth degree management develop platform benefits platform initiative technologies customer permanent benefits on-time team opening passion initiative benefits strong management guidance industry analyze responsibilities job starter degree technologies management team dynamic guidance start growth salary contribute on-time develop required analyze concepts multitask growth starter develop report compensation years permanent platform starter multiple skills platform passion responsibilities required job resume management experience customer growth
email,{B4Y6-R7XU60RN-9848BRTZ},03/09/2011 16:08:27,HBO0413,PC-7384,Aphrodite_B_Case@raytheon.com,,,Harper.Basil.Obrien@dtaa.com,32826,0,people dynamic expert benefits analyze growth start permanent resume growth salary permanent multiple sales years hours technologies management people management opening technologies opening experience resume management platform team industry passion interface initiative growth
email,{K5S3-A4OF90GQ-9939SAON},03/09/2011 16:52:45,HBO0413,PC-7384,Aphrodite_B_Case@raytheon.com,,,Harper.Basil.Obrien@dtaa.com,37607,0,sales contribute on-time equivalent starter permanent growth customer technologies passion team concepts contribute management permanent concepts on-line benefits industry dynamic engineer benefits team growth industry years resume technologies on-time industry industry contribute growth salary experience job degree multitask skills passion part-time responsibilities responsibilities hours contribute responsibilities customer experience people growth start platform concepts start initiative multiple responsibilities job start customer strong
email,{N6I5-W3EA39HV-9827KBXQ},03/14/2011 08:21:54,HBO0413,PC-7384,Aphrodite_B_Case@raytheon.com,,,Harper.Basil.Obrien@dtaa.com,27305,0,customer equivalent initiative industry experience dynamic management industry job degree benefits resume develop analyze part-time dynamic team compensation develop resume resume skills strong technologies contribute required visual industry degree salary report technologies skills management job guidance process hours years passion opening job required required process sales degree contribute sales experience resume initiative years on-line experience start salary resume on-line passion industry
email,{B4U8-H4QF55IR-5129HPHC},03/14/2011 08:32:57,HBO0413,PC-7384,Aphrodite_B_Case@raytheon.com,,,Harper.Basil.Obrien@dtaa.com,24006,0,years expert skills expert opening multiple degree initiative starter interface required process team multiple resume strong multiple analyze benefits resume guidance growth equivalent growth skills benefits report on-time part-time hours degree opening responsibilities start process develop growth compensation management initiative start multiple experience on-line experience job expert responsibilities years platform dynamic develop
email,{O5P0-S8FL33IB-0640YZXE},03/14/2011 14:12:42,HBO0413,PC-7384,Aphrodite_B_Case@raytheon.com,,,Harper.Basil.Obrien@dtaa.com,50790,0,years resume contribute responsibilities on-time degree required customer interface start customer start develop required concepts interface on-time dynamic platform multitask technologies hours expert resume concepts growth resume starter dynamic initiative permanent multiple experience hours passion degree team required experience
email,{Z4E1-A1UQ79SO-8404OFFI},03/28/2011 11:55:35,HBO0413,PC-7384,Hadassah.Riley.Baker@dtaa.com,,,Harper.Basil.Obrien@dtaa.com,24953,0,week of letter exit of key week resignation week letter 2 letter letter 2 key tender week thanks 2 resignation position 2 my of letter tender opportunity letter tender resignation resignation week resign position exit opportunity position letter 2 resignation position resign of opportunity 2 resignation 2 2 my exit of opportunity my of opportunity week 2 letter letter position position 2
