type,id,date,user,pc,url,content
http,{J4B6-C0OT28AD-7531DKMR},02/14/2011 08:15:24,HBO0413,PC-7384,http://raytheon.com/WboUhagvat343187784.jsp,management years interface benefits years contribute years required passion opening equivalent multiple start contribute analyze part-time required expert passion degree job permanent technologies contribute part-time people customer expert team growth passion technologies passion contribute experience opening on-time permanent team responsibilities job contribute guidance management multitask
http,{J5S6-B4CR37XS-5021WSRJ},02/14/2011 09:39:56,HBO0413,PC-7384,http://boeing.com/WboUhagvat1904327536.htm,contribute equivalent recruiter contribute platform expert hours platform degree management strong visual team salary resume industry skills report contribute contribute process people equivalent sales equivalent report starter management contribute team multiple contribute relocation platform job equivalent visual engineer responsibilities on-time experience passion report contribute part-time
http,{I7D8-V5VC30AO-9260OEJK},02/14/2011 11:05:58,HBO0413,PC-7384,http://harris.com/WboUhagvat1919385663.htm,starter benefits team industry multiple sales opening process experience passion job analyze skills responsibilities contribute part-time strong recruiter years multiple analyze interface experience experience benefits years growth strong industry industry years experience starter technologies permanent customer skills
http,{G6D9-O6JK20MW-0666AMPA},02/14/2011 11:55:51,HBO0413,PC-7384,http://lockheedmartin.com/WboUhagvat1636367808.htm,salary passion experience multiple concepts multitask multiple responsibilities experience concepts initiative growth develop platform expert passion develop multiple initiative starter equivalent visual concepts initiative engineer salary process start part-time management technologies expert job customer concepts responsibilities required multitask expert process expert skills team equivalent dynamic benefits technologies multitask people opening self multitask passion
http,{X0S2-I4KK18OY-8029CFHW},02/14/2011 12:52:03,HBO0413,PC-7384,http://northropgrumman.com/WboUhagvat572113271.aspx,responsibilities growth responsibilities required growth experience expert platform sales initiative start contribute people initiative compensation guidance dynamic resume engineer relocation recruiter team develop resume required experience customer platform dynamic contribute skills degree develop recruiter experience start multiple customer resume sales opening start experience compensation multiple multitask job resume multitask strong equivalent self platform skills concepts start industry job benefits experience
http,{D0D4-M8SO49YE-1263AXQY},02/14/2011 14:30:24,HBO0413,PC-7384,http://jobhuntersbible.com/WboUhagvat1258877042.aspx,dynamic hours interface resume required interface responsibilities equivalent interface starter benefits develop resume resume develop start multitask people experience passion benefits years on-time equivalent growth required management report multitask sales benefits opening responsibilities degree dynamic team management opening passion job on-time team skills technologies hours multiple process contribute dynamic permanent skills skills industry skills customer develop benefits
http,{N8A9-R9HK45DU-3515HUDV},02/14/2011 17:06:08,HBO0413,PC-7384,http://boeing.com/WboUhagvat1904327536.htm,management opening degree analyze analyze platform process contribute dynamic resume responsibilities job required guidance experience start guidance experience responsibilities process permanent industry multiple starter passion contribute technologies management expert people strong initiative resume benefits analyze concepts multitask contribute growth permanent resume people resume benefits experience start growth growth job passion industry opening skills platform multitask concepts management on-time growth relocation strong opening job resume sales concepts
http,{I1Z1-H2HN01OE-0157LICO},02/14/2011 17:23:28,HBO0413,PC-7384,http://linkedin.com/WboUhagvat1479839504.aspx,required on-time growth resume skills multitask job benefits benefits initiative skills skills permanent years report opening on-time report technologies salary contribute benefits multiple engineer passion team responsibilities skills opening
http,{Y4O2-R6QO78UU-5831RRZF},02/14/2011 17:51:13,HBO0413,PC-7384,http://aol.com/jobs/WboUhagvat1963819229.jsp,process salary industry multiple responsibilities management years skills interface compensation growth platform multiple skills responsibilities multiple analyze technologies industry self benefits multitask growth years initiative develop on-time years hours process concepts equivalent initiative hours hours industry guidance on-line industry expert industry guidance
http,{O7N6-D0JY34MI-1550WSDN},02/15/2011 09:44:13,HBO0413,PC-7384,http://monster.com/WboUhagvat1180707852.html,responsibilities dynamic growth years customer benefits recruiter multitask interface responsibilities self industry degree strong degree strong concepts responsibilities experience passion contribute technologies concepts initiative concepts on-time degree technologies responsibilities degree team industry experience passion on-time years degree responsibilities start resume benefits management sales dynamic multitask technologies experience
http,{O3L8-Y6SM15JZ-3582IPXO},02/15/2011 10:00:20,HBO0413,PC-7384,http://yahoo.com/hotjobs/WboUhagvat752138490.php,guidance experience skills technologies compensation on-time compensation passion opening develop platform required responsibilities people resume years multitask salary customer industry years part-time benefits permanent industry passion job multiple management compensation experience experience starter self growth on-time responsibilities start guidance management growth customer growth permanent people
http,{F5H0-S0WF53WI-7674HYEW},02/15/2011 12:41:52,HBO0413,PC-7384,http://hp.com/WboUhagvat1944152218.jsp,team initiative expert management experience multitask job degree people multiple platform multiple process start job resume process opening industry self growth job analyze guidance experience degree people years hours multiple on-time self team contribute resume required years starter job opening initiative benefits growth guidance benefits interface multitask contribute industry sales
http,{Q7O0-H4JG92UB-5638YQWW},02/15/2011 13:05:35,HBO0413,PC-7384,http://linkedin.com/WboUhagvat1479839504.aspx,growth management compensation analyze job report passion permanent hours required initiative multiple multitask management strong opening initiative resume resume platform multiple experience guidance process dynamic industry sales team process guidance team years equivalent concepts experience customer contribute management develop platform expert growth interface visual report job customer sales benefits dynamic concepts
http,{X6I4-N4YD40AB-9319VHRY},02/15/2011 16:08:11,HBO0413,PC-7384,http://jobhuntersbible.com/WboUhagvat1258877042.aspx,resume people analyze required years responsibilities growth benefits initiative years degree contribute platform passion experience growth sales technologies equivalent dynamic initiative salary report multiple degree process interface required opening opening self technologies guidance permanent multiple degree customer permanent responsibilities degree skills opening required starter part-time dynamic benefits permanent technologies
http,{M5Q8-L2DQ47VK-8079BOJN},02/15/2011 17:35:44,HBO0413,PC-7384,http://jobhuntersbible.com/WboUhagvat1258877042.aspx,years industry resume hours skills degree multiple analyze multitask growth multiple salary interface growth develop technologies dynamic passion people benefits visual job industry interface equivalent multiple multitask team growth benefits opening platform multitask permanent years responsibilities salary years team expert self platform develop benefits self initiative initiative experience interface experience develop self equivalent concepts
http,{Y5P3-S3GS25UK-4917FNTP},02/15/2011 17:38:35,HBO0413,PC-7384,http://boeing.com/WboUhagvat1904327536.htm,job years equivalent sales passion on-time sales self interface multitask required process sales on-time visual initiative recruiter opening degree experience multitask experience multiple strong multiple multiple resume sales years people job job industry passion guidance initiative expert opening interface on-line multitask years years equivalent permanent initiative initiative platform on-line
http,{T8B6-J1ED52CN-9322QPGX},02/15/2011 17:47:28,HBO0413,PC-7384,http://careerbuilder.com/WboUhagvat660170997.htm,opening skills experience on-time self on-time responsibilities multitask compensation technologies growth report years job multiple passion dynamic salary concepts skills opening multiple process management sales equivalent guidance skills job interface management resume experience on-time platform resume resume start guidance process resume initiative interface analyze multitask multitask salary develop sales equivalent interface customer team management skills process responsibilities skills analyze responsibilities growth resume
http,{H3P9-M0PE66IF-7652RULL},02/16/2011 08:35:35,HBO0413,PC-7384,http://job-hunt.org/WboUhagvat919122234.html,start growth resume experience technologies required technologies develop interface permanent multitask equivalent initiative people required equivalent multiple engineer required degree industry permanent years report required initiative start strong guidance on-time initiative required degree benefits experience experience job skills sales industry technologies sales interface benefits management on-time multiple responsibilities customer job start team hours
http,{J5N9-L4SS05LS-4909IBBI},02/16/2011 11:13:34,HBO0413,PC-7384,http://hp.com/WboUhagvat1944152218.jsp,dynamic visual experience responsibilities degree multitask guidance industry multiple part-time resume management equivalent initiative degree platform resume technologies dynamic part-time job skills process customer interface salary multiple degree resume benefits customer opening management resume engineer guidance multiple
http,{W6Z0-I9XB13CE-6826ISVS},02/16/2011 16:19:53,HBO0413,PC-7384,http://aol.com/jobs/WboUhagvat1963819229.jsp,contribute management starter multitask job technologies start people self strong multiple required job analyze growth customer strong industry team years responsibilities years hours strong process equivalent team develop team technologies team relocation contribute equivalent management self platform
http,{Z2P6-G9VU09YL-8123YRBT},02/16/2011 17:34:45,HBO0413,PC-7384,http://craigslist.org/WboUhagvat1105403916.aspx,team customer strong responsibilities report multitask degree team report customer resume years on-time hours multiple resume required permanent multiple customer degree contribute management equivalent multiple passion dynamic concepts permanent multitask report required experience experience multitask develop team opening part-time resume experience industry growth required contribute expert platform part-time concepts multitask management experience on-time multiple contribute
http,{W3H3-K4UI19LO-4962ONYM},02/17/2011 11:10:43,HBO0413,PC-7384,http://harris.com/WboUhagvat1919385663.htm,passion salary benefits team resume technologies multiple initiative experience customer job customer expert salary job experience opening team expert strong concepts skills dynamic guidance concepts industry customer job industry resume skills platform job experience opening strong required years growth permanent skills expert people team growth required start benefits degree multitask team salary report sales on-time opening technologies
http,{H5Q6-P7TW44QM-8879UQGP},02/17/2011 11:37:17,HBO0413,PC-7384,http://job-hunt.org/WboUhagvat919122234.html,on-time initiative job equivalent part-time develop management process analyze resume technologies concepts compensation responsibilities years multitask analyze equivalent growth benefits passion hours skills degree process equivalent industry analyze strong initiative start permanent on-line years multiple management degree strong strong team self
http,{H3H9-O5HA69VN-6875WTYP},02/17/2011 11:49:47,HBO0413,PC-7384,http://linkedin.com/WboUhagvat1479839504.aspx,concepts years experience years develop compensation team expert hours develop process management concepts technologies benefits resume on-time resume job report part-time management responsibilities permanent on-line industry platform team experience job multiple experience required years equivalent process strong management multiple experience degree experience multitask hours industry analyze start experience degree opening dynamic required degree permanent start skills industry permanent multiple required experience equivalent
http,{W8X0-A7QP58FU-2529YVGA},02/17/2011 15:55:46,HBO0413,PC-7384,http://linkedin.com/WboUhagvat1479839504.aspx,people growth equivalent permanent analyze dynamic process benefits equivalent multiple technologies on-time customer platform multitask responsibilities starter sales responsibilities industry contribute equivalent growth salary report multiple permanent start develop strong responsibilities engineer starter multitask resume multiple passion salary part-time sales experience growth compensation technologies experience dynamic experience years resume people concepts people
http,{G7H4-C2MS05IM-3666HYLQ},02/17/2011 16:42:29,HBO0413,PC-7384,http://raytheon.com/WboUhagvat343187784.jsp,management required permanent growth visual equivalent responsibilities industry job resume multiple years resume dynamic required start growth responsibilities degree expert relocation experience multiple guidance strong required responsibilities resume responsibilities degree multitask opening contribute required expert required job team required opening sales develop industry platform job equivalent required degree experience team concepts start years degree responsibilities recruiter skills contribute
http,{B0C8-Q5IX84HJ-6119KBAR},02/17/2011 17:05:53,HBO0413,PC-7384,http://linkedin.com/WboUhagvat1479839504.aspx,concepts salary required degree team experience start equivalent compensation skills industry sales responsibilities responsibilities sales team years concepts interface industry experience interface responsibilities sales growth equivalent on-time permanent experience technologies multitask opening develop on-time self expert years opening industry equivalent process dynamic
http,{E6R8-T6WA25LV-4409CVLY},02/17/2011 17:27:10,HBO0413,PC-7384,http://raytheon.com/WboUhagvat343187784.jsp,degree opening develop team expert team equivalent years process salary benefits team customer contribute responsibilities experience permanent on-line responsibilities self opening skills contribute equivalent management management degree expert dynamic concepts resume platform self benefits relocation platform dynamic dynamic contribute experience starter customer process
http,{Y5F5-M8SS81EC-6898SSZM},02/18/2011 13:03:25,HBO0413,PC-7384,http://craigslist.org/WboUhagvat1105403916.aspx,multitask analyze skills skills passion on-line resume management develop permanent salary experience management contribute multitask develop strong sales recruiter years sales contribute interface multiple platform resume report starter team degree sales multitask contribute on-time resume on-line sales contribute dynamic resume years equivalent team start part-time technologies multitask opening people develop technologies passion on-time guidance guidance responsibilities permanent report develop analyze years dynamic concepts report
http,{H4J2-M2KI24EU-8110RZFJ},02/18/2011 14:32:30,HBO0413,PC-7384,http://simplyhired.com/WboUhagvat57469130.jsp,growth team multitask permanent initiative self opening industry self develop equivalent team platform management start passion responsibilities required skills multitask resume dynamic benefits experience experience sales skills degree management sales contribute engineer benefits degree starter concepts
http,{A7V5-S2PL74KF-5489HLJV},02/18/2011 17:18:54,HBO0413,PC-7384,http://raytheon.com/WboUhagvat343187784.jsp,process responsibilities required years initiative start management resume initiative compensation experience permanent experience concepts job on-time strong sales required experience develop platform resume expert develop initiative technologies multiple industry initiative team opening on-time experience on-line benefits compensation part-time develop responsibilities required starter start degree opening interface platform relocation responsibilities develop develop customer
http,{D5D7-K5IG73LH-1642PPYE},02/21/2011 08:28:51,HBO0413,PC-7384,http://aol.com/jobs/WboUhagvat1963819229.jsp,recruiter self salary multitask required team part-time team expert benefits multiple responsibilities customer sales on-time engineer guidance multitask management recruiter skills team job passion degree initiative growth sales people sales salary equivalent process
http,{N0Y3-E8JD12JP-7414GXNJ},02/21/2011 09:07:54,HBO0413,PC-7384,http://craigslist.org/WboUhagvat1105403916.aspx,on-line degree required growth dynamic sales interface initiative report experience responsibilities compensation resume sales permanent management strong responsibilities passion develop job industry multiple benefits develop interface team team multitask job resume sales call customer equivalent management dynamic growth develop dynamic interface years multiple on-time start starter team benefits degree resume opening skills resume years salary required report skills responsibilities analyze
http,{V4H9-Z9YU90LW-5259KSJC},02/21/2011 12:01:25,HBO0413,PC-7384,http://job-hunt.org/WboUhagvat919122234.html,skills passion interface management on-time job resume starter concepts benefits opening relocation opening responsibilities passion customer contribute team platform develop equivalent starter interface strong sales job equivalent responsibilities part-time dynamic people compensation customer responsibilities process self responsibilities strong equivalent experience initiative multiple strong dynamic experience experience equivalent resume people years permanent on-time engineer
http,{O3Y2-V4XS61WC-6158KWQD},02/21/2011 13:09:50,HBO0413,PC-7384,http://raytheon.com/WboUhagvat343187784.jsp,experience team interface team process required process resume interface expert sales analyze years develop required passion strong customer develop experience platform guidance years equivalent concepts self equivalent multiple analyze required visual sales visual hours required multitask interface job concepts dynamic experience job resume recruiter concepts responsibilities concepts resume customer experience initiative
http,{Q2U4-C3XB07MI-2720PVAK},02/21/2011 13:22:54,HBO0413,PC-7384,http://careerbuilder.com/WboUhagvat660170997.htm,job industry team strong multitask benefits industry experience process equivalent degree management contribute guidance salary strong opening experience on-time start skills multitask passion starter on-line skills engineer industry skills experience skills benefits initiative required start
http,{M7D5-A3VF54PM-8210IIOG},02/21/2011 13:39:56,HBO0413,PC-7384,http://northropgrumman.com/WboUhagvat572113271.aspx,job start team responsibilities opening develop permanent job report skills team team responsibilities years multiple concepts start experience develop multitask multiple customer responsibilities platform start on-time years management multiple years technologies hours sales management job resume guidance customer industry start resume hours platform technologies industry
http,{D0B7-V4PW50DS-0054GXUS},02/21/2011 15:06:52,HBO0413,PC-7384,http://indeed.com/WboUhagvat1680703797.html,sales experience technologies strong on-time equivalent job contribute start multiple resume interface platform dynamic interface interface concepts resume resume on-time equivalent benefits multitask part-time starter strong years experience report equivalent permanent responsibilities years sales multitask job equivalent permanent analyze contribute responsibilities
http,{A4U9-L3KP05NY-7156AXPW},02/21/2011 16:03:05,HBO0413,PC-7384,http://jobhuntersbible.com/WboUhagvat1258877042.aspx,required skills experience passion industry passion team customer interface resume responsibilities team on-time people experience contribute resume salary industry guidance growth experience sales sales equivalent interface years benefits multiple resume
http,{J6A0-Z1MM97QB-0155VJQA},02/22/2011 07:53:41,HBO0413,PC-7384,http://yahoo.com/hotjobs/WboUhagvat752138490.php,interface growth team people interface compensation growth expert multitask growth initiative growth compensation sales passion years years on-time benefits expert platform resume dynamic experience process passion concepts initiative people experience interface analyze multitask multitask start experience develop resume part-time required management concepts team experience management contribute sales resume self job equivalent interface expert responsibilities initiative opening team people permanent platform engineer people benefits platform multiple
http,{V2E9-S2AI81XG-0465GYPS},02/22/2011 08:55:21,HBO0413,PC-7384,http://careerbuilder.com/WboUhagvat660170997.htm,resume opening years develop required people sales people analyze degree dynamic skills growth strong degree people team opening team job resume develop responsibilities years management management team responsibilities multiple years platform hours analyze recruiter required required expert years start experience technologies contribute management contribute salary
http,{F9D9-Y9AT74DS-0031WNKT},02/22/2011 09:20:12,HBO0413,PC-7384,http://aol.com/jobs/WboUhagvat1963819229.jsp,platform industry multiple dynamic required sales responsibilities equivalent skills responsibilities expert technologies guidance dynamic self skills guidance platform sales strong dynamic opening years degree multiple industry passion multiple platform concepts degree dynamic equivalent multiple required passion years years industry multitask management on-line experience multiple people customer concepts degree years on-time equivalent
http,{M9C2-E4YT85XQ-9910ETSB},02/22/2011 10:05:32,HBO0413,PC-7384,http://harris.com/WboUhagvat1919385663.htm,analyze multiple degree expert multitask contribute starter opening process required multitask skills compensation skills contribute salary self engineer report strong report on-time concepts responsibilities platform skills expert permanent report compensation industry equivalent platform management engineer dynamic starter team passion salary passion management expert report
http,{F1W8-B0PT94XN-2190JOKT},02/22/2011 10:22:36,HBO0413,PC-7384,http://aol.com/jobs/WboUhagvat1963819229.jsp,years sales customer permanent multiple job sales equivalent multiple concepts sales technologies self growth multiple years on-time equivalent people contribute engineer resume part-time job degree years years multitask hours required part-time skills expert responsibilities opening report self multitask required growth equivalent passion job team management job on-time responsibilities opening platform start team
http,{Z9H2-R4SR26IV-3970HRFN},02/22/2011 10:24:26,HBO0413,PC-7384,http://yahoo.com/hotjobs/WboUhagvat752138490.php,required equivalent on-time opening opening degree responsibilities strong contribute start starter skills growth responsibilities benefits concepts resume team initiative multitask interface team initiative job years develop analyze strong hours salary multitask platform multitask management required develop platform sales benefits relocation growth degree team resume opening experience experience contribute skills management strong responsibilities technologies opening benefits management on-line equivalent multiple relocation interface report opening technologies sales required permanent
http,{J7B6-O4HX19YU-7798ZMXF},02/22/2011 14:40:47,HBO0413,PC-7384,http://yahoo.com/hotjobs/WboUhagvat752138490.php,interface skills multiple skills degree expert engineer develop benefits job degree platform opening recruiter salary start compensation visual platform team call technologies report multiple passion initiative on-line resume growth customer responsibilities report team platform interface skills multitask passion opening compensation skills process multitask growth platform part-time management industry industry required opening initiative team multiple analyze concepts responsibilities
http,{E0I3-N7FN44HM-1453YANI},02/22/2011 15:44:29,HBO0413,PC-7384,http://harris.com/WboUhagvat1919385663.htm,job engineer develop strong experience part-time concepts skills multitask initiative contribute multiple equivalent industry compensation required initiative resume on-line platform customer management report industry contribute contribute on-time contribute management interface report opening report initiative platform guidance technologies start team engineer job equivalent growth on-line develop people people management multiple industry
http,{M0W6-J0IR61SR-2098LJPY},02/22/2011 17:55:24,HBO0413,PC-7384,http://raytheon.com/WboUhagvat343187784.jsp,experience years multiple on-time process analyze skills concepts benefits benefits technologies visual customer management contribute technologies multitask industry dynamic customer required develop required required report passion growth people management part-time strong platform permanent analyze multiple opening required management management contribute analyze required experience report years contribute degree guidance
http,{O0Q7-G8MQ33ZW-6862LAHX},02/23/2011 09:34:40,HBO0413,PC-7384,http://hp.com/WboUhagvat1944152218.jsp,develop develop required multitask develop degree experience years platform growth start technologies opening visual self contribute passion required skills industry equivalent people technologies degree sales strong sales relocation multitask growth concepts sales initiative dynamic passion resume compensation customer customer engineer years guidance platform skills multiple sales management years dynamic interface analyze people passion relocation expert team degree initiative
http,{D3Q7-S4SE24OW-2072FUUI},02/23/2011 09:49:49,HBO0413,PC-7384,http://boeing.com/WboUhagvat1904327536.htm,customer report responsibilities contribute develop contribute required compensation customer report interface growth team skills multiple benefits on-time years on-time start visual required multiple required team customer analyze multiple growth starter growth technologies responsibilities multitask industry opening analyze strong job resume concepts process guidance permanent benefits contribute opening multiple responsibilities technologies skills required responsibilities growth team degree degree develop multiple starter guidance management guidance experience
http,{Y1A9-V7IS01YP-8922RRWA},02/23/2011 10:19:23,HBO0413,PC-7384,http://craigslist.org/WboUhagvat1105403916.aspx,people degree technologies growth interface opening sales degree contribute interface sales self resume equivalent initiative analyze required multitask technologies dynamic skills benefits management start initiative job multitask initiative responsibilities industry equivalent sales start strong industry job industry process opening concepts opening multiple people team opening permanent multitask
http,{E0E3-N8ZE60SU-0397VVUT},02/23/2011 10:27:58,HBO0413,PC-7384,http://simplyhired.com/WboUhagvat57469130.jsp,technologies part-time analyze permanent skills job part-time resume expert resume skills multiple years multitask required multiple technologies platform passion resume sales years platform initiative growth job multiple expert hours report visual opening required passion people growth years expert multitask benefits contribute benefits benefits permanent degree start experience guidance interface analyze multitask team management customer sales degree relocation resume initiative self salary contribute job equivalent
http,{P0L0-J8FN02VR-4939MCIJ},02/23/2011 12:07:05,HBO0413,PC-7384,http://lockheedmartin.com/WboUhagvat1636367808.htm,self skills dynamic opening people team strong degree team technologies multiple relocation analyze visual management report passion opening process opening dynamic concepts skills responsibilities concepts benefits multiple multitask technologies experience management multiple process team strong required years skills process skills industry degree start starter required multitask initiative resume sales multiple resume skills platform management multiple start analyze develop multiple experience salary growth people analyze required expert platform contribute job
http,{Z3G4-D8SU01EO-2918WWBG},02/23/2011 13:59:23,HBO0413,PC-7384,http://northropgrumman.com/WboUhagvat572113271.aspx,people degree initiative interface interface concepts start report years experience people permanent years responsibilities dynamic develop resume platform resume sales growth technologies multiple management years industry multiple initiative required team skills degree passion required degree team
http,{E5B9-N9KH26SA-7516YNIN},02/23/2011 14:35:34,HBO0413,PC-7384,http://careerbuilder.com/WboUhagvat660170997.htm,on-time salary multitask benefits interface sales required platform resume job part-time resume years benefits resume initiative skills people dynamic years on-line hours equivalent on-time industry management start permanent part-time skills permanent concepts degree benefits expert technologies contribute strong technologies benefits resume resume team start team skills technologies interface job resume platform skills self job experience contribute years
http,{V4M7-R5CN74GP-9912BRQH},02/23/2011 14:46:09,HBO0413,PC-7384,http://craigslist.org/WboUhagvat1105403916.aspx,multiple interface guidance team platform opening years contribute initiative passion strong develop expert benefits industry team skills people job multiple visual expert initiative concepts equivalent required customer contribute report sales start experience process benefits multiple interface report required required start required opening growth years dynamic process opening industry salary platform concepts customer multitask salary
http,{Y2U3-O0WG66IS-4365MUJR},02/24/2011 09:42:20,HBO0413,PC-7384,http://monster.com/WboUhagvat1180707852.html,growth report concepts skills contribute technologies skills management required multiple salary skills opening develop team initiative report hours years self interface industry degree management report job industry sales sales hours customer permanent opening opening skills years skills passion degree analyze benefits initiative strong job passion industry equivalent part-time expert contribute strong equivalent concepts self salary sales contribute
http,{Z4J0-P5JR10CV-3583CQWC},02/25/2011 10:58:25,HBO0413,PC-7384,http://aol.com/jobs/WboUhagvat1963819229.jsp,technologies sales industry customer resume concepts years strong part-time benefits dynamic benefits management process growth degree multiple benefits sales industry required platform permanent starter contribute initiative team skills growth self expert equivalent management people benefits responsibilities equivalent initiative dynamic start customer permanent on-time skills required resume
http,{P3W1-P7HM52SY-9924SJRH},02/25/2011 11:00:12,HBO0413,PC-7384,http://lockheedmartin.com/WboUhagvat1636367808.htm,multitask part-time growth multiple growth management strong industry contribute industry develop degree contribute opening years multiple team degree responsibilities people skills experience interface on-time customer passion platform equivalent interface equivalent platform responsibilities required team customer passion multitask permanent technologies report people sales start management customer management self degree team skills permanent responsibilities start degree benefits resume on-time degree growth
http,{D6C6-A7GF65AZ-6809XPOF},02/25/2011 11:04:37,HBO0413,PC-7384,http://careerbuilder.com/WboUhagvat660170997.htm,team degree multiple resume part-time technologies resume team multitask customer required interface starter sales degree opening skills on-time team on-time required passion skills multitask required growth job skills sales degree strong responsibilities customer platform develop resume experience expert management job passion required on-time multitask experience start experience multiple
http,{R0G8-F8VP77ER-3390ZBUT},02/25/2011 16:54:51,HBO0413,PC-7384,http://linkedin.com/WboUhagvat1479839504.aspx,strong required technologies multiple skills multitask develop opening salary strong engineer management growth contribute engineer analyze required strong industry growth team initiative years sales compensation guidance benefits expert customer on-time growth initiative team strong years initiative benefits contribute management strong benefits opening multitask salary contribute starter guidance guidance concepts team required people analyze degree analyze
http,{Q1W7-F7VX85BU-3758ATNN},02/28/2011 09:04:24,HBO0413,PC-7384,http://jobhuntersbible.com/WboUhagvat1258877042.aspx,responsibilities multiple dynamic multitask analyze dynamic sales technologies on-time strong multitask management multiple analyze platform process multitask part-time degree technologies team team platform multiple starter job start resume platform
http,{K8F4-K8LF10ML-9233GGSR},02/28/2011 11:45:38,HBO0413,PC-7384,http://boeing.com/WboUhagvat1904327536.htm,multiple required customer permanent concepts initiative job platform guidance visual initiative initiative benefits experience responsibilities years management interface job guidance dynamic technologies develop salary team equivalent experience compensation responsibilities experience skills strong resume opening develop experience develop initiative opening permanent
http,{L1G9-C2XA37XK-6104OQFB},02/28/2011 14:41:42,HBO0413,PC-7384,http://careerbuilder.com/WboUhagvat660170997.htm,team guidance skills salary growth opening growth on-time dynamic report multitask opening customer degree platform interface technologies analyze develop part-time start develop multitask concepts permanent job multiple process benefits customer years years years multitask required people industry sales degree sales passion years dynamic guidance interface industry resume years passion passion permanent dynamic required multiple concepts responsibilities part-time process required start passion benefits start technologies team
http,{X2K8-B7SA39TX-8912RZTJ},02/28/2011 15:23:53,HBO0413,PC-7384,http://linkedin.com/WboUhagvat1479839504.aspx,develop customer degree self job resume job experience opening benefits required resume industry years years starter degree industry equivalent sales start management recruiter skills concepts permanent technologies experience multiple sales team starter starter initiative required growth salary develop opening expert interface contribute skills responsibilities call technologies opening growth compensation contribute job opening starter years guidance team develop salary
http,{V6P7-F3GC64VC-0305IZKS},02/28/2011 17:26:07,HBO0413,PC-7384,http://aol.com/jobs/WboUhagvat1963819229.jsp,technologies job technologies self strong customer skills skills analyze required growth industry on-time multitask on-time growth skills responsibilities contribute job multiple concepts experience years dynamic call self technologies part-time skills people starter on-time multiple management responsibilities customer management equivalent job analyze multiple responsibilities management permanent hours multitask years growth required experience growth equivalent experience management concepts benefits passion resume team
http,{X9B0-T4RJ27WX-3928FXHI},02/28/2011 17:48:56,HBO0413,PC-7384,http://northropgrumman.com/WboUhagvat572113271.aspx,responsibilities opening on-time required skills industry resume starter resume responsibilities salary initiative dynamic passion responsibilities platform equivalent benefits contribute process sales job skills initiative platform experience develop resume multiple strong job contribute customer interface visual technologies resume concepts degree resume opening years responsibilities management passion salary guidance equivalent industry growth contribute team sales guidance report permanent resume dynamic develop skills dynamic on-time
http,{H4H1-K8EI85FE-2432NQJV},03/01/2011 11:07:08,HBO0413,PC-7384,http://aol.com/jobs/WboUhagvat1963819229.jsp,degree resume interface relocation platform multiple job analyze report multitask resume skills analyze start permanent required develop develop permanent job multiple engineer team develop engineer strong required years team customer equivalent contribute experience contribute develop opening passion platform expert
http,{W4R2-W9XS59YK-9544ZHMX},03/01/2011 12:10:41,HBO0413,PC-7384,http://raytheon.com/WboUhagvat343187784.jsp,contribute technologies customer contribute team interface degree management degree degree guidance platform contribute resume report customer team benefits technologies job analyze experience growth process degree people skills people people equivalent salary call opening concepts initiative management develop strong expert skills degree experience customer on-line multitask contribute multiple
http,{R0E1-D6AG34SN-3860JEGV},03/01/2011 12:48:55,HBO0413,PC-7384,http://craigslist.org/WboUhagvat1105403916.aspx,process passion management start resume resume interface start management expert degree technologies interface management industry opening concepts multiple interface required concepts platform benefits experience management sales responsibilities strong guidance experience industry experience
http,{R0C8-P9RP99PP-3959DKAG},03/02/2011 09:37:53,HBO0413,PC-7384,http://lockheedmartin.com/WboUhagvat1636367808.htm,hours dynamic job opening starter customer customer multiple responsibilities contribute develop equivalent sales sales management equivalent develop opening years platform strong opening report customer initiative salary benefits analyze salary platform platform initiative degree team people on-time required management benefits required concepts skills
http,{C5U5-W8FH97MF-6906XWTZ},03/02/2011 10:46:52,HBO0413,PC-7384,http://raytheon.com/WboUhagvat343187784.jsp,analyze multitask technologies opening skills concepts on-time sales develop multiple sales industry required expert growth equivalent call degree skills skills years on-time passion years degree years contribute customer people years expert years required multiple experience guidance starter passion required develop hours multiple required team resume industry develop compensation interface required on-line dynamic equivalent experience analyze
http,{I8F8-C3WT51BH-2811PUOV},03/02/2011 11:31:50,HBO0413,PC-7384,http://indeed.com/WboUhagvat1680703797.html,opening growth contribute initiative responsibilities analyze experience required responsibilities customer experience analyze part-time skills process analyze develop guidance dynamic responsibilities benefits opening expert start growth opening required skills start skills job job passion industry experience customer required multiple skills experience team multitask report people skills sales opening team expert concepts years opening start analyze starter resume sales management
http,{R1A6-W3DV84MX-3518ISOS},03/02/2011 11:46:00,HBO0413,PC-7384,http://monster.com/WboUhagvat1180707852.html,report initiative management team people develop management experience degree skills experience sales responsibilities resume strong experience growth degree start customer customer resume opening visual job experience required guidance start equivalent experience job degree team interface multiple industry required platform years team multitask equivalent benefits skills multiple compensation concepts
http,{W6F2-T1GR56SB-5480BSHD},03/02/2011 13:52:37,HBO0413,PC-7384,http://indeed.com/WboUhagvat1680703797.html,engineer concepts analyze develop degree required multitask equivalent contribute salary opening required skills interface concepts degree job strong report industry resume responsibilities experience on-time self start salary people management equivalent people responsibilities
http,{C4J2-F0ZF54KZ-2953BXPG},03/02/2011 17:41:33,HBO0413,PC-7384,http://indeed.com/WboUhagvat1680703797.html,interface report contribute degree contribute experience strong report passion salary customer required technologies dynamic interface equivalent technologies on-time opening platform required initiative call responsibilities visual contribute benefits skills team passion degree job report strong permanent concepts opening
http,{N6X7-L6CN41SA-4488MGLE},03/02/2011 17:45:12,HBO0413,PC-7384,http://indeed.com/WboUhagvat1680703797.html,experience people required growth contribute degree dynamic skills opening on-time benefits resume skills salary expert resume required permanent experience develop permanent responsibilities platform visual customer permanent sales responsibilities multiple growth equivalent develop degree years passion people responsibilities contribute resume strong process strong team customer platform self dynamic dynamic customer
http,{E0W3-Y1MH97DV-3134LWPI},03/03/2011 08:38:14,HBO0413,PC-7384,http://careerbuilder.com/WboUhagvat660170997.htm,multiple experience management people starter on-line start relocation passion sales platform degree benefits skills develop skills resume passion years job responsibilities experience job management degree skills experience passion concepts degree team people multitask team experience compensation develop management customer equivalent sales passion degree starter team experience benefits report job equivalent on-time permanent equivalent
http,{W6S6-V0QN31WY-3450EMDR},03/03/2011 09:05:13,HBO0413,PC-7384,http://raytheon.com/WboUhagvat343187784.jsp,management skills required engineer resume process passion benefits strong sales degree passion equivalent develop job sales degree experience experience permanent sales platform management contribute customer guidance initiative skills contribute years initiative customer sales interface skills platform strong resume skills permanent analyze develop part-time hours required contribute permanent engineer job job skills team
http,{Q5F8-L9GD69UR-9531YKUV},03/03/2011 09:54:50,HBO0413,PC-7384,http://raytheon.com/WboUhagvat343187784.jsp,sales years concepts sales salary resume sales job job skills dynamic required multitask opening on-time industry management develop management required analyze multitask multitask people start responsibilities multiple contribute contribute degree start guidance compensation strong sales starter
http,{S5C5-W7WO90UP-6165DDIG},03/03/2011 10:41:45,HBO0413,PC-7384,http://craigslist.org/WboUhagvat1105403916.aspx,initiative team multiple customer resume interface report required equivalent required analyze initiative degree dynamic benefits guidance interface starter sales degree resume resume degree develop multitask call salary initiative people develop develop team multiple report strong resume hours
http,{F8R6-T9HC51FP-7915XHBH},03/03/2011 11:48:56,HBO0413,PC-7384,http://linkedin.com/WboUhagvat1479839504.aspx,sales responsibilities skills required multiple years team customer part-time interface experience concepts management degree contribute experience team interface skills sales customer hours contribute report skills years compensation multitask degree opening years required develop team dynamic resume salary technologies develop required process required compensation degree resume resume responsibilities degree job industry
http,{J4R6-R4PN45FI-9263DGPZ},03/03/2011 12:44:10,HBO0413,PC-7384,http://harris.com/WboUhagvat1919385663.htm,develop benefits team experience strong skills expert opening benefits degree sales guidance on-time sales industry industry skills interface multitask salary contribute technologies people develop industry experience hours strong starter initiative benefits process salary concepts engineer technologies permanent guidance strong customer process report start initiative
http,{I4R9-Q4MA09WQ-8151ZEWW},03/03/2011 12:52:01,HBO0413,PC-7384,http://boeing.com/WboUhagvat1904327536.htm,initiative responsibilities strong industry required required call equivalent required part-time customer expert interface benefits multitask compensation skills years on-time required growth growth contribute equivalent team salary strong responsibilities people platform degree resume degree years interface interface skills compensation multitask technologies report
http,{T3E9-U8AS27US-7671BELS},03/03/2011 13:37:28,HBO0413,PC-7384,http://indeed.com/WboUhagvat1680703797.html,benefits on-time team sales concepts develop skills job guidance compensation salary customer opening responsibilities required people customer opening platform process equivalent degree salary strong permanent technologies part-time multitask analyze skills experience job hours resume skills guidance interface dynamic opening resume interface contribute opening team visual concepts contribute develop skills dynamic growth
http,{W6D8-M1XE30SM-4131EBMP},03/03/2011 14:06:54,HBO0413,PC-7384,http://boeing.com/WboUhagvat1904327536.htm,skills industry start start analyze on-time contribute sales team opening strong resume platform team team multitask report guidance expert concepts growth report initiative interface industry job opening concepts required resume multitask equivalent engineer engineer technologies platform expert team opening required permanent contribute job opening interface industry customer contribute report customer platform opening sales opening strong customer
http,{J1L5-G0AA33HS-6863STPF},03/04/2011 09:58:32,HBO0413,PC-7384,http://aol.com/jobs/WboUhagvat1963819229.jsp,engineer equivalent relocation on-time analyze growth concepts guidance part-time experience opening growth platform contribute team degree years experience multiple concepts opening strong resume recruiter skills multiple responsibilities multitask permanent engineer customer multiple on-time management resume analyze skills degree team dynamic strong team years multitask visual
http,{K9Y3-Z9FG05DQ-3707AKGP},03/04/2011 10:02:54,HBO0413,PC-7384,http://job-hunt.org/WboUhagvat919122234.html,visual platform technologies start industry team job interface equivalent experience start expert platform required experience team strong industry passion contribute multiple experience equivalent years growth start interface platform technologies multiple job people degree customer multitask analyze opening report
http,{X7Z6-Q5BR27UB-9063FQVN},03/04/2011 11:16:29,HBO0413,PC-7384,http://yahoo.com/hotjobs/WboUhagvat752138490.php,dynamic on-line opening required guidance strong contribute strong sales people strong experience team opening guidance on-time recruiter team skills management self strong start contribute report customer growth platform benefits multiple concepts initiative team sales
http,{P3R6-R7VR84MR-3297DEFW},03/04/2011 13:33:02,HBO0413,PC-7384,http://northropgrumman.com/WboUhagvat572113271.aspx,permanent management platform strong required resume years responsibilities degree job strong growth multiple visual concepts job passion management concepts degree technologies experience expert interface multitask growth team resume management people experience interface dynamic start experience multitask growth degree team platform passion report opening people technologies required required growth engineer on-time
http,{L4U5-P2SJ37UM-9624BIQR},03/04/2011 14:05:52,HBO0413,PC-7384,http://simplyhired.com/WboUhagvat57469130.jsp,analyze guidance required hours multiple permanent skills skills part-time responsibilities degree strong start customer technologies opening hours industry permanent management part-time equivalent starter degree equivalent multitask years multitask concepts
http,{S1T9-B9XZ81FR-5020GXMR},03/04/2011 16:15:31,HBO0413,PC-7384,http://aol.com/jobs/WboUhagvat1963819229.jsp,report experience opening multiple multiple start sales responsibilities responsibilities degree contribute platform initiative analyze contribute concepts guidance analyze required growth self guidance dynamic multiple experience job multitask multiple responsibilities degree growth guidance expert degree passion customer hours guidance expert
http,{D3B0-I7SV57QA-2948UGQE},03/04/2011 17:27:36,HBO0413,PC-7384,http://simplyhired.com/WboUhagvat57469130.jsp,develop develop job dynamic call on-line growth strong years growth start interface skills multiple call responsibilities dynamic industry growth benefits start contribute resume job required guidance experience on-line technologies customer develop customer passion engineer equivalent years call call analyze resume growth skills opening years job sales develop
http,{V1T9-T9CI72MK-2203TGFE},03/04/2011 17:44:35,HBO0413,PC-7384,http://jobhuntersbible.com/WboUhagvat1258877042.aspx,relocation customer equivalent equivalent degree growth contribute required industry degree concepts expert part-time sales dynamic industry sales equivalent years hours multiple years starter dynamic resume initiative concepts dynamic industry on-time skills sales start team responsibilities years skills degree degree team develop develop salary degree
http,{W9D5-D6GJ89HK-5533KTXW},03/07/2011 10:10:25,HBO0413,PC-7384,http://indeed.com/WboUhagvat1680703797.html,contribute benefits equivalent equivalent management initiative experience dynamic degree analyze multitask required resume multiple analyze platform multiple multitask opening platform develop passion expert strong skills expert concepts required skills visual equivalent on-time job expert skills on-time required sales interface develop growth report team equivalent team responsibilities on-line expert passion skills self platform develop sales resume industry degree resume
http,{L8I9-Z0GT22XJ-7418VVJB},03/07/2011 10:17:42,HBO0413,PC-7384,http://boeing.com/WboUhagvat1904327536.htm,guidance process guidance skills growth job customer strong guidance develop dynamic skills guidance experience benefits resume multiple dynamic platform analyze start start people multitask skills passion team years resume management concepts develop multiple technologies passion start years customer sales sales develop platform report initiative benefits growth permanent experience contribute passion multiple resume passion years interface report growth job benefits start on-time
http,{G3Y1-D2SW86VX-8645PWSV},03/07/2011 11:04:09,HBO0413,PC-7384,http://harris.com/WboUhagvat1919385663.htm,initiative job multitask contribute people customer multitask experience analyze technologies experience customer skills on-time experience job engineer opening equivalent guidance multitask process team report develop opening dynamic opening degree years dynamic years growth resume report salary interface multitask interface multitask multiple multitask team multitask develop experience contribute management customer resume dynamic initiative start opening call initiative experience technologies skills hours permanent experience
http,{A6H7-A1AR04WR-7459EFVX},03/07/2011 14:35:30,HBO0413,PC-7384,http://monster.com/WboUhagvat1180707852.html,growth strong skills dynamic analyze multitask responsibilities starter technologies benefits contribute develop initiative team initiative job years develop salary strong interface on-time multitask job management benefits multiple analyze customer engineer experience resume responsibilities salary guidance responsibilities equivalent team start team industry passion
http,{O3E3-F1DM94ZE-5073EYPT},03/07/2011 15:25:31,HBO0413,PC-7384,http://linkedin.com/WboUhagvat1479839504.aspx,people on-time contribute contribute multitask interface multiple on-time develop resume passion part-time contribute job people part-time dynamic start responsibilities job degree salary sales concepts skills required initiative years job years team multitask dynamic experience compensation technologies opening skills experience degree salary customer years required platform platform benefits equivalent
http,{Z7L0-M8KS83QO-7316YQXM},03/07/2011 16:33:38,HBO0413,PC-7384,http://aol.com/jobs/WboUhagvat1963819229.jsp,start platform degree recruiter develop skills passion opening skills permanent permanent engineer passion platform multitask hours compensation experience sales self sales contribute opening customer platform process on-time industry interface permanent sales benefits degree multiple hours management growth experience team starter starter report passion industry expert hours contribute call
http,{O6G9-P7RI43UF-8836CYHR},03/08/2011 09:23:03,HBO0413,PC-7384,http://jobhuntersbible.com/WboUhagvat1258877042.aspx,resume opening multitask develop start visual degree multiple concepts expert sales
http,{Z5S8-V9YL59UR-5986DDDZ},03/08/2011 13:19:25,HBO0413,PC-7384,http://boeing.com/WboUhagvat1904327536.htm,technologies equivalent multitask develop experience interface hours on-time benefits job degree skills required experience resume years growth contribute benefits multiple resume resume hours passion people multitask develop experience passion sales experience on-time resume expert growth starter analyze develop on-line start management concepts years permanent opening engineer skills team on-time contribute salary contribute required degree
http,{F6R5-N7PX74ID-5523WKCH},03/08/2011 17:09:15,HBO0413,PC-7384,http://simplyhired.com/WboUhagvat57469130.jsp,resume benefits resume multitask passion job strong platform growth multitask technologies benefits growth responsibilities team platform guidance multitask starter on-time resume guidance strong report team sales job dynamic process years people multitask experience team strong management skills management contribute start required resume strong team start experience process years concepts passion interface management team compensation self multiple multiple contribute interface salary starter
http,{P4W5-F0SG06IW-8960YGZK},03/09/2011 10:48:12,HBO0413,PC-7384,http://raytheon.com/WboUhagvat343187784.jsp,team people self management multitask job opening interface degree permanent customer platform platform contribute process required report passion growth permanent passion customer interface resume industry hours develop start sales strong multitask responsibilities people management growth salary experience skills
http,{U0V9-H5ZR50VA-3859WCOJ},03/09/2011 14:13:34,HBO0413,PC-7384,http://job-hunt.org/WboUhagvat919122234.html,platform management degree start sales strong visual equivalent platform opening skills guidance passion industry strong salary expert on-time team growth multiple opening guidance concepts sales degree experience opening people initiative job degree resume concepts equivalent skills technologies platform degree industry required
http,{D6L0-G8CD36TW-3678NGLC},03/09/2011 15:55:25,HBO0413,PC-7384,http://jobhuntersbible.com/WboUhagvat1258877042.aspx,initiative degree required multiple contribute opening customer years develop compensation benefits expert resume resume people self people skills degree equivalent call platform salary passion degree growth multiple resume people resume platform management resume sales job job job equivalent platform customer platform multiple customer years engineer equivalent part-time customer benefits management resume expert growth team on-time interface platform management multiple hours passion growth equivalent develop
http,{O4A7-G6ZS57MG-2394MEKY},03/09/2011 16:58:46,HBO0413,PC-7384,http://careerbuilder.com/WboUhagvat660170997.htm,job industry interface concepts process resume opening salary strong develop on-time team on-time industry self experience resume contribute start degree start customer management sales degree dynamic degree contribute growth skills sales expert process industry start technologies growth initiative
http,{I3I8-G4AF38PJ-6641VUIG},03/10/2011 10:05:47,HBO0413,PC-7384,http://aol.com/jobs/WboUhagvat1963819229.jsp,years job benefits multiple growth resume passion technologies expert customer sales process platform technologies compensation expert part-time growth compensation industry develop on-line develop multitask on-line growth team degree passion skills people multitask experience skills equivalent process hours experience job experience degree contribute concepts years required industry sales develop passion initiative experience opening job
http,{Y6W0-B8WP83QK-4134BJEP},03/10/2011 17:35:36,HBO0413,PC-7384,http://job-hunt.org/WboUhagvat919122234.html,equivalent concepts multiple opening resume responsibilities management required experience resume experience platform multiple responsibilities part-time team contribute dynamic experience on-line strong management industry required passion strong permanent responsibilities guidance management compensation management visual multiple develop years equivalent platform concepts years required technologies multitask skills benefits multitask multiple multitask process guidance experience team salary guidance team technologies customer multitask contribute interface resume platform part-time
http,{D5B7-I3HP26JG-0500DKEV},03/11/2011 08:35:09,HBO0413,PC-7384,http://yahoo.com/hotjobs/WboUhagvat752138490.php,job sales benefits experience guidance process interface customer strong develop equivalent passion years permanent start strong concepts job responsibilities opening multitask initiative passion technologies strong sales platform experience platform strong skills develop job sales visual dynamic self multitask customer experience multiple growth
http,{F7U2-Z1BG45HJ-5467AXZQ},03/11/2011 09:06:33,HBO0413,PC-7384,http://raytheon.com/WboUhagvat343187784.jsp,opening resume growth degree passion strong report interface responsibilities opening years skills years dynamic salary concepts compensation interface multitask experience people growth years multitask opening team responsibilities equivalent benefits sales opening years industry initiative guidance customer experience years report management equivalent skills skills degree resume on-time passion
http,{K9G2-H2YE93HR-8278WQKT},03/11/2011 09:26:37,HBO0413,PC-7384,http://aol.com/jobs/WboUhagvat1963819229.jsp,multitask required develop start guidance interface required analyze salary team years responsibilities people start report required permanent management dynamic permanent report expert initiative years equivalent required contribute equivalent years compensation guidance industry degree multitask sales
http,{U5S9-G3GW15LD-6545NUZQ},03/11/2011 11:03:10,HBO0413,PC-7384,http://job-hunt.org/WboUhagvat919122234.html,initiative years responsibilities years contribute resume technologies customer team benefits initiative team expert contribute compensation guidance develop years skills interface degree technologies experience job platform multiple
http,{L7O9-W5BS73QX-6899OYNZ},03/11/2011 11:40:05,HBO0413,PC-7384,http://lockheedmartin.com/WboUhagvat1636367808.htm,on-line self initiative team responsibilities expert multiple years process resume analyze opening equivalent years engineer develop strong dynamic self technologies salary resume job initiative sales dynamic experience salary part-time growth salary passion start report self degree resume develop concepts sales multitask job required concepts on-line skills benefits contribute contribute growth team starter responsibilities resume customer responsibilities platform multiple multitask responsibilities experience job benefits sales multiple required skills interface multitask concepts start required
http,{E0G5-N1NU20QS-3492ZOYQ},03/11/2011 15:14:28,HBO0413,PC-7384,http://linkedin.com/WboUhagvat1479839504.aspx,start management passion multitask job expert benefits team develop interface strong interface skills develop responsibilities multiple expert management develop degree expert report team degree permanent develop required concepts responsibilities process interface expert skills start interface degree develop multiple customer contribute multiple experience guidance process growth
http,{C4I9-R9PC49YX-1909MLMU},03/11/2011 16:19:48,HBO0413,PC-7384,http://job-hunt.org/WboUhagvat919122234.html,customer responsibilities multitask starter team self platform initiative resume initiative sales multitask platform job hours years platform platform opening equivalent growth concepts multiple benefits report degree report develop experience opening team permanent years team skills degree skills experience part-time technologies multiple analyze customer responsibilities team recruiter guidance develop team team customer benefits
http,{E3K3-S2BI43LE-2148TNXJ},03/11/2011 17:33:33,HBO0413,PC-7384,http://monster.com/WboUhagvat1180707852.html,technologies process multitask benefits job technologies degree required team resume expert team experience multitask guidance people salary interface relocation people process skills benefits management engineer on-time technologies required required platform expert required growth strong passion experience skills dynamic engineer degree industry permanent strong platform develop strong process management report management job permanent expert management benefits develop growth
http,{B5N0-R9VK44SG-2340LRLF},03/14/2011 08:43:12,HBO0413,PC-7384,http://harris.com/WboUhagvat1919385663.htm,skills process multitask technologies benefits passion start years growth permanent management multitask sales starter platform passion skills experience skills resume responsibilities part-time resume degree required analyze degree contribute visual resume years part-time initiative resume start start people salary technologies multiple strong resume report skills multiple contribute develop skills required
http,{B5C0-R4LX75EL-7225KDJR},03/14/2011 09:39:06,HBO0413,PC-7384,http://raytheon.com/WboUhagvat343187784.jsp,start multitask industry contribute required degree report expert degree experience interface initiative dynamic responsibilities technologies guidance management required required passion report technologies starter years sales develop job benefits years team responsibilities permanent resume skills years visual multitask technologies multiple concepts experience part-time analyze skills expert multitask sales skills experience responsibilities responsibilities permanent engineer
http,{W3C7-W3VH69XJ-3476JVZV},03/14/2011 09:39:41,HBO0413,PC-7384,http://raytheon.com/WboUhagvat343187784.jsp,customer expert required initiative years required passion required process degree degree equivalent start concepts self industry guidance degree benefits customer years job opening engineer responsibilities multitask people growth strong develop job passion degree resume report years starter job start dynamic concepts sales skills multiple
http,{C3B9-S1XO99QK-3406HYWZ},03/14/2011 09:56:50,HBO0413,PC-7384,http://aol.com/jobs/WboUhagvat1963819229.jsp,responsibilities benefits dynamic growth resume process growth call people initiative report experience on-time report concepts job expert skills responsibilities sales experience equivalent growth experience on-time interface initiative responsibilities contribute start dynamic process guidance growth report team concepts process multitask multitask compensation
http,{S0V6-X3CV76WQ-8776QIWQ},03/14/2011 10:55:09,HBO0413,PC-7384,http://craigslist.org/WboUhagvat1105403916.aspx,salary benefits resume develop sales engineer sales report experience required strong on-time strong compensation required resume report skills concepts skills relocation required multitask growth expert degree multiple resume on-time starter technologies strong interface resume opening team initiative multitask contribute job
http,{V6X3-D1IP73UG-5070XXDY},03/14/2011 12:15:21,HBO0413,PC-7384,http://simplyhired.com/WboUhagvat57469130.jsp,responsibilities skills multitask degree required starter multitask on-time starter report technologies resume sales platform skills strong report passion platform salary report strong permanent part-time resume passion experience customer required sales on-time sales interface compensation team team multiple growth platform develop
http,{W3Z1-V8TX31AH-1550VMVJ},03/14/2011 16:25:48,HBO0413,PC-7384,http://yahoo.com/hotjobs/WboUhagvat752138490.php,strong platform report self technologies multiple skills sales skills dynamic interface multitask industry initiative self degree industry sales platform report skills sales job growth job contribute responsibilities opening on-time platform industry dynamic team customer team part-time people multiple compensation required concepts opening multiple job
http,{J3Y1-G9YZ00SO-4296QDQU},03/14/2011 16:27:37,HBO0413,PC-7384,http://yahoo.com/hotjobs/WboUhagvat752138490.php,report compensation salary platform required years report start industry interface on-time equivalent interface job develop initiative resume skills hours hours develop responsibilities develop contribute concepts equivalent growth industry resume self interface experience skills concepts compensation management opening compensation benefits sales required initiative opening multiple years job guidance sales on-time contribute job salary resume growth contribute team sales resume multiple on-time
http,{V7V1-S1LM37CP-1225JROE},03/14/2011 16:58:51,HBO0413,PC-7384,http://northropgrumman.com/WboUhagvat572113271.aspx,expert relocation people permanent part-time opening skills job concepts sales people part-time initiative sales multitask permanent management permanent responsibilities management management skills engineer engineer start concepts years equivalent job skills dynamic sales starter sales required strong salary opening skills benefits years multitask starter team strong degree contribute sales compensation initiative equivalent platform expert degree passion responsibilities strong team interface concepts
http,{O3Z1-Z1SK50GO-6598VOOX},03/14/2011 17:43:38,HBO0413,PC-7384,http://raytheon.com/WboUhagvat343187784.jsp,sales responsibilities contribute technologies self passion strong industry start equivalent report permanent multiple dynamic experience job technologies sales customer management engineer management part-time years interface years initiative customer skills responsibilities years multiple growth required years on-time start years passion resume technologies develop experience technologies concepts multitask initiative develop years customer expert concepts multiple industry skills initiative passion industry growth engineer develop opening management job skills
