type,id,date,user,pc,activity
device,{G0S2-J0RU96JH-7886ZEMY},08/03/2010 13:55:03,AAF0535,PC-2408,Connect
device,{W8W7-E6QU05ZM-9123AVLK},08/03/2010 13:58:07,AAF0535,PC-2408,Disconnect
device,{U7G0-X9FP03PP-9287CTJW},08/03/2010 14:01:37,AAF0535,PC-2408,Connect
device,{U8C2-R3FT90YS-2072MRMW},08/03/2010 14:05:42,AAF0535,PC-2408,Disconnect
device,{F9O0-F6ZF20VD-3915KWUQ},08/03/2010 14:09:09,AAF0535,PC-2408,Connect
device,{I8Z5-F8TV74LO-2367SOOC},08/03/2010 14:10:44,AAF0535,PC-2408,Disconnect
device,{B1J3-B7DU08ZK-5546TKMS},08/03/2010 14:12:56,AAF0535,PC-2408,Connect
device,{U5E7-S2HK09QW-4313SXFB},08/03/2010 14:23:06,AAF0535,PC-2408,Disconnect
device,{F8L8-S2FE30CB-5565IJKE},08/03/2010 14:29:10,AAF0535,PC-2408,Connect
device,{S2J0-E2LG05CW-3126IHLJ},08/03/2010 14:29:35,AAF0535,PC-2408,Disconnect
device,{I9E3-H3DZ17HA-2614DAFD},08/05/2010 10:08:59,AAF0535,PC-2408,Connect
device,{M5E4-G1KF10DZ-4401YLMP},08/05/2010 10:09:57,AAF0535,PC-2408,Disconnect
device,{A6A7-C9BI08OP-3006TIUG},08/05/2010 10:55:52,AAF0535,PC-2408,Connect
device,{C7T1-Z7KS72ZP-3684XXEA},08/05/2010 11:04:06,AAF0535,PC-2408,Disconnect
device,{S5N4-C2HW93WA-0942WWLX},08/05/2010 11:27:08,AAF0535,PC-2408,Connect
device,{G6J7-F1VO66LT-3646WFTO},08/05/2010 12:06:13,AAF0535,PC-2408,Disconnect
device,{O0O2-P3JC03GD-6233RLNW},08/05/2010 12:08:55,AAF0535,PC-2408,Connect
device,{C1H3-N1WQ46HI-1470FXBR},08/05/2010 12:16:50,AAF0535,PC-2408,Disconnect
device,{S1C1-Q2FB48QK-1865RQSM},08/05/2010 13:01:17,AAF0535,PC-2408,Connect
device,{Y8N9-A6IW16MV-3338IHJQ},08/05/2010 13:29:06,AAF0535,PC-2408,Disconnect
device,{P9C0-O2XK82FV-3226TPPF},08/05/2010 13:44:07,AAF0535,PC-2408,Connect
device,{I5K5-V0QL73WY-2431QMKA},08/05/2010 13:49:01,AAF0535,PC-2408,Disconnect
device,{K2P9-P0PE25LJ-0332OKST},08/05/2010 14:04:27,AAF0535,PC-2408,Connect
device,{B8B8-A1LQ87VO-5157TVCQ},08/05/2010 14:19:38,AAF0535,PC-2408,Disconnect
device,{V3O0-X6BR10VU-9012YNBN},08/05/2010 14:25:57,AAF0535,PC-2408,Connect
device,{S5I9-N1TJ21QH-2046WKOK},08/05/2010 14:50:28,AAF0535,PC-2408,Disconnect
device,{D3G7-F0SN39BI-5537KMKL},08/09/2010 09:12:43,AAF0535,PC-2408,Connect
device,{C4Z4-D2LF23AV-7605OFUO},08/09/2010 09:22:47,AAF0535,PC-2408,Disconnect
device,{T3J8-K0SI68IF-8381QTXR},08/09/2010 11:02:57,AAF0535,PC-2408,Connect
device,{L5C8-H5PE09KI-3200UESR},08/09/2010 11:07:19,AAF0535,PC-2408,Disconnect
device,{J6F6-D4ND37YP-3872JXLK},08/09/2010 11:27:20,AAF0535,PC-2408,Connect
device,{R2L3-H3EX21KB-3340SHCD},08/09/2010 11:31:12,AAF0535,PC-2408,Disconnect
device,{W8Y7-T3GQ27OF-9826BMZI},08/09/2010 14:51:10,AAF0535,PC-2408,Connect
device,{F0L9-A6GU80CC-2549NGMU},08/09/2010 14:52:32,AAF0535,PC-2408,Disconnect
device,{Z7F6-H4PR05VC-9026RGBA},08/09/2010 15:11:29,AAF0535,PC-2408,Connect
device,{N8I2-K8EF97CQ-7776NECK},08/09/2010 15:15:54,AAF0535,PC-2408,Disconnect
device,{R3C2-J0FX74AJ-5700UWCR},08/09/2010 15:25:25,AAF0535,PC-2408,Connect
device,{F4N3-Y0HR72ST-1267GAIR},08/09/2010 15:50:33,AAF0535,PC-2408,Disconnect
device,{C1U2-Y7GW89DE-3663WAJE},08/09/2010 15:55:37,AAF0535,PC-2408,Connect
device,{M2Z6-M6BA06FJ-4388SSLP},08/09/2010 16:01:52,AAF0535,PC-2408,Disconnect
device,{F8A9-D4TM06HX-4715JIQE},08/09/2010 16:08:19,AAF0535,PC-2408,Connect
device,{W1R7-Q2NH89QD-7239EXBW},08/09/2010 16:21:31,AAF0535,PC-2408,Disconnect
device,{B4H6-C9XR76YJ-3415VFZR},08/10/2010 10:16:40,AAF0535,PC-2408,Connect
device,{Q9S9-U9JC80SA-6468WWXA},08/10/2010 10:37:00,AAF0535,PC-2408,Disconnect
device,{C4X3-P9OQ55CS-8368JQYI},08/10/2010 12:01:56,AAF0535,PC-2408,Connect
device,{Z5U7-L1LN92CE-6916JOXL},08/10/2010 12:31:02,AAF0535,PC-2408,Disconnect
device,{F5E5-S7UR81RL-6031CVGR},08/10/2010 12:33:00,AAF0535,PC-2408,Connect
device,{M9F6-G1FD32DQ-1992PFOJ},08/10/2010 13:04:32,AAF0535,PC-2408,Disconnect
device,{L8J4-N4DR85PO-1518AEHD},08/10/2010 14:04:48,AAF0535,PC-2408,Connect
device,{G2P2-D1UF96ZX-2898VKMP},08/10/2010 14:13:10,AAF0535,PC-2408,Disconnect
device,{M0U2-V8RK40IY-2286CCDZ},08/10/2010 15:31:52,AAF0535,PC-2408,Connect
device,{A4O4-U1GX08ZT-2859ABKP},08/10/2010 15:43:54,AAF0535,PC-2408,Disconnect
device,{S4B6-X0DS00YJ-7538AOII},08/12/2010 10:37:16,AAF0535,PC-2408,Connect
device,{B0I8-T5YA69DG-4319KSUC},08/12/2010 10:40:16,AAF0535,PC-2408,Disconnect
device,{R9F6-H5AN72BI-7321OWWK},08/12/2010 10:45:37,AAF0535,PC-2408,Connect
device,{J3P2-F6MV89XT-7955AVOD},08/12/2010 10:51:17,AAF0535,PC-2408,Disconnect
device,{T6M1-W1YJ22IN-0233BTVQ},08/12/2010 12:09:47,AAF0535,PC-2408,Connect
device,{U9K9-C8ZC70WT-3107JSVB},08/12/2010 12:54:24,AAF0535,PC-2408,Disconnect
device,{W5W0-F7EM39GE-6476WYVP},08/12/2010 13:43:07,AAF0535,PC-2408,Connect
device,{T8I8-G9VR05GM-2051KFCP},08/12/2010 14:11:38,AAF0535,PC-2408,Disconnect
device,{K8H9-P2XZ43XL-5413XHHY},08/12/2010 14:21:30,AAF0535,PC-2408,Connect
device,{O4E6-P8NU57DY-5863QTJD},08/12/2010 14:28:22,AAF0535,PC-2408,Disconnect
device,{O6U3-Z1GU26XQ-7347AWQK},08/12/2010 15:48:41,AAF0535,PC-2408,Connect
device,{V0T6-P5YW03WJ-4143GYJZ},08/12/2010 16:10:42,AAF0535,PC-2408,Disconnect
device,{U1I8-T1EN98IS-7432XLXJ},08/13/2010 09:45:12,AAF0535,PC-2408,Connect
device,{P5Y4-K4HS46OF-1127WIBD},08/13/2010 10:08:52,AAF0535,PC-2408,Disconnect
device,{K2A8-Z9KU12ZM-8947GQGI},08/13/2010 10:18:57,AAF0535,PC-2408,Connect
device,{L2I7-V5AD89RR-9916MKIH},08/13/2010 10:53:55,AAF0535,PC-2408,Disconnect
device,{K8Q7-M0MU70VN-7947WWPD},08/13/2010 12:51:03,AAF0535,PC-2408,Connect
device,{Y1H9-Y2TL99PJ-4630LBAT},08/13/2010 13:02:09,AAF0535,PC-2408,Disconnect
device,{E3N5-O6GC32TQ-2458BBUI},08/13/2010 13:34:07,AAF0535,PC-2408,Connect
device,{N9L7-L1YF36AX-5002VJLS},08/13/2010 13:51:58,AAF0535,PC-2408,Disconnect
device,{B6H7-E0GM95FO-3212KIXH},08/13/2010 14:49:52,AAF0535,PC-2408,Connect
device,{T9U4-H3KY53FL-0042PVMA},08/13/2010 15:20:31,AAF0535,PC-2408,Disconnect
device,{M5G7-W3CP38BL-6195YFWH},08/13/2010 15:24:11,AAF0535,PC-2408,Connect
device,{M8U5-B9NQ13HD-0719RCBL},08/13/2010 16:02:57,AAF0535,PC-2408,Disconnect
device,{D9F8-Y7PW63NE-6913MJBB},08/13/2010 16:32:20,AAF0535,PC-2408,Connect
device,{G9S2-T1TO03IV-7467VPHF},08/13/2010 16:38:26,AAF0535,PC-2408,Disconnect
device,{O5L5-M7IU38NX-7880GJPD},08/20/2010 10:51:38,AAF0535,PC-2408,Connect
device,{K4G0-B9DG64BZ-2816DLSD},08/20/2010 10:59:23,AAF0535,PC-2408,Disconnect
device,{F1D6-V2HI97AN-6850KBXE},08/20/2010 12:31:13,AAF0535,PC-2408,Connect
device,{E4I6-A1OC45UY-7926JQIJ},08/20/2010 13:05:01,AAF0535,PC-2408,Disconnect
device,{H2X7-M2LN42IV-9322HYHM},08/20/2010 13:17:52,AAF0535,PC-2408,Connect
device,{Y0V6-D7XZ15KZ-3816KHSN},08/20/2010 13:20:41,AAF0535,PC-2408,Disconnect
device,{Y7G8-X2GJ24CJ-1555JYFH},08/20/2010 14:43:32,AAF0535,PC-2408,Connect
device,{K9V7-D2TH97FG-6670ROVP},08/20/2010 14:43:46,AAF0535,PC-2408,Disconnect
device,{W0Z9-R8IO21KS-4303LTOI},08/20/2010 15:21:41,AAF0535,PC-2408,Connect
device,{Y1M6-B7JP39MR-5979GZOC},08/20/2010 15:38:04,AAF0535,PC-2408,Disconnect