type,id,date,user,pc,to,cc,bcc,from,size,attachments,content
email,{O9H3-T6RD70KY-9321LRAL},07/06/2010 11:27:45,AAF0535,PC-2408,Jaime_Carey@raytheon.com,Athena.Amelia.Foreman@dtaa.com,,Athena.Amelia.Foreman@dtaa.com,25030,0,hours years growth platform self contribute years skills multiple process degree people interface required years platform resume expert expert responsibilities growth initiative dynamic job benefits responsibilities initiative compensation salary expert opening on-line expert technologies compensation guidance part-time degree platform required multiple degree hours process multitask multiple report start process growth skills benefits visual dynamic strong years required sales industry resume technologies skills multitask years passion start job industry visual
email,{W5S2-M0UX21CW-4401FULS},07/09/2010 09:52:54,AAF0535,PC-2408,Jaime_Carey@raytheon.com,,Athena.Amelia.Foreman@dtaa.com,Athena.Amelia.Foreman@dtaa.com,40776,0,expert years management benefits required report multitask equivalent part-time customer permanent equivalent visual start customer equivalent sales technologies industry resume concepts equivalent benefits passion permanent years management growth report process passion concepts guidance process equivalent management technologies salary contribute team multiple contribute contribute responsibilities years develop start analyze platform years industry develop strong responsibilities
email,{Z5K3-T6UL82OS-7864KDHO},07/09/2010 14:37:50,AAF0535,PC-2408,Jaime_Carey@raytheon.com,Athena.Amelia.Foreman@dtaa.com,,Athena.Amelia.Foreman@dtaa.com,46053,0,dynamic years skills team hours growth industry process platform analyze concepts report responsibilities self on-time develop opening management experience job technologies job degree required responsibilities skills skills experience job expert years strong people equivalent equivalent platform passion self skills customer job hours platform responsibilities starter industry responsibilities contribute contribute
email,{O1B9-Y1UE12RH-4308QHFT},07/09/2010 14:39:40,AAF0535,PC-2408,Jaime_Carey@raytheon.com,Athena.Amelia.Foreman@dtaa.com,,Athena.Amelia.Foreman@dtaa.com,33483,0,growth contribute expert experience process contribute strong strong responsibilities permanent platform team years concepts passion experience concepts on-time management skills platform dynamic management customer customer platform passion part-time skills concepts experience team report required resume passion self responsibilities develop passion
email,{M8M6-F3RC38MO-3178DWGL},07/15/2010 09:22:54,AAF0535,PC-2408,Jaime_Carey@raytheon.com,,Athena.Amelia.Foreman@dtaa.com,Athena.Amelia.Foreman@dtaa.com,28667,0,technologies visual opening growth salary growth job resume report team resume benefits resume concepts platform develop concepts experience people equivalent job expert years starter customer passion concepts people passion passion skills concepts multitask concepts passion sales expert initiative passion degree sales report opening start multiple years start customer
email,{I7I7-U6FO21BS-7287PYGH},07/15/2010 12:28:28,AAF0535,PC-2408,Jaime_Carey@raytheon.com,,Athena.Amelia.Foreman@dtaa.com,Athena.Amelia.Foreman@dtaa.com,19748,1,multiple visual team growth degree management resume interface skills benefits compensation platform self passion contribute on-time job team opening benefits years job multitask guidance passion start multitask technologies management skills analyze contribute starter people experience starter on-time platform benefits initiative experience expert analyze job degree responsibilities process develop dynamic start guidance equivalent start skills skills experience management sales start multitask team years guidance develop start job strong skills
email,{M9W7-I7YJ76PM-2419LYVX},07/15/2010 14:10:36,AAF0535,PC-2408,Jaime_Carey@raytheon.com,Athena.Amelia.Foreman@dtaa.com,,Athena.Amelia.Foreman@dtaa.com,28939,1,industry strong resume required resume customer industry job job develop benefits start opening years job management compensation interface skills part-time contribute years required start job industry team job part-time concepts customer report sales skills responsibilities multitask responsibilities responsibilities hours experience years sales benefits
email,{Y3B0-S5UI39EL-8154REZR},07/16/2010 12:27:00,AAF0535,PC-2408,Jaime_Carey@raytheon.com,Athena.Amelia.Foreman@dtaa.com,,Athena.Amelia.Foreman@dtaa.com,40840,1,resume experience degree passion call start hours experience years initiative required process initiative contribute multitask equivalent responsibilities responsibilities job skills benefits develop initiative industry resume growth sales degree report experience multitask passion dynamic opening part-time resume team skills growth customer team team resume required start technologies dynamic strong responsibilities part-time multitask develop guidance industry
email,{O0E7-C1VV91SX-1717ZNGY},07/21/2010 09:24:48,AAF0535,PC-2408,Jaime_Carey@raytheon.com,Athena.Amelia.Foreman@dtaa.com,,Athena.Amelia.Foreman@dtaa.com,29141,0,self skills strong management management skills self multiple start skills skills skills expert contribute expert multitask initiative team strong people customer responsibilities multitask initiative passion guidance team part-time contribute sales opening strong concepts multiple permanent passion self growth experience growth multitask management start strong report develop equivalent concepts process experience industry concepts start resume team
email,{Z7N8-T7TX83TG-3916FLTG},07/21/2010 10:29:39,AAF0535,PC-2408,Jaime_Carey@raytheon.com,,Athena.Amelia.Foreman@dtaa.com,Athena.Amelia.Foreman@dtaa.com,22748,0,benefits guidance skills benefits years responsibilities multitask initiative sales dynamic resume passion job contribute multitask responsibilities platform starter multitask years equivalent multiple dynamic team analyze start customer multitask initiative equivalent team growth multiple interface required responsibilities report sales multiple initiative degree interface team team required salary team salary responsibilities permanent
email,{L9B6-B5ZO17US-4046GCGH},08/10/2010 11:55:36,AAF0535,PC-2408,Burke.Randall.Burnett@dtaa.com,Athena.Amelia.Foreman@dtaa.com,,Athena.Amelia.Foreman@dtaa.com,28915,2,position 2 letter resign of key key 2 my resignation 2 opportunity week key my my letter exit my resign of my key week week week my resign tender 2 2 exit resignation exit week my tender tender opportunity my resignation 2 interview resignation of notice resignation position position resignation resign thanks position notice of tender my week interview 2 resignation position resignation of thanks my week 2 week resign position thanks week notice interview opportunity
