type,id,date,user,pc,to,cc,bcc,from,size,attachments,content
email,{O5J6-M8HX99FV-0149IRKY},10/07/2010 09:10:24,AKR0057,PC-2879,Adrienne-Osborne@boeing.com,,Aurora.Katell.Rhodes@dtaa.com,Aurora.Katell.Rhodes@dtaa.com,32547,0,hours part-time technologies multiple interface years multiple multitask job resume resume multiple dynamic salary skills job salary resume guidance platform technologies job opening part-time benefits multitask years platform on-time initiative industry sales years job resume contribute equivalent dynamic compensation multiple
email,{D7W8-L9ZZ14QG-5418JKIH},10/12/2010 16:42:31,AKR0057,PC-2879,Adrienne-Osborne@boeing.com,,Aurora.Katell.Rhodes@dtaa.com,Aurora.Katell.Rhodes@dtaa.com,25610,0,sales resume required concepts on-line multiple job sales call platform growth team dynamic develop skills permanent years develop multiple management resume management years skills experience benefits growth degree part-time concepts benefits
email,{J5Y7-U5LO02GP-3545TJKI},10/12/2010 17:42:12,AKR0057,PC-2879,Adrienne-Osborne@boeing.com,Aurora.Katell.Rhodes@dtaa.com,,Aurora.Katell.Rhodes@dtaa.com,32181,1,skills customer growth experience skills required job compensation resume guidance years technologies customer multitask team required equivalent experience customer experience benefits salary multitask guidance job opening interface people expert engineer degree experience concepts customer resume dynamic compensation start visual growth multiple self people sales growth growth sales people growth years dynamic customer strong contribute responsibilities process process on-time compensation
email,{B6Q8-G9DA77WW-4161UDFF},10/15/2010 08:29:11,AKR0057,PC-2879,Adrienne-Osborne@boeing.com,,Aurora.Katell.Rhodes@dtaa.com,Aurora.Katell.Rhodes@dtaa.com,32235,0,required report experience passion equivalent multitask required guidance passion dynamic customer growth contribute skills growth customer industry people team strong salary multitask dynamic team team interface responsibilities develop experience resume management interface start customer years responsibilities experience starter industry management hours contribute resume skills equivalent salary required benefits
email,{R9J6-V8GC73MT-4420PMCR},10/15/2010 09:40:22,AKR0057,PC-2879,Adrienne-Osborne@boeing.com,,Aurora.Katell.Rhodes@dtaa.com,Aurora.Katell.Rhodes@dtaa.com,27309,1,opening start resume multitask industry degree years analyze platform responsibilities strong experience growth develop resume sales strong recruiter people degree process responsibilities contribute team multitask platform years technologies skills industry initiative analyze process contribute self customer develop customer permanent required benefits opening growth start equivalent sales develop multitask concepts multitask develop required dynamic
email,{B7V0-G9VD00YA-6896MHZI},10/18/2010 14:02:59,AKR0057,PC-2879,Adrienne-Osborne@boeing.com,Aurora.Katell.Rhodes@dtaa.com,,Aurora.Katell.Rhodes@dtaa.com,37743,0,team concepts develop degree technologies customer opening people equivalent growth growth concepts salary growth start interface degree sales passion strong develop experience management years compensation benefits concepts compensation analyze expert analyze sales technologies benefits resume resume equivalent starter concepts initiative sales recruiter
email,{Q9A5-B6AC17SY-4511QRBV},10/18/2010 18:50:37,AKR0057,PC-2879,Adrienne-Osborne@boeing.com,,Aurora.Katell.Rhodes@dtaa.com,Aurora.Katell.Rhodes@dtaa.com,30209,0,experience required passion expert self multitask dynamic years experience years multitask starter report strong platform team sales required starter job job degree report experience experience passion opening customer responsibilities customer degree experience start strong platform multiple experience platform customer required responsibilities years skills responsibilities salary skills people interface contribute guidance
email,{U8Y9-L3DE30BL-4524TDRA},10/21/2010 16:11:58,AKR0057,PC-2879,Adrienne-Osborne@boeing.com,,Aurora.Katell.Rhodes@dtaa.com,Aurora.Katell.Rhodes@dtaa.com,20883,0,team required salary management people job required resume experience required years years contribute required multitask sales benefits strong multiple required develop equivalent experience interface permanent opening responsibilities contribute customer recruiter multiple people technologies report required multiple on-time job job permanent responsibilities degree part-time responsibilities part-time industry concepts required strong job on-line opening analyze resume sales experience report initiative skills start
email,{B9X7-W2WV42DN-5367MUPI},10/22/2010 08:33:16,AKR0057,PC-2879,Adrienne-Osborne@boeing.com,Aurora.Katell.Rhodes@dtaa.com,,Aurora.Katell.Rhodes@dtaa.com,22276,0,equivalent starter compensation analyze team permanent equivalent dynamic on-time develop platform benefits dynamic analyze opening start multitask strong customer develop job compensation years opening benefits passion develop responsibilities hours skills growth platform skills degree customer strong skills required degree process opening job benefits industry salary on-time team passion experience passion resume industry experience benefits industry degree recruiter strong job concepts multitask
email,{G4M6-U3HV15PR-2907JCOC},10/22/2010 09:20:12,AKR0057,PC-2879,Adrienne-Osborne@boeing.com,,Aurora.Katell.Rhodes@dtaa.com,Aurora.Katell.Rhodes@dtaa.com,56686,0,part-time benefits contribute permanent team skills call platform initiative hours interface sales initiative job resume multiple required management opening analyze
email,{V9H9-U6AA57WQ-4335OIOL},10/22/2010 09:32:19,AKR0057,PC-2879,Adrienne-Osborne@boeing.com,,Aurora.Katell.Rhodes@dtaa.com,Aurora.Katell.Rhodes@dtaa.com,61559,0,compensation job sales call skills multiple passion self experience starter management process platform develop analyze technologies engineer required interface skills hours start passion customer benefits passion
email,{V9J4-N7WS39CZ-6049JQUQ},10/25/2010 16:52:12,AKR0057,PC-2879,Adrienne-Osborne@boeing.com,Aurora.Katell.Rhodes@dtaa.com,,Aurora.Katell.Rhodes@dtaa.com,14326,0,opening sales dynamic resume team part-time multitask initiative contribute multiple multiple multiple opening compensation job self contribute permanent experience start passion sales years start years strong management compensation report multiple dynamic expert develop initiative opening benefits dynamic contribute growth management strong benefits expert develop equivalent resume benefits multitask resume industry required analyze years permanent develop equivalent technologies salary dynamic on-time experience technologies team job self develop
email,{Q4Q4-K8JU98JT-6153MTRE},10/25/2010 17:05:52,AKR0057,PC-2879,Adrienne-Osborne@boeing.com,Aurora.Katell.Rhodes@dtaa.com,,Aurora.Katell.Rhodes@dtaa.com,27327,0,resume required interface sales on-line platform passion degree customer years team required multitask years report visual salary on-time strong multiple visual job years resume process degree people passion benefits resume equivalent experience opening opening customer responsibilities concepts contribute industry industry report concepts responsibilities strong expert multitask contribute recruiter
email,{W1G9-R2ZJ71RQ-0299TRWE},11/01/2010 09:01:58,AKR0057,PC-2879,Adrienne-Osborne@boeing.com,Aurora.Katell.Rhodes@dtaa.com,,Aurora.Katell.Rhodes@dtaa.com,21230,0,degree people compensation experience experience dynamic experience recruiter experience contribute sales sales contribute sales experience opening equivalent resume contribute develop salary strong responsibilities customer resume industry strong opening strong growth degree degree experience management team required self develop initiative passion hours skills opening technologies responsibilities degree
email,{X6Q4-W2WF07VK-3472TQEJ},11/15/2010 12:58:42,AKR0057,PC-2879,Jackson.Linus.Wilkerson@dtaa.com,Aurora.Katell.Rhodes@dtaa.com,,Aurora.Katell.Rhodes@dtaa.com,11707,0,resignation resignation my exit 2 position my of letter of letter letter key resign 2 week position interview letter resign notice of position opportunity resignation key thanks letter my position letter letter resignation resignation exit of 2 position week tender exit opportunity 2 my notice resignation opportunity resign my key resignation my key key opportunity interview exit
