type,id,date,user,pc,url,content
http,{G5A2-B4YC37RR-5599TCZY},10/04/2010 08:48:26,AKR0057,PC-2879,http://jobhuntersbible.com/WboUhagvat1258877042.aspx,initiative sales industry start concepts guidance resume permanent develop analyze relocation job responsibilities equivalent team hours people develop dynamic interface start contribute industry technologies people industry strong hours strong strong visual growth degree expert sales dynamic required required technologies degree multitask expert dynamic resume interface sales concepts dynamic
http,{K9Z1-A6JS66EC-9570HHDM},10/04/2010 09:45:51,AKR0057,PC-2879,http://harris.com/WboUhagvat1919385663.htm,people multitask responsibilities start part-time start multitask technologies experience management customer contribute concepts industry team sales job growth degree hours sales strong years industry on-time multiple management permanent visual benefits job years required concepts multitask permanent management permanent develop resume people dynamic strong permanent team
http,{Q1C1-T6SA13SL-8158BMXF},10/04/2010 09:51:40,AKR0057,PC-2879,http://monster.com/WboUhagvat1180707852.html,responsibilities responsibilities experience contribute start skills management contribute required expert degree dynamic people interface sales management growth customer guidance start initiative self equivalent interface degree platform required experience benefits job responsibilities concepts permanent hours responsibilities concepts job responsibilities technologies salary customer
http,{D8P3-F0NL39QN-8813KGSL},10/04/2010 18:17:31,AKR0057,PC-2879,http://boeing.com/WboUhagvat1904327536.htm,management years salary guidance passion required concepts report people sales hours customer dynamic interface process required resume concepts skills develop benefits report analyze contribute responsibilities sales growth management management process contribute engineer initiative report engineer on-time on-time skills skills required experience on-line customer equivalent permanent develop customer experience technologies compensation multiple people technologies on-time degree growth concepts industry multitask years skills
http,{N4L0-K3CJ35XG-5446REOY},10/05/2010 09:09:11,AKR0057,PC-2879,http://monster.com/WboUhagvat1180707852.html,report equivalent on-time platform people degree hours experience strong concepts customer passion passion sales interface multiple opening develop interface resume initiative report job experience resume hours skills technologies job skills years required dynamic report years platform sales concepts process interface passion years dynamic multitask experience strong interface contribute job strong multitask compensation required equivalent degree initiative management sales
http,{N2S3-J0EX85UN-3706OQMR},10/05/2010 09:24:56,AKR0057,PC-2879,http://raytheon.com/WboUhagvat343187784.jsp,analyze required develop passion guidance platform report years required permanent industry equivalent contribute part-time process platform hours sales multiple sales years industry sales responsibilities growth interface analyze experience interface analyze skills report part-time multiple multiple experience resume opening responsibilities concepts job multiple degree
http,{P4D6-A7PA79SG-6738SRYK},10/05/2010 09:29:51,AKR0057,PC-2879,http://lockheedmartin.com/WboUhagvat1636367808.htm,multitask analyze experience team hours sales equivalent platform responsibilities hours resume guidance experience years team visual on-time develop self sales responsibilities required equivalent benefits start required compensation experience develop expert resume dynamic industry years responsibilities resume customer
http,{G5Q3-H6DN01MV-6395FWMX},10/05/2010 10:08:52,AKR0057,PC-2879,http://craigslist.org/WboUhagvat1105403916.aspx,skills expert develop experience years analyze contribute team analyze dynamic expert experience recruiter job customer equivalent part-time technologies opening compensation job management skills skills strong start guidance multitask develop multitask skills opening compensation equivalent industry industry start initiative benefits multiple skills concepts customer job growth dynamic visual opening people resume growth multitask analyze experience resume required analyze technologies experience resume part-time start responsibilities benefits required industry strong opening analyze develop team initiative management
http,{I3T0-C4EB22UR-6265TUNB},10/05/2010 10:14:41,AKR0057,PC-2879,http://lockheedmartin.com/WboUhagvat1636367808.htm,dynamic starter skills required experience on-time strong experience degree on-time degree required visual start benefits platform degree engineer skills technologies process concepts years initiative degree salary visual analyze required customer benefits guidance growth report contribute responsibilities required passion passion equivalent dynamic degree on-time start growth management on-line equivalent equivalent
http,{E8A8-C4TW40TE-1879HMHS},10/05/2010 12:43:53,AKR0057,PC-2879,http://indeed.com/WboUhagvat1680703797.html,concepts sales opening experience resume customer opening degree resume multiple management on-line dynamic compensation growth technologies interface people sales team concepts
http,{B8L4-H0RT64VY-3912UFIB},10/06/2010 11:17:40,AKR0057,PC-2879,http://monster.com/WboUhagvat1180707852.html,customer technologies part-time skills management responsibilities multiple compensation required experience platform start contribute initiative part-time analyze develop develop skills develop contribute starter degree concepts skills required experience years technologies passion years on-time customer growth team passion contribute analyze team multitask equivalent years multitask analyze multitask interface compensation initiative sales benefits platform passion technologies team process required multitask resume skills experience equivalent analyze multitask multitask process industry
http,{I5K3-N4GL36VJ-6564ZOMI},10/06/2010 14:03:48,AKR0057,PC-2879,http://linkedin.com/WboUhagvat1479839504.aspx,permanent permanent skills equivalent resume equivalent job expert industry opening expert team multitask platform technologies management part-time passion technologies customer dynamic people team report strong on-time part-time start start resume opening visual resume platform analyze experience benefits job analyze years on-time industry permanent years skills
http,{O9X3-H5RQ99YW-1729HMAH},10/06/2010 14:13:30,AKR0057,PC-2879,http://aol.com/jobs/WboUhagvat1963819229.jsp,equivalent start start part-time resume industry report analyze years equivalent skills benefits passion report report experience team management equivalent required start relocation initiative degree start experience growth salary strong develop contribute multitask management sales multitask analyze starter multitask team compensation guidance
http,{T0J4-Y4GE15FR-5526VZFJ},10/06/2010 14:37:27,AKR0057,PC-2879,http://yahoo.com/hotjobs/WboUhagvat752138490.php,salary resume customer multitask develop management opening guidance team start sales platform strong passion interface multiple interface team people skills degree technologies contribute customer strong experience compensation responsibilities contribute dynamic skills recruiter strong experience on-time skills process responsibilities team experience interface skills develop job initiative skills multitask management
http,{J7A3-H8JL21JZ-1449VVBL},10/06/2010 16:00:32,AKR0057,PC-2879,http://careerbuilder.com/WboUhagvat660170997.htm,process process benefits job experience industry resume initiative relocation growth customer sales multiple degree equivalent resume develop degree experience team resume experience concepts required opening resume responsibilities strong report equivalent visual on-time degree self growth required initiative responsibilities management team customer degree engineer strong team degree
http,{J8P8-F1YG24CH-1238HDSY},10/06/2010 16:40:48,AKR0057,PC-2879,http://raytheon.com/WboUhagvat343187784.jsp,technologies compensation self expert starter equivalent passion resume strong strong years contribute benefits skills develop salary people on-time benefits skills part-time job expert growth equivalent passion technologies compensation sales growth equivalent passion degree required years process sales team contribute multitask process years resume benefits interface skills job benefits report expert technologies job analyze permanent part-time resume
http,{X1Y3-M0TI40UX-0696DYWY},10/06/2010 17:49:33,AKR0057,PC-2879,http://lockheedmartin.com/WboUhagvat1636367808.htm,develop management job customer sales multiple analyze growth initiative skills sales concepts skills management industry required customer dynamic required multitask people self experience customer experience expert benefits years contribute self initiative customer relocation strong industry required call guidance skills management guidance start years guidance platform contribute dynamic degree resume customer dynamic people develop skills
http,{E4T7-I9TO13CO-3477YAHG},10/06/2010 18:44:57,AKR0057,PC-2879,http://careerbuilder.com/WboUhagvat660170997.htm,on-line industry permanent concepts initiative customer report contribute management interface degree multitask customer report analyze benefits benefits opening job management concepts experience degree multitask opening people start on-line technologies develop multitask degree platform skills on-time passion industry responsibilities customer sales job initiative self concepts interface start process team expert people years technologies skills guidance passion develop report technologies resume
http,{D6Q6-W7MQ03HJ-1122RRTO},10/07/2010 12:41:32,AKR0057,PC-2879,http://simplyhired.com/WboUhagvat57469130.jsp,industry experience multitask develop technologies team permanent multiple growth start multiple experience permanent report process equivalent growth initiative recruiter concepts skills analyze job start team equivalent skills industry required job passion develop required required report report management job benefits skills equivalent customer contribute management analyze
http,{Y4L1-W7NC99DV-1702ZPNB},10/07/2010 13:25:13,AKR0057,PC-2879,http://yahoo.com/hotjobs/WboUhagvat752138490.php,skills equivalent opening sales multiple job dynamic dynamic dynamic part-time interface salary guidance multiple experience management equivalent compensation equivalent opening responsibilities people engineer platform years customer on-time sales required responsibilities years customer interface job hours experience sales experience develop guidance platform job resume responsibilities equivalent customer on-time years recruiter passion initiative customer guidance
http,{Y0F9-C3MI24UB-4701SZEL},10/07/2010 13:47:29,AKR0057,PC-2879,http://yahoo.com/hotjobs/WboUhagvat752138490.php,management analyze degree resume degree required technologies starter job degree experience technologies platform permanent concepts platform responsibilities multiple growth degree call multitask concepts dynamic team engineer concepts starter multitask equivalent experience dynamic relocation experience report passion people required report contribute required growth self resume benefits required required
http,{P3Y3-Z6HC48MG-7060JGSZ},10/07/2010 15:54:06,AKR0057,PC-2879,http://job-hunt.org/WboUhagvat919122234.html,dynamic skills starter dynamic skills job develop interface growth multitask opening required guidance degree years resume responsibilities dynamic report degree job platform salary contribute permanent team sales team years equivalent salary platform responsibilities experience benefits customer interface visual degree years resume opening start self resume years required passion
http,{T5V5-E5PF47BK-2442VJKV},10/07/2010 17:15:25,AKR0057,PC-2879,http://linkedin.com/WboUhagvat1479839504.aspx,develop experience customer initiative team passion management industry degree equivalent resume required guidance equivalent interface interface growth people resume platform team dynamic industry benefits multitask salary opening benefits experience required responsibilities contribute part-time initiative develop part-time equivalent guidance permanent skills contribute benefits report opening compensation team industry team multiple part-time concepts
http,{H1Z3-J0DN42JB-7531OTYV},10/07/2010 17:48:10,AKR0057,PC-2879,http://careerbuilder.com/WboUhagvat660170997.htm,experience report management start experience multitask management management concepts multitask management benefits technologies on-time equivalent industry develop interface multitask develop concepts recruiter report passion job technologies people multitask strong management skills benefits permanent starter salary responsibilities resume concepts contribute permanent equivalent develop compensation resume job equivalent
http,{G5P2-C6PK81GN-4328VFSJ},10/07/2010 18:04:45,AKR0057,PC-2879,http://job-hunt.org/WboUhagvat919122234.html,multiple initiative report engineer required management required degree contribute years on-line growth team sales start contribute call report visual resume on-time start required multitask technologies develop management platform dynamic management equivalent years opening people sales contribute multitask skills
http,{E3U1-Q3QY95KD-4376BMTK},10/08/2010 13:07:31,AKR0057,PC-2879,http://hp.com/WboUhagvat1944152218.jsp,required equivalent required on-time technologies growth on-time skills equivalent resume passion develop platform on-time permanent experience contribute sales salary industry sales develop sales hours multiple responsibilities industry platform responsibilities compensation develop visual expert salary concepts technologies concepts contribute industry contribute develop team strong opening
http,{F1F7-R1HU05VV-3230YSSQ},10/08/2010 13:58:36,AKR0057,PC-2879,http://linkedin.com/WboUhagvat1479839504.aspx,sales equivalent dynamic team team skills years team experience multitask years interface skills required sales dynamic platform technologies skills skills multiple part-time management team contribute technologies start team benefits technologies permanent multiple experience required opening contribute part-time multitask resume required people resume resume multitask people dynamic team resume team industry permanent sales equivalent engineer salary sales equivalent skills passion skills multiple years dynamic benefits responsibilities skills hours compensation growth growth platform multitask permanent dynamic start part-time report growth
http,{X0B9-R8ZZ69WZ-6507LYZK},10/08/2010 14:27:48,AKR0057,PC-2879,http://lockheedmartin.com/WboUhagvat1636367808.htm,degree self required growth equivalent resume growth part-time growth part-time concepts technologies years salary opening part-time team multiple strong years concepts dynamic develop people multitask job interface analyze resume people responsibilities concepts years team equivalent multitask industry management resume sales equivalent equivalent skills on-time multiple customer multitask resume recruiter management customer starter salary
http,{Y5R6-Y8BI10QD-7207PHTO},10/08/2010 15:52:50,AKR0057,PC-2879,http://harris.com/WboUhagvat1919385663.htm,customer passion report skills permanent management equivalent job permanent concepts strong compensation years management years process strong call sales responsibilities resume develop permanent multitask sales team resume expert opening resume on-time on-line experience expert passion management responsibilities self multiple benefits experience experience required
http,{Z9S3-T8EL81EF-9198CDOK},10/08/2010 17:14:59,AKR0057,PC-2879,http://northropgrumman.com/WboUhagvat572113271.aspx,multiple contribute multiple start visual initiative platform multiple platform required starter concepts team responsibilities required compensation platform interface technologies years multiple develop sales platform sales multiple resume dynamic interface years years initiative equivalent technologies platform expert develop contribute strong visual concepts job relocation multiple people job required
http,{H9N6-K7QR17KC-8659VSKL},10/08/2010 17:24:22,AKR0057,PC-2879,http://simplyhired.com/WboUhagvat57469130.jsp,recruiter process degree concepts self required multitask people customer experience part-time expert resume sales skills growth benefits industry initiative develop job required customer dynamic equivalent guidance dynamic dynamic management passion passion start growth
http,{N0T6-L6DD04WJ-3956IOJZ},10/08/2010 17:27:26,AKR0057,PC-2879,http://monster.com/WboUhagvat1180707852.html,equivalent industry years experience platform equivalent customer self years contribute skills degree sales industry multitask resume interface technologies guidance industry multitask opening contribute industry process resume technologies team dynamic customer dynamic platform initiative skills platform required team skills multiple interface equivalent platform industry compensation people benefits industry sales
http,{B6A5-H9WQ01TG-6929TTGI},10/08/2010 18:54:43,AKR0057,PC-2879,http://craigslist.org/WboUhagvat1105403916.aspx,years initiative dynamic skills contribute people permanent strong team process opening sales start skills customer relocation compensation team resume recruiter permanent team strong management skills customer initiative responsibilities equivalent benefits develop hours job job multiple skills process responsibilities skills passion responsibilities on-line responsibilities team benefits years dynamic management platform develop team degree people multiple required
http,{S0K8-Z0PM93XE-8331BXMV},10/11/2010 09:14:42,AKR0057,PC-2879,http://raytheon.com/WboUhagvat343187784.jsp,interface concepts visual degree contribute develop team industry starter degree sales opening dynamic develop process part-time opening dynamic industry on-time develop responsibilities job process skills team multiple multiple multiple start initiative people industry equivalent growth contribute equivalent guidance strong multiple guidance concepts start salary passion skills growth expert sales passion
http,{C9A7-H3XH90JJ-4846UVJL},10/11/2010 09:30:51,AKR0057,PC-2879,http://craigslist.org/WboUhagvat1105403916.aspx,platform strong concepts guidance start experience benefits concepts start degree growth contribute degree report opening platform equivalent benefits recruiter people strong interface management permanent equivalent process initiative growth on-time contribute engineer experience benefits customer growth sales develop customer develop strong expert opening multiple resume dynamic required interface management required team
http,{E0Q7-S5HV75RG-2658QBSP},10/11/2010 11:23:56,AKR0057,PC-2879,http://careerbuilder.com/WboUhagvat660170997.htm,degree sales start hours management technologies responsibilities responsibilities skills skills responsibilities growth process starter guidance experience resume interface call concepts experience starter interface required growth multiple job visual contribute people years dynamic degree experience responsibilities required skills guidance strong required dynamic skills guidance responsibilities skills required job experience part-time resume concepts sales analyze skills resume
http,{M9A7-T3ZM96DL-8909GOMR},10/11/2010 13:50:20,AKR0057,PC-2879,http://harris.com/WboUhagvat1919385663.htm,on-line multiple people initiative multiple customer permanent resume analyze sales expert passion analyze benefits experience expert skills job years multiple self opening skills equivalent benefits salary interface self job growth analyze start expert required people industry opening concepts required management industry passion experience permanent analyze multitask call analyze self process visual equivalent multitask growth concepts interface develop equivalent
http,{T7T5-V5XF72NZ-8287WPXR},10/11/2010 16:48:32,AKR0057,PC-2879,http://aol.com/jobs/WboUhagvat1963819229.jsp,growth team contribute expert required required process resume develop job call technologies degree multitask skills multitask resume responsibilities opening hours permanent passion management benefits required dynamic initiative expert interface opening passion permanent sales starter growth report responsibilities permanent customer team multitask skills concepts job strong industry contribute call technologies responsibilities salary multiple strong concepts expert strong permanent benefits resume required industry years people years permanent required years multitask management responsibilities job on-time degree
http,{D2N4-Z6OU51LL-2213CAWY},10/11/2010 18:02:37,AKR0057,PC-2879,http://yahoo.com/hotjobs/WboUhagvat752138490.php,required on-time equivalent contribute experience industry process responsibilities customer initiative engineer degree expert process start on-time multitask equivalent job dynamic growth initiative job on-time multiple permanent team degree initiative initiative management passion hours on-time equivalent develop team permanent degree job benefits equivalent process process resume team sales engineer sales job customer
http,{K4T8-Q4NL00CG-5892VPBI},10/12/2010 09:33:59,AKR0057,PC-2879,http://lockheedmartin.com/WboUhagvat1636367808.htm,skills years self growth job opening degree develop responsibilities skills degree guidance sales opening engineer growth skills concepts expert job customer multitask industry resume management years team multitask industry contribute industry visual passion job multitask degree management multitask concepts develop years job degree team skills equivalent resume responsibilities team responsibilities interface
http,{X0I9-L0AH47MD-4519OBQW},10/12/2010 10:48:28,AKR0057,PC-2879,http://hp.com/WboUhagvat1944152218.jsp,strong team analyze technologies job part-time required experience experience experience responsibilities guidance passion expert industry people team degree analyze equivalent passion interface resume customer job strong part-time customer equivalent start multiple guidance resume dynamic multiple job required guidance platform process
http,{O4O4-P2AZ52RP-3952FBOU},10/12/2010 15:21:19,AKR0057,PC-2879,http://job-hunt.org/WboUhagvat919122234.html,technologies contribute job hours concepts strong process report responsibilities skills technologies self hours process initiative team skills degree multitask report start sales industry growth contribute permanent experience responsibilities industry job equivalent team skills report growth develop
http,{W3R3-T8CU71RR-5624BMRG},10/12/2010 17:09:16,AKR0057,PC-2879,http://boeing.com/WboUhagvat1904327536.htm,job hours management report contribute degree growth multitask permanent develop analyze benefits opening visual self required start visual hours management develop skills initiative initiative analyze multiple multitask start initiative contribute opening multiple compensation on-time growth expert responsibilities multiple management sales experience customer hours skills relocation industry interface responsibilities sales technologies platform equivalent opening skills platform sales people technologies on-time platform contribute passion
http,{D6Q4-V2MZ19MO-2253PXED},10/12/2010 18:25:46,AKR0057,PC-2879,http://job-hunt.org/WboUhagvat919122234.html,develop initiative required degree equivalent concepts start passion concepts required resume industry contribute platform required team experience multitask equivalent platform skills multitask concepts resume resume visual multitask strong experience multitask responsibilities years skills initiative degree
http,{U9X7-U0ZX12FU-9499YCVL},10/13/2010 08:07:13,AKR0057,PC-2879,http://yahoo.com/hotjobs/WboUhagvat752138490.php,concepts team strong responsibilities starter resume multitask platform opening initiative visual technologies responsibilities part-time permanent growth responsibilities management customer job resume interface skills develop experience team resume multitask multiple on-time passion industry skills skills team management starter degree skills initiative people on-line degree concepts contribute engineer industry
http,{M1O3-K8EE49TF-2121RTWY},10/13/2010 08:49:42,AKR0057,PC-2879,http://raytheon.com/WboUhagvat343187784.jsp,expert customer permanent people analyze opening compensation job report start dynamic permanent experience multitask passion degree resume analyze hours resume guidance growth passion permanent resume expert opening visual job industry guidance contribute contribute self responsibilities multitask guidance industry skills required technologies on-time people customer customer process platform guidance years guidance permanent start people hours opening industry equivalent responsibilities interface compensation starter resume responsibilities resume
http,{E5V5-T5MN27UF-7374QDYE},10/13/2010 09:13:09,AKR0057,PC-2879,http://aol.com/jobs/WboUhagvat1963819229.jsp,passion on-time develop multiple technologies skills self technologies develop years team contribute process strong platform experience responsibilities engineer industry equivalent team process multiple develop skills team opening team years degree opening responsibilities management multiple multitask industry dynamic customer multitask
http,{S6F6-Q1NW48ON-0116LJEO},10/13/2010 10:07:15,AKR0057,PC-2879,http://job-hunt.org/WboUhagvat919122234.html,required permanent develop permanent start analyze strong required resume multitask dynamic strong multiple responsibilities opening platform permanent interface growth experience expert dynamic resume develop start growth engineer develop strong opening job management multiple contribute on-line technologies sales years industry self concepts resume initiative contribute passion
http,{K6U4-E9NY94KM-4793TRUK},10/13/2010 13:24:38,AKR0057,PC-2879,http://yahoo.com/hotjobs/WboUhagvat752138490.php,team team degree process growth equivalent engineer skills call team required resume dynamic required guidance growth required customer resume degree resume experience team growth multitask people start skills guidance multiple technologies responsibilities degree required opening engineer required resume responsibilities contribute contribute contribute required develop platform concepts team hours customer multiple customer contribute initiative equivalent people call job skills passion passion hours
http,{O3W5-A2GG67RD-0280SDXJ},10/13/2010 14:27:34,AKR0057,PC-2879,http://harris.com/WboUhagvat1919385663.htm,job experience report degree equivalent resume analyze technologies people interface required platform management passion multiple self degree guidance analyze years dynamic technologies responsibilities industry report engineer platform resume report opening passion multitask resume platform interface initiative experience on-time experience dynamic guidance on-time resume required people skills
http,{X3W9-L5CY01DS-0632MMFY},10/13/2010 14:30:32,AKR0057,PC-2879,http://lockheedmartin.com/WboUhagvat1636367808.htm,skills on-time customer interface sales contribute guidance degree contribute years develop technologies years multitask years experience resume relocation process team technologies people opening opening strong
http,{L9W6-C6EZ53GZ-7822OKBT},10/13/2010 15:59:15,AKR0057,PC-2879,http://northropgrumman.com/WboUhagvat572113271.aspx,degree required analyze industry strong growth self technologies degree job growth report interface people benefits strong on-time opening multiple dynamic dynamic management degree strong degree team benefits required start platform degree contribute experience degree interface responsibilities interface required resume sales report required on-time required concepts years sales passion start job platform industry industry self technologies management dynamic equivalent
http,{T6E6-J5YP24CB-4105UOND},10/13/2010 18:30:29,AKR0057,PC-2879,http://craigslist.org/WboUhagvat1105403916.aspx,guidance multiple develop responsibilities opening interface responsibilities sales equivalent people customer growth part-time customer equivalent degree degree on-time skills analyze multiple team responsibilities opening develop experience initiative hours develop dynamic on-time degree required analyze on-line responsibilities multitask technologies responsibilities
http,{W3J7-U3RC51PW-8800QKNH},10/14/2010 07:57:41,AKR0057,PC-2879,http://careerbuilder.com/WboUhagvat660170997.htm,passion job team concepts multitask benefits technologies process engineer self job industry on-line opening skills report self years resume on-time required responsibilities multiple technologies resume report opening equivalent job develop industry sales part-time growth permanent guidance team degree starter multiple interface years years multitask responsibilities process experience skills interface technologies sales dynamic guidance management responsibilities degree guidance interface dynamic degree resume responsibilities multiple start opening responsibilities degree equivalent
http,{E0V1-H6UX82ZC-6922BVQD},10/15/2010 13:40:09,AKR0057,PC-2879,http://craigslist.org/WboUhagvat1105403916.aspx,responsibilities interface growth multitask technologies multitask sales responsibilities dynamic process skills process experience experience interface responsibilities expert multitask team team benefits responsibilities equivalent people people passion sales people benefits equivalent strong people guidance people industry opening develop multitask expert technologies on-time compensation team analyze initiative team passion expert years people responsibilities relocation industry contribute report opening initiative customer equivalent people
http,{U2F8-Z6MV86NV-3750IIRZ},10/15/2010 13:45:13,AKR0057,PC-2879,http://yahoo.com/hotjobs/WboUhagvat752138490.php,required equivalent growth management strong growth starter required start years expert years contribute equivalent salary years responsibilities contribute resume required required starter skills degree opening recruiter part-time start passion multitask experience contribute process required team team people contribute customer
http,{D1B6-E1QC53TM-1918LYMA},10/15/2010 14:06:06,AKR0057,PC-2879,http://lockheedmartin.com/WboUhagvat1636367808.htm,multitask concepts industry start salary skills multiple skills expert degree degree platform experience start resume develop permanent benefits resume salary expert on-line experience years management multitask degree management benefits team team permanent contribute permanent multiple interface
http,{K0G1-T0RA61TX-9258WANT},10/15/2010 15:53:48,AKR0057,PC-2879,http://aol.com/jobs/WboUhagvat1963819229.jsp,guidance analyze report passion platform management part-time initiative benefits required experience management industry experience part-time team part-time concepts develop visual contribute job contribute technologies expert strong growth sales on-time degree industry report strong on-time customer passion team team analyze responsibilities sales on-line responsibilities people multitask growth job expert analyze interface compensation expert required resume concepts growth skills skills
http,{O0Z2-P5EB17GW-1178PPWT},10/15/2010 16:32:52,AKR0057,PC-2879,http://monster.com/WboUhagvat1180707852.html,benefits benefits hours engineer report industry people industry multiple resume sales dynamic contribute experience resume resume starter start start interface team years multitask management degree team interface develop responsibilities strong passion degree contribute multitask strong part-time degree responsibilities management industry multiple visual expert required passion resume on-time platform degree develop experience people multiple resume industry visual growth benefits required technologies years report passion
http,{U7A9-R5FP87LI-1212ERGG},10/15/2010 17:04:30,AKR0057,PC-2879,http://harris.com/WboUhagvat1919385663.htm,responsibilities strong sales passion multitask growth report resume multitask people sales benefits required management interface customer management analyze start benefits resume contribute recruiter technologies dynamic interface relocation responsibilities multiple customer customer contribute permanent job industry industry multiple expert develop resume skills multitask expert industry technologies team years job expert degree passion concepts starter multiple resume industry equivalent initiative passion passion report develop required on-line
http,{K2N5-M5ZD91PC-7151AHQF},10/15/2010 17:26:46,AKR0057,PC-2879,http://careerbuilder.com/WboUhagvat660170997.htm,responsibilities degree contribute customer growth guidance multiple management visual contribute self benefits interface team skills guidance growth develop salary skills compensation customer engineer strong concepts degree on-line responsibilities multiple on-time multiple visual experience contribute skills start experience
http,{A3R7-L0XT89JY-9714YQMV},10/15/2010 17:30:14,AKR0057,PC-2879,http://jobhuntersbible.com/WboUhagvat1258877042.aspx,job develop responsibilities compensation years responsibilities team interface equivalent analyze process growth platform experience required dynamic management resume job equivalent degree dynamic resume equivalent responsibilities customer required growth team permanent multitask management multitask dynamic degree degree management responsibilities salary
http,{F6F9-J4UD79OO-5828SXHB},10/15/2010 18:18:03,AKR0057,PC-2879,http://boeing.com/WboUhagvat1904327536.htm,contribute degree multiple technologies benefits on-time customer experience contribute hours passion responsibilities self team platform opening resume process degree experience platform years responsibilities skills passion self passion job experience required growth team hours benefits technologies required years required concepts customer report call multitask self degree experience process
http,{Y0V0-E1OQ53GA-9472SGVC},10/15/2010 18:37:56,AKR0057,PC-2879,http://simplyhired.com/WboUhagvat57469130.jsp,start develop compensation relocation sales sales strong management people platform experience start resume people responsibilities multitask skills job years start benefits on-time team initiative salary management develop job sales interface concepts skills customer self guidance growth skills self initiative skills on-time equivalent expert
http,{H3A0-L9DH87HX-7422TYEX},10/18/2010 08:28:17,AKR0057,PC-2879,http://yahoo.com/hotjobs/WboUhagvat752138490.php,team technologies part-time skills concepts skills people technologies responsibilities equivalent start dynamic initiative multitask degree analyze team team management self equivalent passion required passion resume multitask resume growth skills resume technologies skills sales responsibilities permanent expert start interface people industry skills skills passion interface skills resume passion equivalent team people on-time process resume team contribute
http,{A2O7-J4VN75XG-7120DDPM},10/18/2010 08:41:49,AKR0057,PC-2879,http://simplyhired.com/WboUhagvat57469130.jsp,years years responsibilities initiative interface sales develop skills platform strong required contribute dynamic passion develop technologies process skills resume resume contribute required skills report benefits relocation management people team required dynamic interface team sales opening degree experience interface multiple relocation management interface permanent experience self technologies multitask
http,{D3Z2-X6HZ96NF-1437QZDZ},10/18/2010 08:49:27,AKR0057,PC-2879,http://harris.com/WboUhagvat1919385663.htm,permanent team benefits industry resume growth starter platform management engineer on-time multiple experience technologies concepts dynamic benefits analyze skills industry concepts degree resume call opening benefits call permanent job concepts
http,{Z4U1-V5UH23NI-0360BHNI},10/18/2010 08:57:48,AKR0057,PC-2879,http://careerbuilder.com/WboUhagvat660170997.htm,hours call part-time equivalent skills concepts permanent on-time analyze strong strong experience degree call self required permanent technologies sales industry benefits process team degree opening interface technologies start technologies report responsibilities starter skills skills technologies years benefits degree management start self initiative management initiative strong benefits years experience dynamic initiative job
http,{N2J0-F3GJ38LH-2328TMUH},10/18/2010 09:05:40,AKR0057,PC-2879,http://simplyhired.com/WboUhagvat57469130.jsp,opening responsibilities job years sales growth industry degree concepts strong growth sales multiple years team skills required opening customer resume multiple people concepts resume degree required initiative required opening benefits contribute job degree management passion technologies degree benefits team passion technologies start resume
http,{E2I2-E6SZ50VD-8012IOEK},10/18/2010 09:30:35,AKR0057,PC-2879,http://job-hunt.org/WboUhagvat919122234.html,technologies customer required resume guidance develop team develop permanent multitask interface multiple concepts start skills salary starter benefits responsibilities passion team experience salary multitask permanent team experience resume job dynamic compensation years responsibilities initiative compensation degree job industry resume concepts
http,{I8Z6-F1XF89BS-0360EWPI},10/18/2010 14:34:00,AKR0057,PC-2879,http://monster.com/WboUhagvat1180707852.html,customer experience customer people technologies skills compensation multitask permanent passion sales multitask management resume dynamic management job industry technologies expert growth sales customer responsibilities opening interface experience multiple multitask growth strong passion required years resume multitask passion strong benefits skills on-line permanent people guidance dynamic contribute customer industry degree skills analyze develop passion initiative growth start responsibilities analyze starter management contribute benefits interface dynamic strong expert self expert compensation degree
http,{N1L2-C4ZV56KD-6011NAIV},10/18/2010 17:29:07,AKR0057,PC-2879,http://monster.com/WboUhagvat1180707852.html,industry experience analyze process required degree experience degree interface multiple contribute growth required resume resume skills permanent permanent guidance start people industry starter degree industry visual platform interface self job report expert years interface concepts
http,{F8C6-B5BD20YY-4592YZFT},10/19/2010 09:01:10,AKR0057,PC-2879,http://yahoo.com/hotjobs/WboUhagvat752138490.php,people develop initiative degree concepts engineer on-time industry on-line industry experience years start multiple responsibilities job years dynamic permanent equivalent management responsibilities technologies responsibilities passion opening concepts platform degree multiple report years analyze skills customer process self technologies required job sales guidance industry
http,{R6T3-A6EP39UI-7414PPWO},10/19/2010 11:48:34,AKR0057,PC-2879,http://northropgrumman.com/WboUhagvat572113271.aspx,contribute skills passion team industry platform opening responsibilities platform industry self engineer develop develop opening on-time on-time visual interface resume initiative opening customer team equivalent benefits degree industry interface
http,{K9T6-W0FS58WV-3588DSUV},10/19/2010 13:32:29,AKR0057,PC-2879,http://monster.com/WboUhagvat1180707852.html,multiple start job resume part-time guidance resume initiative multiple concepts multiple benefits resume contribute responsibilities years benefits customer on-time industry opening self required equivalent multitask initiative passion multitask engineer required responsibilities management management job responsibilities hours required sales sales contribute required required people years degree passion degree platform compensation multitask contribute permanent required growth
http,{P8S1-Y8WJ41CY-1662UNSD},10/19/2010 14:00:42,AKR0057,PC-2879,http://job-hunt.org/WboUhagvat919122234.html,customer process growth job process resume self experience team technologies resume resume team years management job equivalent interface customer hours required contribute multiple expert on-line dynamic resume responsibilities degree skills skills guidance growth concepts people multitask initiative team analyze resume resume degree part-time multiple starter required management team responsibilities customer platform benefits concepts responsibilities guidance
http,{F8B3-W7XA27TT-3416CCXL},10/20/2010 13:22:04,AKR0057,PC-2879,http://linkedin.com/WboUhagvat1479839504.aspx,passion management responsibilities salary on-time guidance years multiple team opening platform call management benefits responsibilities analyze required multiple develop sales analyze skills passion visual strong starter platform sales people experience equivalent industry customer required opening dynamic hours strong responsibilities benefits years industry team engineer concepts guidance benefits strong dynamic concepts people
http,{R3S2-J7AD55KN-7455DVPZ},10/20/2010 17:17:52,AKR0057,PC-2879,http://raytheon.com/WboUhagvat343187784.jsp,team passion start experience multiple job team experience starter responsibilities required contribute dynamic job develop skills analyze experience part-time initiative dynamic starter people platform part-time team analyze degree develop permanent degree opening start platform opening strong team equivalent team multitask resume resume experience dynamic visual resume multitask initiative job years develop platform
http,{M7H2-C4XR17OG-8550OZJR},10/21/2010 10:03:18,AKR0057,PC-2879,http://craigslist.org/WboUhagvat1105403916.aspx,opening multitask multitask salary start job required sales skills multitask multitask team permanent responsibilities part-time technologies responsibilities management degree degree on-time required equivalent visual team contribute dynamic process develop develop multiple interface
http,{K4M4-F2HD60NF-5906HGJW},10/21/2010 13:42:38,AKR0057,PC-2879,http://boeing.com/WboUhagvat1904327536.htm,process multiple process customer process job resume degree start opening dynamic skills resume guidance passion platform multiple people equivalent passion visual contribute expert opening opening passion equivalent strong on-time years compensation guidance contribute contribute starter team degree resume required equivalent equivalent develop dynamic years opening multitask customer growth on-line
http,{I6A9-Q4AU43EO-0194IENO},10/21/2010 14:07:13,AKR0057,PC-2879,http://hp.com/WboUhagvat1944152218.jsp,benefits report contribute guidance on-time dynamic contribute skills start report degree contribute sales concepts visual hours process contribute expert responsibilities experience passion technologies
http,{G7D3-L3EP53LV-0773VBSB},10/21/2010 14:52:46,AKR0057,PC-2879,http://job-hunt.org/WboUhagvat919122234.html,degree contribute develop self on-time people degree technologies responsibilities customer concepts permanent required years multitask part-time skills skills responsibilities develop industry skills technologies engineer opening customer growth people experience experience required self team experience skills hours team skills responsibilities start experience compensation growth benefits compensation sales responsibilities growth equivalent required guidance
http,{F7Z5-Q6VM61CD-8954ZFOH},10/21/2010 15:32:17,AKR0057,PC-2879,http://indeed.com/WboUhagvat1680703797.html,visual contribute visual multiple initiative skills management degree team concepts process permanent compensation develop industry platform industry growth job customer responsibilities process multitask dynamic resume start customer years experience multiple develop experience strong industry guidance passion skills degree multiple customer platform dynamic experience growth skills resume industry hours
http,{Y3O1-B1DR70EJ-3224XSFS},10/21/2010 15:47:17,AKR0057,PC-2879,http://hp.com/WboUhagvat1944152218.jsp,degree develop customer platform multiple technologies platform sales multiple required years opening growth report degree starter start customer develop dynamic multiple strong concepts responsibilities interface dynamic sales job technologies required passion team skills required analyze management multitask team years people industry multiple process technologies
http,{T7Q7-H5TL68MH-4502FJOB},10/21/2010 18:32:08,AKR0057,PC-2879,http://raytheon.com/WboUhagvat343187784.jsp,management management industry analyze equivalent required contribute dynamic skills skills strong management required guidance customer opening responsibilities responsibilities initiative passion report people starter team required multiple
http,{L1F7-J9WX27IW-9764VVWC},10/22/2010 08:25:12,AKR0057,PC-2879,http://simplyhired.com/WboUhagvat57469130.jsp,management salary permanent interface multitask dynamic on-time people develop start passion team part-time industry multiple on-time dynamic responsibilities interface required interface contribute multitask responsibilities management years contribute report develop guidance resume platform required team management contribute self technologies on-time growth years relocation permanent multitask skills strong team sales platform platform equivalent engineer required sales technologies
http,{V5K9-Q1DB75IH-1412BGQJ},10/22/2010 09:04:58,AKR0057,PC-2879,http://northropgrumman.com/WboUhagvat572113271.aspx,contribute responsibilities equivalent team multitask interface job process permanent degree strong guidance multitask customer hours passion analyze job skills interface concepts experience benefits multiple contribute expert multiple multiple contribute part-time multitask permanent required team responsibilities multiple resume on-time start multitask guidance strong responsibilities people job responsibilities concepts people resume guidance interface analyze strong visual report visual equivalent multitask
http,{R1Y0-M4IQ19XP-6857ZEUZ},10/22/2010 09:21:16,AKR0057,PC-2879,http://harris.com/WboUhagvat1919385663.htm,multiple salary technologies guidance resume guidance self job start compensation years degree interface passion skills strong interface process multitask start hours hours team hours skills hours sales responsibilities dynamic on-time concepts customer sales multitask customer permanent guidance strong opening dynamic degree management customer multitask contribute platform resume years part-time benefits dynamic
http,{A4M0-L0TR95JN-1935GHRT},10/22/2010 09:56:30,AKR0057,PC-2879,http://jobhuntersbible.com/WboUhagvat1258877042.aspx,multitask platform team platform customer interface skills report permanent management guidance industry expert job benefits on-time process develop team platform call concepts job equivalent contribute team initiative contribute process opening resume on-line initiative technologies on-time hours years on-time skills years skills benefits multiple responsibilities engineer experience passion required opening platform resume industry
http,{A5T6-J9FW97BM-8329YEJM},10/22/2010 09:59:46,AKR0057,PC-2879,http://jobhuntersbible.com/WboUhagvat1258877042.aspx,permanent resume dynamic process job skills responsibilities resume dynamic equivalent self management years resume permanent required management experience opening management starter multiple engineer industry customer report people guidance part-time expert passion starter on-line sales multitask job analyze benefits starter sales start starter required technologies self required resume start industry
http,{U6F6-F9JP32TL-1911BILI},10/22/2010 10:40:31,AKR0057,PC-2879,http://yahoo.com/hotjobs/WboUhagvat752138490.php,customer initiative passion dynamic multiple team opening resume guidance compensation on-time contribute growth multitask starter people multiple permanent recruiter part-time equivalent salary required experience people growth sales years multiple multiple expert passion opening degree multitask initiative degree platform people customer management customer platform passion industry platform on-time customer job skills
http,{J3V3-P6ZP32XS-6694EWUD},10/22/2010 11:15:30,AKR0057,PC-2879,http://raytheon.com/WboUhagvat343187784.jsp,growth concepts self years contribute skills opening multiple interface report dynamic team experience recruiter degree experience sales strong multitask experience develop industry multitask responsibilities skills required dynamic salary responsibilities skills compensation starter guidance experience equivalent passion experience industry on-time platform dynamic passion develop develop opening process multitask on-line
http,{U6A7-W5FR12FP-0227CIXG},10/22/2010 12:48:46,AKR0057,PC-2879,http://jobhuntersbible.com/WboUhagvat1258877042.aspx,compensation develop skills develop multiple guidance responsibilities dynamic technologies benefits equivalent multiple equivalent starter recruiter concepts skills job multitask team compensation responsibilities passion strong industry start report customer skills expert responsibilities management passion industry opening initiative skills team equivalent technologies concepts initiative strong growth process skills platform benefits develop years degree
http,{L9Y9-Q3GQ93GE-3779QSGC},10/22/2010 16:42:19,AKR0057,PC-2879,http://raytheon.com/WboUhagvat343187784.jsp,sales resume initiative job starter experience equivalent team analyze customer skills growth permanent multiple recruiter skills sales team management contribute required hours skills resume technologies team report people report multitask degree engineer opening concepts management compensation experience degree strong team permanent compensation degree
http,{S3C1-I1ZH79UF-1895ABBO},10/25/2010 12:44:06,AKR0057,PC-2879,http://careerbuilder.com/WboUhagvat660170997.htm,people concepts customer equivalent job benefits concepts guidance experience degree responsibilities concepts team people degree years multiple multiple engineer degree experience call multitask sales team contribute benefits years resume skills dynamic resume resume equivalent skills multiple benefits self skills process analyze management management job technologies years multitask expert compensation years degree degree concepts
http,{R9D7-J6VI08XS-4335XUIM},10/25/2010 13:12:13,AKR0057,PC-2879,http://yahoo.com/hotjobs/WboUhagvat752138490.php,initiative skills report years permanent people develop strong process opening customer concepts degree process degree responsibilities benefits concepts management degree multitask experience initiative initiative concepts interface years benefits technologies on-line contribute interface management develop multitask responsibilities initiative self growth technologies report concepts
http,{F0T1-T2YM77RR-3975HLPQ},10/25/2010 14:46:40,AKR0057,PC-2879,http://raytheon.com/WboUhagvat343187784.jsp,compensation people years platform degree contribute report customer analyze platform report engineer initiative responsibilities resume on-time contribute report initiative report interface resume management guidance customer visual hours interface part-time start visual industry customer technologies multitask strong job
http,{H3G8-X3PK33MY-9046DRHS},10/25/2010 15:01:59,AKR0057,PC-2879,http://yahoo.com/hotjobs/WboUhagvat752138490.php,interface required management salary required job interface platform dynamic required contribute team report interface industry part-time strong resume expert expert compensation multitask permanent multitask report sales resume guidance benefits strong resume required resume required opening growth opening responsibilities develop experience growth degree skills management skills passion job
http,{H9T8-J0FQ43AN-0592UMCL},10/25/2010 16:51:51,AKR0057,PC-2879,http://northropgrumman.com/WboUhagvat572113271.aspx,multitask responsibilities permanent sales required start dynamic degree sales sales growth multitask opening multitask industry degree self passion technologies skills contribute industry dynamic dynamic customer skills process platform degree start technologies interface permanent platform people people opening experience passion platform contribute people develop hours guidance platform dynamic platform contribute required management resume degree
http,{W0J7-H8JN78AZ-1187HPJI},10/25/2010 17:08:31,AKR0057,PC-2879,http://linkedin.com/WboUhagvat1479839504.aspx,job initiative skills equivalent concepts industry industry on-time contribute job platform management on-time skills develop analyze develop resume start passion equivalent concepts people start industry develop guidance customer contribute contribute team contribute opening develop growth interface skills concepts report experience expert develop experience contribute expert platform multitask expert responsibilities resume hours team management team compensation benefits on-time management job years team visual industry growth resume years required
http,{E2Z3-U6VW88HK-8939LURG},10/25/2010 17:58:51,AKR0057,PC-2879,http://yahoo.com/hotjobs/WboUhagvat752138490.php,degree report develop benefits job self industry degree skills engineer required interface growth process strong job resume report process contribute job multiple initiative customer permanent growth responsibilities start passion starter develop start growth team skills people dynamic part-time people multiple contribute job multiple starter multitask initiative part-time starter opening
http,{L2N4-Q6DX78EH-6673CSUI},10/25/2010 18:20:09,AKR0057,PC-2879,http://careerbuilder.com/WboUhagvat660170997.htm,resume sales required resume strong guidance responsibilities multitask permanent platform salary guidance multiple interface resume multiple initiative team interface starter permanent responsibilities process resume sales years self on-line interface years dynamic technologies report management permanent responsibilities resume strong responsibilities industry degree benefits resume equivalent benefits on-line
http,{N2G5-E6AI42VU-5007QIPD},10/25/2010 18:44:27,AKR0057,PC-2879,http://lockheedmartin.com/WboUhagvat1636367808.htm,degree permanent job compensation experience multiple management equivalent on-time experience experience dynamic required years concepts experience passion interface contribute visual interface dynamic report degree resume skills resume platform skills resume engineer sales people expert growth
http,{P9V6-R1RG33LX-0526TERE},10/25/2010 18:47:58,AKR0057,PC-2879,http://linkedin.com/WboUhagvat1479839504.aspx,required platform industry contribute platform passion skills part-time opening platform opening analyze initiative degree experience on-time process responsibilities analyze strong self start years experience engineer benefits team multitask dynamic dynamic management process experience resume technologies strong visual customer resume
http,{C8Q8-O2MC34DN-2198LJLW},10/26/2010 08:13:27,AKR0057,PC-2879,http://indeed.com/WboUhagvat1680703797.html,hours degree years dynamic years platform compensation concepts technologies concepts responsibilities opening analyze skills years responsibilities team industry job initiative contribute recruiter resume experience required
http,{C5Z3-L6GE55KF-0676MAQE},10/26/2010 08:35:06,AKR0057,PC-2879,http://aol.com/jobs/WboUhagvat1963819229.jsp,sales start opening expert permanent develop concepts multitask multiple engineer contribute multiple team years responsibilities dynamic dynamic contribute multiple passion people degree growth years recruiter recruiter report sales opening customer industry years technologies start equivalent growth skills responsibilities skills growth dynamic required multitask visual resume management opening interface
http,{E2M1-G4TQ09BK-8774DBEN},10/26/2010 09:11:13,AKR0057,PC-2879,http://craigslist.org/WboUhagvat1105403916.aspx,required skills starter management industry passion required contribute degree initiative develop starter skills expert starter multitask hours on-line expert multitask required responsibilities experience sales sales interface guidance team technologies starter initiative passion platform interface multitask degree experience passion resume industry required expert experience degree resume team benefits contribute industry technologies call concepts hours opening
http,{J8I8-S4PA14RK-3483ENSM},10/26/2010 09:22:23,AKR0057,PC-2879,http://job-hunt.org/WboUhagvat919122234.html,passion customer growth salary customer responsibilities develop concepts job platform resume multiple strong develop starter interface permanent on-time industry multiple starter resume contribute skills degree years experience on-line contribute hours multiple contribute report passion interface customer strong industry dynamic responsibilities industry concepts compensation initiative multitask salary technologies concepts required
http,{H1D7-V4UG52OH-7236GYSK},10/26/2010 09:55:34,AKR0057,PC-2879,http://raytheon.com/WboUhagvat343187784.jsp,platform sales experience growth required expert team technologies on-time resume concepts resume job hours multiple multiple on-line opening passion on-line experience starter passion interface management develop technologies customer required analyze management management permanent part-time customer report hours permanent strong
http,{E0E7-A4SR42MO-9822NNAU},10/26/2010 09:57:47,AKR0057,PC-2879,http://indeed.com/WboUhagvat1680703797.html,self part-time report team compensation multitask responsibilities relocation industry team permanent on-time hours technologies industry recruiter technologies people technologies relocation responsibilities multitask skills multitask multiple customer expert guidance benefits part-time multiple team responsibilities on-time years develop required degree benefits people recruiter part-time job experience customer expert call customer guidance opening sales resume multiple multitask industry industry multitask interface
http,{E4L9-F1XD17BS-3929EMXF},10/26/2010 14:52:50,AKR0057,PC-2879,http://harris.com/WboUhagvat1919385663.htm,hours concepts dynamic passion analyze compensation growth team compensation multitask customer customer multitask passion interface customer experience concepts initiative compensation expert self years benefits contribute passion resume responsibilities interface strong responsibilities equivalent experience multiple equivalent contribute platform start starter expert process passion customer
http,{L3D4-P9EA35LY-0609RGCQ},10/26/2010 15:47:54,AKR0057,PC-2879,http://harris.com/WboUhagvat1919385663.htm,develop report required contribute years industry start dynamic degree management concepts starter experience experience on-line skills multiple dynamic years report part-time responsibilities platform interface interface sales responsibilities required dynamic sales part-time years equivalent starter people team benefits technologies expert degree skills customer responsibilities responsibilities customer years customer years report opening responsibilities guidance process opening multiple experience customer benefits multitask expert contribute required responsibilities degree expert required customer on-time resume contribute
http,{F9T8-J0DD39PC-3835EMBF},10/27/2010 11:00:38,AKR0057,PC-2879,http://craigslist.org/WboUhagvat1105403916.aspx,degree passion people required team degree contribute resume permanent start experience multitask required report customer on-line salary years develop platform degree opening skills contribute opening interface concepts platform sales multitask multiple degree passion skills concepts management on-line degree guidance multiple contribute salary self initiative start develop process initiative analyze contribute responsibilities multitask process passion hours
http,{B3F4-T2RG55MN-8084QBYP},10/28/2010 09:47:48,AKR0057,PC-2879,http://aol.com/jobs/WboUhagvat1963819229.jsp,years start report years platform concepts opening dynamic customer develop equivalent expert experience equivalent strong customer report job team on-time industry benefits process job salary industry years resume team contribute people job salary responsibilities customer team multiple multitask multitask process resume job industry team management job benefits years team sales strong passion experience compensation permanent job contribute self growth contribute skills experience permanent start
http,{R3M0-J0YI95QT-6482QVKG},10/28/2010 13:15:44,AKR0057,PC-2879,http://aol.com/jobs/WboUhagvat1963819229.jsp,benefits industry expert skills skills guidance contribute start customer team people relocation contribute hours sales passion report salary permanent industry self degree permanent technologies engineer team report years guidance people required job technologies permanent interface expert strong dynamic
http,{U9C3-R5QF83QY-9305WAAQ},10/28/2010 15:06:00,AKR0057,PC-2879,http://monster.com/WboUhagvat1180707852.html,start multitask sales resume responsibilities start compensation analyze job multiple interface initiative salary opening initiative skills start dynamic dynamic initiative years required opening interface equivalent part-time multiple concepts degree years skills permanent guidance contribute degree strong expert visual visual expert team strong multitask strong dynamic technologies management years on-time passion technologies customer customer concepts technologies resume
http,{O2V6-A0CV60HA-4063WFFO},10/28/2010 18:47:04,AKR0057,PC-2879,http://aol.com/jobs/WboUhagvat1963819229.jsp,customer people permanent opening skills strong permanent resume team concepts multiple equivalent develop contribute concepts dynamic interface initiative required sales resume sales experience multitask people report degree responsibilities passion strong salary job experience years passion platform develop skills growth responsibilities responsibilities years years equivalent passion opening technologies multitask interface initiative management
http,{U4P8-B8LH29IY-9326KDBA},10/29/2010 10:57:21,AKR0057,PC-2879,http://simplyhired.com/WboUhagvat57469130.jsp,sales platform responsibilities customer skills job start resume equivalent passion responsibilities industry years skills experience industry required engineer sales skills customer technologies multiple concepts report team skills multiple responsibilities growth opening engineer starter team required
http,{C6A3-G4SI59KP-9856NJSM},10/29/2010 13:54:20,AKR0057,PC-2879,http://harris.com/WboUhagvat1919385663.htm,degree benefits self interface benefits equivalent concepts start self team analyze management responsibilities process develop sales guidance call resume degree benefits initiative skills guidance multitask dynamic sales degree industry strong experience self develop start strong sales initiative concepts sales analyze degree multiple years experience multiple industry
http,{N0E4-X6QB33AP-0649XDNL},10/29/2010 14:16:28,AKR0057,PC-2879,http://linkedin.com/WboUhagvat1479839504.aspx,degree technologies responsibilities salary start technologies on-line customer benefits benefits industry dynamic experience opening job people technologies interface equivalent sales start technologies permanent on-time team industry resume growth multiple sales contribute part-time responsibilities strong technologies management develop develop skills sales multitask initiative hours concepts experience platform required concepts required report years degree degree visual experience develop contribute dynamic resume equivalent opening team
http,{L3W1-C1PW16JY-2106DQMQ},10/29/2010 15:03:31,AKR0057,PC-2879,http://linkedin.com/WboUhagvat1479839504.aspx,benefits job degree on-time multitask interface initiative growth benefits sales expert on-time on-line starter expert people develop years permanent customer contribute growth management equivalent job degree engineer develop interface call growth resume technologies skills required initiative people develop experience people growth start platform equivalent on-time report skills customer part-time team
http,{R7V5-D5HJ12XU-1872ODEK},10/29/2010 16:02:52,AKR0057,PC-2879,http://job-hunt.org/WboUhagvat919122234.html,equivalent team skills expert responsibilities customer on-time customer multiple on-time contribute years customer concepts sales responsibilities guidance multiple guidance strong guidance experience opening concepts develop multitask team skills passion process on-line multitask resume contribute industry job develop hours skills industry benefits resume
http,{Z1X5-K5AL13AV-0963GKIZ},10/29/2010 16:09:19,AKR0057,PC-2879,http://lockheedmartin.com/WboUhagvat1636367808.htm,customer equivalent report concepts customer required recruiter platform people hours salary responsibilities strong customer concepts multiple team passion initiative process degree benefits permanent platform equivalent responsibilities technologies dynamic initiative sales initiative multiple industry years starter responsibilities develop initiative experience team years degree management degree
http,{G9O7-I5RS54NQ-5334AWYX},10/29/2010 17:38:04,AKR0057,PC-2879,http://monster.com/WboUhagvat1180707852.html,process multiple benefits industry responsibilities sales required multiple develop customer responsibilities dynamic skills report concepts interface management start on-time sales start sales process on-time passion multiple self growth industry required multiple required benefits years hours strong growth starter job growth initiative equivalent people salary multitask benefits experience equivalent concepts develop team multitask skills multiple
http,{B7O8-V6AI43LO-4471LGZL},10/29/2010 18:33:21,AKR0057,PC-2879,http://yahoo.com/hotjobs/WboUhagvat752138490.php,permanent process multiple experience dynamic growth degree degree start report industry experience years required multiple platform multitask experience multitask sales develop initiative team equivalent required degree opening process passion benefits sales multiple job industry guidance multiple years analyze degree skills resume initiative skills sales interface industry
http,{P3B2-M3TS47DH-0912RTOU},11/01/2010 08:08:47,AKR0057,PC-2879,http://aol.com/jobs/WboUhagvat1963819229.jsp,starter guidance dynamic dynamic expert strong interface growth analyze develop required equivalent sales equivalent multiple salary engineer management permanent hours team start concepts interface multiple experience opening multitask resume job start compensation contribute industry management years strong job team report
http,{M1C7-N5GF78PN-5178TMTN},11/01/2010 09:13:20,AKR0057,PC-2879,http://simplyhired.com/WboUhagvat57469130.jsp,strong interface growth permanent dynamic required resume expert compensation sales industry contribute platform interface benefits years platform benefits job industry contribute guidance develop visual required strong visual contribute contribute part-time passion job years report initiative growth on-line job permanent required required responsibilities responsibilities
