type,id,date,user,pc,to,cc,bcc,from,size,attachments,content
email,{F1P4-I1QZ17KL-6796USVK},10/22/2010 10:37:43,EDB0714,PC-6103,Wang_Cohen@raytheon.com,,,Eden.Deborah.Ball@dtaa.com,18924,4,on-time initiative years customer passion guidance job technologies degree multiple team expert technologies start people initiative team customer interface required job people visual required customer on-line multiple equivalent permanent start equivalent experience experience skills guidance multitask
email,{Z5T2-E1WU25PR-1731KYEN},10/22/2010 11:57:28,EDB0714,PC-6103,Wang_Cohen@raytheon.com,,,Eden.Deborah.Ball@dtaa.com,26688,0,opening passion passion dynamic self experience job multiple initiative self management opening permanent skills multitask experience develop multitask start technologies dynamic recruiter dynamic multitask experience experience dynamic multitask required equivalent technologies job industry process multitask multiple opening years analyze experience multitask required opening develop resume industry
email,{A9H6-K6HJ28AP-2437AHCQ},10/27/2010 10:52:19,EDB0714,PC-6103,Wang_Cohen@raytheon.com,,,Eden.Deborah.Ball@dtaa.com,30113,2,resume experience platform contribute management strong responsibilities degree contribute platform initiative on-time required develop required interface team resume strong equivalent opening experience management degree sales concepts permanent equivalent salary on-time responsibilities visual develop resume passion opening experience multiple develop contribute multitask management equivalent required management part-time starter responsibilities degree develop customer process
email,{R0G0-O5CF84TO-9101BRCC},10/27/2010 15:21:45,EDB0714,PC-6103,Wang_Cohen@raytheon.com,,,Eden.Deborah.Ball@dtaa.com,22070,0,responsibilities opening management management degree sales team salary contribute industry experience years people sales skills compensation compensation technologies interface years skills required initiative growth resume sales equivalent on-line initiative call dynamic people multitask benefits people multitask required responsibilities job years initiative initiative multitask management multitask opening years job develop technologies
email,{S8D0-G6LS70XE-2179CEFZ},10/27/2010 15:29:33,EDB0714,PC-6103,Wang_Cohen@raytheon.com,,,Eden.Deborah.Ball@dtaa.com,27181,0,concepts platform contribute platform required sales growth job contribute start opening experience experience expert initiative management engineer multiple sales responsibilities recruiter resume customer multitask initiative compensation degree strong multitask opening engineer strong on-line interface opening benefits resume initiative required platform multiple years team resume required develop dynamic skills visual permanent industry engineer initiative on-time degree
email,{F9P9-J5FE57GK-9849CHMJ},10/28/2010 08:02:19,EDB0714,PC-6103,Wang_Cohen@raytheon.com,,,Eden.Deborah.Ball@dtaa.com,27648,0,experience develop required on-time experience customer analyze start technologies management industry analyze skills strong management analyze required concepts job years industry industry start recruiter team growth multitask technologies equivalent management industry analyze hours people skills growth required experience concepts permanent equivalent years on-time starter opening technologies develop technologies dynamic permanent customer initiative report customer responsibilities strong years
email,{B3X7-Y7TW18KX-1780AHAZ},11/01/2010 08:30:11,EDB0714,PC-6103,Wang_Cohen@raytheon.com,,,Eden.Deborah.Ball@dtaa.com,21532,0,responsibilities opening equivalent years start multiple platform resume expert experience team experience team technologies multitask platform years permanent equivalent experience platform passion responsibilities hours platform job part-time initiative contribute technologies growth opening technologies concepts report report people management expert multitask start on-time industry job guidance develop strong visual part-time years responsibilities degree degree platform sales responsibilities
email,{U0O4-Q5CN79NX-9572BHOS},11/01/2010 12:48:36,EDB0714,PC-6103,Wang_Cohen@raytheon.com,,,Eden.Deborah.Ball@dtaa.com,22169,0,customer concepts concepts passion passion growth passion experience contribute self team strong platform team report multitask expert skills growth years responsibilities process benefits responsibilities passion skills multitask required report years on-time technologies contribute sales responsibilities opening interface equivalent
email,{U2N4-J4YV24NU-4198ZUQW},11/01/2010 13:53:39,EDB0714,PC-6103,Wang_Cohen@raytheon.com,,,Eden.Deborah.Ball@dtaa.com,17378,1,multitask dynamic process team develop multiple platform degree people management growth growth multitask technologies on-time salary team customer expert passion salary customer contribute sales guidance required customer degree passion contribute expert job resume hours salary on-time on-time develop technologies years strong required team team job people required
email,{L6K9-N5EB54XK-7665SHMP},11/05/2010 07:45:45,EDB0714,PC-6103,Wang_Cohen@raytheon.com,,,Eden.Deborah.Ball@dtaa.com,19188,0,compensation benefits salary relocation industry experience multiple industry industry contribute sales growth contribute initiative responsibilities self contribute multitask experience degree experience people management on-time strong multiple degree multitask platform required platform required job degree responsibilities job resume job
email,{S2F4-F5ZL53EI-0196ZKCR},11/05/2010 11:13:48,EDB0714,PC-6103,Wang_Cohen@raytheon.com,,,Eden.Deborah.Ball@dtaa.com,24465,0,technologies experience resume guidance industry industry part-time required management on-line develop growth develop technologies part-time on-line multiple industry report growth skills multitask develop responsibilities contribute strong years degree resume concepts contribute responsibilities multitask required guidance strong passion customer multiple passion customer analyze equivalent benefits on-time multitask contribute sales multitask hours team industry interface dynamic strong opening on-time permanent responsibilities concepts strong part-time
email,{Z7I8-J4KK34VN-4050HAZA},11/05/2010 14:43:27,EDB0714,PC-6103,Wang_Cohen@raytheon.com,,,Eden.Deborah.Ball@dtaa.com,16999,1,dynamic management industry resume opening multitask platform experience report passion management equivalent multitask team industry guidance contribute sales strong industry part-time report expert on-line on-time team multitask growth salary required multiple develop management initiative
email,{X5E9-W0UJ05NE-9430CQWI},11/08/2010 10:00:36,EDB0714,PC-6103,Wang_Cohen@raytheon.com,,,Eden.Deborah.Ball@dtaa.com,21059,0,responsibilities experience required degree platform resume contribute degree skills experience contribute concepts skills part-time process resume permanent technologies experience management industry responsibilities technologies multiple compensation contribute required contribute permanent guidance responsibilities initiative platform required resume people opening management team benefits dynamic customer customer experience management management develop
email,{M2P4-C3WX48LO-8164HDLA},11/08/2010 12:41:10,EDB0714,PC-6103,Wang_Cohen@raytheon.com,,,Eden.Deborah.Ball@dtaa.com,31502,2,start sales analyze multitask technologies strong job on-time job growth develop experience sales multiple opening multiple salary passion passion compensation resume opening
email,{F1Z0-G2TW30ZY-4626RFIS},11/08/2010 16:14:21,EDB0714,PC-6103,Wang_Cohen@raytheon.com,,,Eden.Deborah.Ball@dtaa.com,39674,1,job required expert team interface skills benefits multitask expert resume salary concepts sales team benefits visual experience platform interface self growth technologies engineer on-time engineer resume industry develop expert platform team process responsibilities benefits develop required contribute interface customer report technologies resume skills job hours team analyze passion customer interface sales multiple equivalent years initiative degree hours resume management concepts resume skills opening required required benefits contribute management
email,{D6L1-E6DR53NH-5842NHNX},11/11/2010 15:16:46,EDB0714,PC-6103,Wang_Cohen@raytheon.com,,,Eden.Deborah.Ball@dtaa.com,30668,0,industry technologies years experience contribute start industry customer growth contribute customer opening customer resume required skills multitask permanent analyze team start growth multitask report strong growth team benefits strong part-time guidance management required initiative develop years passion responsibilities develop sales analyze dynamic job resume recruiter guidance contribute responsibilities multiple compensation people technologies team contribute strong team contribute resume job multitask job platform develop multiple platform
email,{D5Z5-Y2PE39DH-6025BKLZ},11/15/2010 09:55:19,EDB0714,PC-6103,Wang_Cohen@raytheon.com,,,Eden.Deborah.Ball@dtaa.com,73503,0,management years skills resume permanent multiple interface multiple strong growth interface interface salary customer platform required visual permanent engineer interface benefits multitask analyze required sales relocation sales equivalent experience passion years technologies contribute skills hours years industry degree permanent equivalent management job concepts report growth opening concepts starter dynamic guidance job skills develop sales customer responsibilities compensation skills required opening job develop initiative experience
email,{C4W4-X0ZN85VS-4855ZRSU},11/15/2010 13:54:49,EDB0714,PC-6103,Wang_Cohen@raytheon.com,,,Eden.Deborah.Ball@dtaa.com,19550,1,years industry team report start experience concepts resume years resume visual dynamic people interface equivalent team initiative passion job industry self part-time develop degree opening multiple industry dynamic required multitask hours start concepts report responsibilities start team starter multiple experience concepts technologies customer concepts experience job platform multiple multitask skills responsibilities technologies team
email,{Y1M5-H5SD11RQ-1714ECBK},11/15/2010 15:03:02,EDB0714,PC-6103,Wang_Cohen@raytheon.com,,,Eden.Deborah.Ball@dtaa.com,30663,2,degree starter experience industry years experience experience technologies job team equivalent industry concepts contribute concepts starter management dynamic permanent sales growth people benefits on-line years hours strong process concepts multitask interface skills engineer customer compensation skills starter strong report job job customer management benefits technologies years contribute concepts process permanent responsibilities team benefits analyze
email,{L0C3-K9MC09RW-6593DJTH},11/29/2010 12:19:59,EDB0714,PC-6103,Alan.Benjamin.Holder@dtaa.com,,,Eden.Deborah.Ball@dtaa.com,18103,0,position interview interview resignation notice of my interview resign notice 2 notice opportunity resignation 2 exit week thanks of resignation notice week exit week resignation 2 key position week 2 letter key week
